still_image,source_catalog_entry,timestamp
cpb-aacip-058a21352e3_03765094_01235269_01235267.jpg,https://americanarchive.org/catalog/cpb-aacip-058a21352e3,00:20:35.267
cpb-aacip-058a21352e3_03765094_01260527_01260525.jpg,https://americanarchive.org/catalog/cpb-aacip-058a21352e3,00:21:00.525
cpb-aacip-058a21352e3_03765094_01307908_01307906.jpg,https://americanarchive.org/catalog/cpb-aacip-058a21352e3,00:21:47.906
cpb-aacip-058a21352e3_03765094_01441008_01441006.jpg,https://americanarchive.org/catalog/cpb-aacip-058a21352e3,00:24:01.006
cpb-aacip-058a21352e3_03765094_01480380_01480378.jpg,https://americanarchive.org/catalog/cpb-aacip-058a21352e3,00:24:40.378
cpb-aacip-058a21352e3_03765094_02417017_02417014.jpg,https://americanarchive.org/catalog/cpb-aacip-058a21352e3,00:40:17.014
cpb-aacip-058a21352e3_03765094_02454021_02454018.jpg,https://americanarchive.org/catalog/cpb-aacip-058a21352e3,00:40:54.018
cpb-aacip-058a21352e3_03765094_02472639_02472636.jpg,https://americanarchive.org/catalog/cpb-aacip-058a21352e3,00:41:12.636
cpb-aacip-058a21352e3_03765094_02490390_02490387.jpg,https://americanarchive.org/catalog/cpb-aacip-058a21352e3,00:41:30.387
cpb-aacip-058a21352e3_03765094_02529530_02529527.jpg,https://americanarchive.org/catalog/cpb-aacip-058a21352e3,00:42:09.527
cpb-aacip-058a21352e3_03765094_02549650_02549647.jpg,https://americanarchive.org/catalog/cpb-aacip-058a21352e3,00:42:29.647
cpb-aacip-058a21352e3_03765094_02566533_02566530.jpg,https://americanarchive.org/catalog/cpb-aacip-058a21352e3,00:42:46.530
cpb-aacip-058a21352e3_03765094_02610878_02610874.jpg,https://americanarchive.org/catalog/cpb-aacip-058a21352e3,00:43:30.874
cpb-aacip-058a21352e3_03765094_02665899_02665896.jpg,https://americanarchive.org/catalog/cpb-aacip-058a21352e3,00:44:25.896
cpb-aacip-058a21352e3_03765094_02684251_02684248.jpg,https://americanarchive.org/catalog/cpb-aacip-058a21352e3,00:44:44.248
cpb-aacip-058a21352e3_03765094_02741642_02741638.jpg,https://americanarchive.org/catalog/cpb-aacip-058a21352e3,00:45:41.638
cpb-aacip-058a21352e3_03765094_02759893_02759890.jpg,https://americanarchive.org/catalog/cpb-aacip-058a21352e3,00:45:59.890
cpb-aacip-058a21352e3_03765094_02845379_02845375.jpg,https://americanarchive.org/catalog/cpb-aacip-058a21352e3,00:47:25.375
cpb-aacip-058a21352e3_03765094_02946280_02946276.jpg,https://americanarchive.org/catalog/cpb-aacip-058a21352e3,00:49:06.276
cpb-aacip-058a21352e3_03765094_03019019_03019016.jpg,https://americanarchive.org/catalog/cpb-aacip-058a21352e3,00:50:19.016
cpb-aacip-058a21352e3_03765094_03037404_03037401.jpg,https://americanarchive.org/catalog/cpb-aacip-058a21352e3,00:50:37.401
cpb-aacip-058a21352e3_03765094_03107007_03107003.jpg,https://americanarchive.org/catalog/cpb-aacip-058a21352e3,00:51:47.003
cpb-aacip-058a21352e3_03765094_03122656_03122652.jpg,https://americanarchive.org/catalog/cpb-aacip-058a21352e3,00:52:02.652
cpb-aacip-058a21352e3_03765094_03228028_03228024.jpg,https://americanarchive.org/catalog/cpb-aacip-058a21352e3,00:53:48.024
cpb-aacip-058a21352e3_03765094_03254655_03254651.jpg,https://americanarchive.org/catalog/cpb-aacip-058a21352e3,00:54:14.651
cpb-aacip-058a21352e3_03765094_03329530_03329526.jpg,https://americanarchive.org/catalog/cpb-aacip-058a21352e3,00:55:29.526
cpb-aacip-058a21352e3_03765094_03359893_03359889.jpg,https://americanarchive.org/catalog/cpb-aacip-058a21352e3,00:55:59.889
cpb-aacip-058a21352e3_03765094_03375142_03375138.jpg,https://americanarchive.org/catalog/cpb-aacip-058a21352e3,00:56:15.138
cpb-aacip-225-0000006t_03780076_00923390_00923389.jpg,https://americanarchive.org/catalog/cpb-aacip-225-0000006t,00:15:23.389
cpb-aacip-225-0000006t_03780076_02383650_02383647.jpg,https://americanarchive.org/catalog/cpb-aacip-225-0000006t,00:39:43.647
cpb-aacip-225-0000006t_03780076_03134501_03134498.jpg,https://americanarchive.org/catalog/cpb-aacip-225-0000006t,00:52:14.498
cpb-aacip-225-0000006t_03780076_03515282_03515278.jpg,https://americanarchive.org/catalog/cpb-aacip-225-0000006t,00:58:35.278
cpb-aacip-225-01pg4ftd_01785183_00224758_00224757.jpg,https://americanarchive.org/catalog/cpb-aacip-225-01pg4ftd,00:03:44.757
cpb-aacip-225-01pg4ftd_01785183_00264264_00264264.jpg,https://americanarchive.org/catalog/cpb-aacip-225-01pg4ftd,00:04:24.264
cpb-aacip-225-01pg4ftd_01785183_00275876_00275875.jpg,https://americanarchive.org/catalog/cpb-aacip-225-01pg4ftd,00:04:35.875
cpb-aacip-225-01pg4ftd_01785183_00325392_00325391.jpg,https://americanarchive.org/catalog/cpb-aacip-225-01pg4ftd,00:05:25.391
cpb-aacip-225-01pg4ftd_01785183_00365399_00365398.jpg,https://americanarchive.org/catalog/cpb-aacip-225-01pg4ftd,00:06:05.398
cpb-aacip-225-01pg4ftd_01785183_00385519_00385518.jpg,https://americanarchive.org/catalog/cpb-aacip-225-01pg4ftd,00:06:25.518
cpb-aacip-225-01pg4ftd_01785183_00420020_00420019.jpg,https://americanarchive.org/catalog/cpb-aacip-225-01pg4ftd,00:07:00.019
cpb-aacip-225-01pg4ftd_01785183_00435269_00435268.jpg,https://americanarchive.org/catalog/cpb-aacip-225-01pg4ftd,00:07:15.268
cpb-aacip-225-01pg4ftd_01785183_00469136_00469135.jpg,https://americanarchive.org/catalog/cpb-aacip-225-01pg4ftd,00:07:49.135
cpb-aacip-225-01pg4ftd_01785183_00528028_00528027.jpg,https://americanarchive.org/catalog/cpb-aacip-225-01pg4ftd,00:08:48.027
cpb-aacip-225-01pg4ftd_01785183_00576877_00576876.jpg,https://americanarchive.org/catalog/cpb-aacip-225-01pg4ftd,00:09:36.876
cpb-aacip-225-01pg4ftd_01785183_00659526_00659525.jpg,https://americanarchive.org/catalog/cpb-aacip-225-01pg4ftd,00:10:59.525
cpb-aacip-225-01pg4ftd_01785183_00720020_00720019.jpg,https://americanarchive.org/catalog/cpb-aacip-225-01pg4ftd,00:12:00.019
cpb-aacip-225-01pg4ftd_01785183_00872406_00872404.jpg,https://americanarchive.org/catalog/cpb-aacip-225-01pg4ftd,00:14:32.404
cpb-aacip-225-01pg4ftd_01785183_00922523_00922521.jpg,https://americanarchive.org/catalog/cpb-aacip-225-01pg4ftd,00:15:22.521
cpb-aacip-225-01pg4ftd_01785183_01062529_01062528.jpg,https://americanarchive.org/catalog/cpb-aacip-225-01pg4ftd,00:17:42.528
cpb-aacip-225-01pg4ftd_01785183_01075008_01075007.jpg,https://americanarchive.org/catalog/cpb-aacip-225-01pg4ftd,00:17:55.007
cpb-aacip-225-01pg4ftd_01785183_01092259_01092257.jpg,https://americanarchive.org/catalog/cpb-aacip-225-01pg4ftd,00:18:12.257
cpb-aacip-225-01pg4ftd_01785183_01117885_01117883.jpg,https://americanarchive.org/catalog/cpb-aacip-225-01pg4ftd,00:18:37.883
cpb-aacip-225-01pg4ftd_01785183_01158525_01158524.jpg,https://americanarchive.org/catalog/cpb-aacip-225-01pg4ftd,00:19:18.524
cpb-aacip-225-01pg4ftd_01785183_01172406_01172404.jpg,https://americanarchive.org/catalog/cpb-aacip-225-01pg4ftd,00:19:32.404
cpb-aacip-225-01pg4ftd_01785183_01186153_01186151.jpg,https://americanarchive.org/catalog/cpb-aacip-225-01pg4ftd,00:19:46.151
cpb-aacip-225-01pg4ftd_01785183_01195262_01195260.jpg,https://americanarchive.org/catalog/cpb-aacip-225-01pg4ftd,00:19:55.260
cpb-aacip-225-01pg4ftd_01785183_01224525_01224523.jpg,https://americanarchive.org/catalog/cpb-aacip-225-01pg4ftd,00:20:24.523
cpb-aacip-225-01pg4ftd_01785183_01249883_01249881.jpg,https://americanarchive.org/catalog/cpb-aacip-225-01pg4ftd,00:20:49.881
cpb-aacip-225-01pg4ftd_01785183_01322523_01322521.jpg,https://americanarchive.org/catalog/cpb-aacip-225-01pg4ftd,00:22:02.521
cpb-aacip-225-01pg4ftd_01785183_01332032_01332030.jpg,https://americanarchive.org/catalog/cpb-aacip-225-01pg4ftd,00:22:12.030
cpb-aacip-225-01pg4ftd_01785183_01384518_01384516.jpg,https://americanarchive.org/catalog/cpb-aacip-225-01pg4ftd,00:23:04.516
cpb-aacip-225-01pg4ftd_01785183_01403003_01403001.jpg,https://americanarchive.org/catalog/cpb-aacip-225-01pg4ftd,00:23:23.001
cpb-aacip-225-01pg4ftd_01785183_01415883_01415881.jpg,https://americanarchive.org/catalog/cpb-aacip-225-01pg4ftd,00:23:35.881
cpb-aacip-225-01pg4ftd_01785183_01441008_01441006.jpg,https://americanarchive.org/catalog/cpb-aacip-225-01pg4ftd,00:24:01.006
cpb-aacip-225-01pg4ftd_01785183_01470270_01470268.jpg,https://americanarchive.org/catalog/cpb-aacip-225-01pg4ftd,00:24:30.268
cpb-aacip-225-01pg4ftd_01785183_01511879_01511877.jpg,https://americanarchive.org/catalog/cpb-aacip-225-01pg4ftd,00:25:11.877
cpb-aacip-225-01pg4ftd_01785183_01574274_01574272.jpg,https://americanarchive.org/catalog/cpb-aacip-225-01pg4ftd,00:26:14.272
cpb-aacip-225-01pg4ftd_01785183_01642142_01642140.jpg,https://americanarchive.org/catalog/cpb-aacip-225-01pg4ftd,00:27:22.140
cpb-aacip-225-02q5746p_03735798_02495395_02495392.jpg,https://americanarchive.org/catalog/cpb-aacip-225-02q5746p,00:41:35.392
cpb-aacip-225-0322813n_01737602_00270270_00270270.jpg,https://americanarchive.org/catalog/cpb-aacip-225-0322813n,00:04:30.270
cpb-aacip-225-0322813n_01737602_00710878_00710876.jpg,https://americanarchive.org/catalog/cpb-aacip-225-0322813n,00:11:50.876
cpb-aacip-225-0322813n_01737602_01067501_01067499.jpg,https://americanarchive.org/catalog/cpb-aacip-225-0322813n,00:17:47.499
cpb-aacip-225-0322813n_01737602_01253654_01253652.jpg,https://americanarchive.org/catalog/cpb-aacip-225-0322813n,00:20:53.652
cpb-aacip-225-0322813n_01737602_01369636_01369634.jpg,https://americanarchive.org/catalog/cpb-aacip-225-0322813n,00:22:49.634
cpb-aacip-225-0322813n_01737602_01384384_01384383.jpg,https://americanarchive.org/catalog/cpb-aacip-225-0322813n,00:23:04.383
cpb-aacip-225-0322813n_01737602_01400901_01400899.jpg,https://americanarchive.org/catalog/cpb-aacip-225-0322813n,00:23:20.899
cpb-aacip-225-04dnckn6_05000628_00605138_00605137.jpg,https://americanarchive.org/catalog/cpb-aacip-225-04dnckn6,00:10:05.137
cpb-aacip-225-04dnckn6_05000628_00645779_00645778.jpg,https://americanarchive.org/catalog/cpb-aacip-225-04dnckn6,00:10:45.778
cpb-aacip-225-04dnckn6_05000628_00922656_00922655.jpg,https://americanarchive.org/catalog/cpb-aacip-225-04dnckn6,00:15:22.655
cpb-aacip-225-04dnckn6_05000628_01161528_01161527.jpg,https://americanarchive.org/catalog/cpb-aacip-225-04dnckn6,00:19:21.527
cpb-aacip-225-04dnckn6_05000628_01250884_01250882.jpg,https://americanarchive.org/catalog/cpb-aacip-225-04dnckn6,00:20:50.882
cpb-aacip-225-04dnckn6_05000628_01743777_01743775.jpg,https://americanarchive.org/catalog/cpb-aacip-225-04dnckn6,00:29:03.775
cpb-aacip-225-04dnckn6_05000628_02200634_02200631.jpg,https://americanarchive.org/catalog/cpb-aacip-225-04dnckn6,00:36:40.631
cpb-aacip-225-04dnckn6_05000628_02526527_02526524.jpg,https://americanarchive.org/catalog/cpb-aacip-225-04dnckn6,00:42:06.524
cpb-aacip-225-04dnckn6_05000628_02867768_02867764.jpg,https://americanarchive.org/catalog/cpb-aacip-225-04dnckn6,00:47:47.764
cpb-aacip-225-04dnckn6_05000628_03443010_03443006.jpg,https://americanarchive.org/catalog/cpb-aacip-225-04dnckn6,00:57:23.006
cpb-aacip-225-04dnckn6_05000628_03627628_03627624.jpg,https://americanarchive.org/catalog/cpb-aacip-225-04dnckn6,01:00:27.624
cpb-aacip-225-04dnckn6_05000628_03813647_03813643.jpg,https://americanarchive.org/catalog/cpb-aacip-225-04dnckn6,01:03:33.643
cpb-aacip-225-04dnckn6_05000628_04545012_04545007.jpg,https://americanarchive.org/catalog/cpb-aacip-225-04dnckn6,01:15:45.007
cpb-aacip-225-05fbg826_01918049_00301001_00301000.jpg,https://americanarchive.org/catalog/cpb-aacip-225-05fbg826,00:05:01.000
cpb-aacip-225-05fbg826_01918049_00376643_00376642.jpg,https://americanarchive.org/catalog/cpb-aacip-225-05fbg826,00:06:16.642
cpb-aacip-225-05fbg826_01918049_00651151_00651150.jpg,https://americanarchive.org/catalog/cpb-aacip-225-05fbg826,00:10:51.150
cpb-aacip-225-05fbg826_01918049_00904505_00904503.jpg,https://americanarchive.org/catalog/cpb-aacip-225-05fbg826,00:15:04.503
cpb-aacip-225-05fbg826_01918049_01198265_01198263.jpg,https://americanarchive.org/catalog/cpb-aacip-225-05fbg826,00:19:58.263
cpb-aacip-225-05s7h4rk_01782247_00317885_00317884.jpg,https://americanarchive.org/catalog/cpb-aacip-225-05s7h4rk,00:05:17.884
cpb-aacip-225-05s7h4rk_01782247_00753520_00753519.jpg,https://americanarchive.org/catalog/cpb-aacip-225-05s7h4rk,00:12:33.519
cpb-aacip-225-05s7h4rk_01782247_00890157_00890155.jpg,https://americanarchive.org/catalog/cpb-aacip-225-05s7h4rk,00:14:50.155
cpb-aacip-225-05s7h4rk_01782247_01292626_01292624.jpg,https://americanarchive.org/catalog/cpb-aacip-225-05s7h4rk,00:21:32.624
cpb-aacip-225-06g1jxmr_01830128_00183016_00183016.jpg,https://americanarchive.org/catalog/cpb-aacip-225-06g1jxmr,00:03:03.016
cpb-aacip-225-06g1jxmr_01830128_00238505_00238504.jpg,https://americanarchive.org/catalog/cpb-aacip-225-06g1jxmr,00:03:58.504
cpb-aacip-225-06g1jxmr_01830128_00285152_00285151.jpg,https://americanarchive.org/catalog/cpb-aacip-225-06g1jxmr,00:04:45.151
cpb-aacip-225-06g1jxmr_01830128_00312145_00312145.jpg,https://americanarchive.org/catalog/cpb-aacip-225-06g1jxmr,00:05:12.145
cpb-aacip-225-06g1jxmr_01830128_00337271_00337270.jpg,https://americanarchive.org/catalog/cpb-aacip-225-06g1jxmr,00:05:37.270
cpb-aacip-225-06g1jxmr_01830128_00345879_00345878.jpg,https://americanarchive.org/catalog/cpb-aacip-225-06g1jxmr,00:05:45.878
cpb-aacip-225-06g1jxmr_01830128_00439907_00439906.jpg,https://americanarchive.org/catalog/cpb-aacip-225-06g1jxmr,00:07:19.906
cpb-aacip-225-06g1jxmr_01830128_00478645_00478644.jpg,https://americanarchive.org/catalog/cpb-aacip-225-06g1jxmr,00:07:58.644
cpb-aacip-225-06g1jxmr_01830128_00554655_00554654.jpg,https://americanarchive.org/catalog/cpb-aacip-225-06g1jxmr,00:09:14.654
cpb-aacip-225-06g1jxmr_01830128_00578779_00578778.jpg,https://americanarchive.org/catalog/cpb-aacip-225-06g1jxmr,00:09:38.778
cpb-aacip-225-06g1jxmr_01830128_00653520_00653519.jpg,https://americanarchive.org/catalog/cpb-aacip-225-06g1jxmr,00:10:53.519
cpb-aacip-225-06g1jxmr_01830128_00684885_00684884.jpg,https://americanarchive.org/catalog/cpb-aacip-225-06g1jxmr,00:11:24.884
cpb-aacip-225-06g1jxmr_01830128_00826527_00826525.jpg,https://americanarchive.org/catalog/cpb-aacip-225-06g1jxmr,00:13:46.525
cpb-aacip-225-06g1jxmr_01830128_00857524_00857523.jpg,https://americanarchive.org/catalog/cpb-aacip-225-06g1jxmr,00:14:17.523
cpb-aacip-225-06g1jxmr_01830128_00907140_00907139.jpg,https://americanarchive.org/catalog/cpb-aacip-225-06g1jxmr,00:15:07.139
cpb-aacip-225-06g1jxmr_01830128_00942142_00942141.jpg,https://americanarchive.org/catalog/cpb-aacip-225-06g1jxmr,00:15:42.141
cpb-aacip-225-06g1jxmr_01830128_00959893_00959892.jpg,https://americanarchive.org/catalog/cpb-aacip-225-06g1jxmr,00:15:59.892
cpb-aacip-225-06g1jxmr_01830128_01063263_01063262.jpg,https://americanarchive.org/catalog/cpb-aacip-225-06g1jxmr,00:17:43.262
cpb-aacip-225-06g1jxmr_01830128_01132399_01132397.jpg,https://americanarchive.org/catalog/cpb-aacip-225-06g1jxmr,00:18:52.397
cpb-aacip-225-06g1jxmr_01830128_01198765_01198764.jpg,https://americanarchive.org/catalog/cpb-aacip-225-06g1jxmr,00:19:58.764
cpb-aacip-225-06g1jxmr_01830128_01284751_01284750.jpg,https://americanarchive.org/catalog/cpb-aacip-225-06g1jxmr,00:21:24.750
cpb-aacip-225-06g1jxmr_01830128_01374274_01374272.jpg,https://americanarchive.org/catalog/cpb-aacip-225-06g1jxmr,00:22:54.272
cpb-aacip-225-06g1jxmr_01830128_01635269_01635266.jpg,https://americanarchive.org/catalog/cpb-aacip-225-06g1jxmr,00:27:15.266
cpb-aacip-225-06g1jxmr_01830128_01697030_01697028.jpg,https://americanarchive.org/catalog/cpb-aacip-225-06g1jxmr,00:28:17.028
cpb-aacip-225-07gqnm4b_01221220_00144378_00144377.jpg,https://americanarchive.org/catalog/cpb-aacip-225-07gqnm4b,00:02:24.377
cpb-aacip-225-07tmpgw5_01752851_00247014_00247013.jpg,https://americanarchive.org/catalog/cpb-aacip-225-07tmpgw5,00:04:07.013
cpb-aacip-225-07tmpgw5_01752851_00632032_00632031.jpg,https://americanarchive.org/catalog/cpb-aacip-225-07tmpgw5,00:10:32.031
cpb-aacip-225-07tmpgw5_01752851_01475375_01475373.jpg,https://americanarchive.org/catalog/cpb-aacip-225-07tmpgw5,00:24:35.373
cpb-aacip-225-085hqd9p_01785316_00134635_00134634.jpg,https://americanarchive.org/catalog/cpb-aacip-225-085hqd9p,00:02:14.634
cpb-aacip-225-085hqd9p_01785316_00207407_00207407.jpg,https://americanarchive.org/catalog/cpb-aacip-225-085hqd9p,00:03:27.407
cpb-aacip-225-085hqd9p_01785316_00251385_00251384.jpg,https://americanarchive.org/catalog/cpb-aacip-225-085hqd9p,00:04:11.384
cpb-aacip-225-085hqd9p_01785316_00295529_00295528.jpg,https://americanarchive.org/catalog/cpb-aacip-225-085hqd9p,00:04:55.528
cpb-aacip-225-085hqd9p_01785316_00321255_00321254.jpg,https://americanarchive.org/catalog/cpb-aacip-225-085hqd9p,00:05:21.254
cpb-aacip-225-085hqd9p_01785316_00360127_00360126.jpg,https://americanarchive.org/catalog/cpb-aacip-225-085hqd9p,00:06:00.126
cpb-aacip-225-085hqd9p_01785316_00387020_00387019.jpg,https://americanarchive.org/catalog/cpb-aacip-225-085hqd9p,00:06:27.019
cpb-aacip-225-085hqd9p_01785316_00478645_00478644.jpg,https://americanarchive.org/catalog/cpb-aacip-225-085hqd9p,00:07:58.644
cpb-aacip-225-085hqd9p_01785316_00494895_00494894.jpg,https://americanarchive.org/catalog/cpb-aacip-225-085hqd9p,00:08:14.894
cpb-aacip-225-085hqd9p_01785316_00510511_00510510.jpg,https://americanarchive.org/catalog/cpb-aacip-225-085hqd9p,00:08:30.510
cpb-aacip-225-085hqd9p_01785316_00526627_00526626.jpg,https://americanarchive.org/catalog/cpb-aacip-225-085hqd9p,00:08:46.626
cpb-aacip-225-085hqd9p_01785316_00536770_00536769.jpg,https://americanarchive.org/catalog/cpb-aacip-225-085hqd9p,00:08:56.769
cpb-aacip-225-085hqd9p_01785316_00561395_00561394.jpg,https://americanarchive.org/catalog/cpb-aacip-225-085hqd9p,00:09:21.394
cpb-aacip-225-085hqd9p_01785316_00579880_00579879.jpg,https://americanarchive.org/catalog/cpb-aacip-225-085hqd9p,00:09:39.879
cpb-aacip-225-085hqd9p_01785316_00622389_00622388.jpg,https://americanarchive.org/catalog/cpb-aacip-225-085hqd9p,00:10:22.388
cpb-aacip-225-085hqd9p_01785316_00673507_00673506.jpg,https://americanarchive.org/catalog/cpb-aacip-225-085hqd9p,00:11:13.506
cpb-aacip-225-085hqd9p_01785316_00763397_00763395.jpg,https://americanarchive.org/catalog/cpb-aacip-225-085hqd9p,00:12:43.395
cpb-aacip-225-085hqd9p_01785316_00965132_00965130.jpg,https://americanarchive.org/catalog/cpb-aacip-225-085hqd9p,00:16:05.130
cpb-aacip-225-085hqd9p_01785316_01045012_01045010.jpg,https://americanarchive.org/catalog/cpb-aacip-225-085hqd9p,00:17:25.010
cpb-aacip-225-085hqd9p_01785316_01091658_01091657.jpg,https://americanarchive.org/catalog/cpb-aacip-225-085hqd9p,00:18:11.657
cpb-aacip-225-085hqd9p_01785316_01110377_01110375.jpg,https://americanarchive.org/catalog/cpb-aacip-225-085hqd9p,00:18:30.375
cpb-aacip-225-085hqd9p_01785316_01140641_01140639.jpg,https://americanarchive.org/catalog/cpb-aacip-225-085hqd9p,00:19:00.639
cpb-aacip-225-085hqd9p_01785316_01214381_01214379.jpg,https://americanarchive.org/catalog/cpb-aacip-225-085hqd9p,00:20:14.379
cpb-aacip-225-085hqd9p_01785316_01241408_01241406.jpg,https://americanarchive.org/catalog/cpb-aacip-225-085hqd9p,00:20:41.406
cpb-aacip-225-085hqd9p_01785316_01318886_01318884.jpg,https://americanarchive.org/catalog/cpb-aacip-225-085hqd9p,00:21:58.884
cpb-aacip-225-085hqd9p_01785316_01358759_01358757.jpg,https://americanarchive.org/catalog/cpb-aacip-225-085hqd9p,00:22:38.757
cpb-aacip-225-085hqd9p_01785316_01383650_01383648.jpg,https://americanarchive.org/catalog/cpb-aacip-225-085hqd9p,00:23:03.648
cpb-aacip-225-085hqd9p_01785316_01506406_01506404.jpg,https://americanarchive.org/catalog/cpb-aacip-225-085hqd9p,00:25:06.404
cpb-aacip-225-08v9s5s9_01944609_00101902_00101901.jpg,https://americanarchive.org/catalog/cpb-aacip-225-08v9s5s9,00:01:41.901
cpb-aacip-225-08v9s5s9_01944609_00235769_00235768.jpg,https://americanarchive.org/catalog/cpb-aacip-225-08v9s5s9,00:03:55.768
cpb-aacip-225-08v9s5s9_01944609_00285652_00285652.jpg,https://americanarchive.org/catalog/cpb-aacip-225-08v9s5s9,00:04:45.652
cpb-aacip-225-08v9s5s9_01944609_00389523_00389522.jpg,https://americanarchive.org/catalog/cpb-aacip-225-08v9s5s9,00:06:29.522
cpb-aacip-225-08v9s5s9_01944609_00413380_00413379.jpg,https://americanarchive.org/catalog/cpb-aacip-225-08v9s5s9,00:06:53.379
cpb-aacip-225-08v9s5s9_01944609_00513780_00513779.jpg,https://americanarchive.org/catalog/cpb-aacip-225-08v9s5s9,00:08:33.779
cpb-aacip-225-08v9s5s9_01944609_00573774_00573773.jpg,https://americanarchive.org/catalog/cpb-aacip-225-08v9s5s9,00:09:33.773
cpb-aacip-225-08v9s5s9_01944609_00641275_00641273.jpg,https://americanarchive.org/catalog/cpb-aacip-225-08v9s5s9,00:10:41.273
cpb-aacip-225-08v9s5s9_01944609_00691391_00691390.jpg,https://americanarchive.org/catalog/cpb-aacip-225-08v9s5s9,00:11:31.390
cpb-aacip-225-08v9s5s9_01944609_00813013_00813012.jpg,https://americanarchive.org/catalog/cpb-aacip-225-08v9s5s9,00:13:33.012
cpb-aacip-225-08v9s5s9_01944609_00951385_00951383.jpg,https://americanarchive.org/catalog/cpb-aacip-225-08v9s5s9,00:15:51.383
cpb-aacip-225-08v9s5s9_01944609_00980514_00980512.jpg,https://americanarchive.org/catalog/cpb-aacip-225-08v9s5s9,00:16:20.512
cpb-aacip-225-08v9s5s9_01944609_01011378_01011377.jpg,https://americanarchive.org/catalog/cpb-aacip-225-08v9s5s9,00:16:51.377
cpb-aacip-225-08v9s5s9_01944609_01040407_01040406.jpg,https://americanarchive.org/catalog/cpb-aacip-225-08v9s5s9,00:17:20.406
cpb-aacip-225-08v9s5s9_01944609_01093026_01093025.jpg,https://americanarchive.org/catalog/cpb-aacip-225-08v9s5s9,00:18:13.025
cpb-aacip-225-08v9s5s9_01944609_01176009_01176008.jpg,https://americanarchive.org/catalog/cpb-aacip-225-08v9s5s9,00:19:36.008
cpb-aacip-225-08v9s5s9_01944609_01250651_01250649.jpg,https://americanarchive.org/catalog/cpb-aacip-225-08v9s5s9,00:20:50.649
cpb-aacip-225-08v9s5s9_01944609_01512779_01512777.jpg,https://americanarchive.org/catalog/cpb-aacip-225-08v9s5s9,00:25:12.777
cpb-aacip-225-08v9s5s9_01944609_01566033_01566031.jpg,https://americanarchive.org/catalog/cpb-aacip-225-08v9s5s9,00:26:06.031
cpb-aacip-225-08v9s5s9_01944609_01605772_01605770.jpg,https://americanarchive.org/catalog/cpb-aacip-225-08v9s5s9,00:26:45.770
cpb-aacip-225-08v9s5s9_01944609_01616750_01616748.jpg,https://americanarchive.org/catalog/cpb-aacip-225-08v9s5s9,00:26:56.748
cpb-aacip-225-08v9s5s9_01944609_01628896_01628893.jpg,https://americanarchive.org/catalog/cpb-aacip-225-08v9s5s9,00:27:08.893
cpb-aacip-225-08v9s5s9_01944609_01664765_01664763.jpg,https://americanarchive.org/catalog/cpb-aacip-225-08v9s5s9,00:27:44.763
cpb-aacip-225-08v9s5s9_01944609_01681515_01681513.jpg,https://americanarchive.org/catalog/cpb-aacip-225-08v9s5s9,00:28:01.513
cpb-aacip-225-09j3tzbz_01589988_00099900_00099899.jpg,https://americanarchive.org/catalog/cpb-aacip-225-09j3tzbz,00:01:39.899
cpb-aacip-225-09j3tzbz_01589988_00281515_00281514.jpg,https://americanarchive.org/catalog/cpb-aacip-225-09j3tzbz,00:04:41.514
cpb-aacip-225-09j3tzbz_01589988_00326260_00326259.jpg,https://americanarchive.org/catalog/cpb-aacip-225-09j3tzbz,00:05:26.259
cpb-aacip-225-09j3tzbz_01589988_00613647_00613646.jpg,https://americanarchive.org/catalog/cpb-aacip-225-09j3tzbz,00:10:13.646
cpb-aacip-225-09j3tzbz_01589988_00907407_00907406.jpg,https://americanarchive.org/catalog/cpb-aacip-225-09j3tzbz,00:15:07.406
cpb-aacip-225-09j3tzbz_01589988_01181148_01181146.jpg,https://americanarchive.org/catalog/cpb-aacip-225-09j3tzbz,00:19:41.146
cpb-aacip-225-09j3tzbz_01589988_01196129_01196128.jpg,https://americanarchive.org/catalog/cpb-aacip-225-09j3tzbz,00:19:56.128
cpb-aacip-225-106wwr7x_01697228_00186386_00186386.jpg,https://americanarchive.org/catalog/cpb-aacip-225-106wwr7x,00:03:06.386
cpb-aacip-225-10wpzhs0_03621317_00346280_00346279.jpg,https://americanarchive.org/catalog/cpb-aacip-225-10wpzhs0,00:05:46.279
cpb-aacip-225-10wpzhs0_03621317_00376510_00376509.jpg,https://americanarchive.org/catalog/cpb-aacip-225-10wpzhs0,00:06:16.509
cpb-aacip-225-10wpzhs0_03621317_00525025_00525024.jpg,https://americanarchive.org/catalog/cpb-aacip-225-10wpzhs0,00:08:45.024
cpb-aacip-225-10wpzhs0_03621317_00557391_00557390.jpg,https://americanarchive.org/catalog/cpb-aacip-225-10wpzhs0,00:09:17.390
cpb-aacip-225-10wpzhs0_03621317_00596630_00596629.jpg,https://americanarchive.org/catalog/cpb-aacip-225-10wpzhs0,00:09:56.629
cpb-aacip-225-10wpzhs0_03621317_00708141_00708140.jpg,https://americanarchive.org/catalog/cpb-aacip-225-10wpzhs0,00:11:48.140
cpb-aacip-225-10wpzhs0_03621317_00789022_00789021.jpg,https://americanarchive.org/catalog/cpb-aacip-225-10wpzhs0,00:13:09.021
cpb-aacip-225-10wpzhs0_03621317_00904905_00904904.jpg,https://americanarchive.org/catalog/cpb-aacip-225-10wpzhs0,00:15:04.904
cpb-aacip-225-10wpzhs0_03621317_00939506_00939505.jpg,https://americanarchive.org/catalog/cpb-aacip-225-10wpzhs0,00:15:39.505
cpb-aacip-225-10wpzhs0_03621317_00974908_00974907.jpg,https://americanarchive.org/catalog/cpb-aacip-225-10wpzhs0,00:16:14.907
cpb-aacip-225-10wpzhs0_03621317_00991525_00991523.jpg,https://americanarchive.org/catalog/cpb-aacip-225-10wpzhs0,00:16:31.523
cpb-aacip-225-10wpzhs0_03621317_01010777_01010776.jpg,https://americanarchive.org/catalog/cpb-aacip-225-10wpzhs0,00:16:50.776
cpb-aacip-225-10wpzhs0_03621317_01140007_01140005.jpg,https://americanarchive.org/catalog/cpb-aacip-225-10wpzhs0,00:19:00.005
cpb-aacip-225-10wpzhs0_03621317_01384518_01384516.jpg,https://americanarchive.org/catalog/cpb-aacip-225-10wpzhs0,00:23:04.516
cpb-aacip-225-10wpzhs0_03621317_01869269_01869267.jpg,https://americanarchive.org/catalog/cpb-aacip-225-10wpzhs0,00:31:09.267
cpb-aacip-225-117m0dnv_01711843_00233500_00233499.jpg,https://americanarchive.org/catalog/cpb-aacip-225-117m0dnv,00:03:53.499
cpb-aacip-225-117m0dnv_01711843_00501768_00501767.jpg,https://americanarchive.org/catalog/cpb-aacip-225-117m0dnv,00:08:21.767
cpb-aacip-225-117m0dnv_01711843_01250517_01250515.jpg,https://americanarchive.org/catalog/cpb-aacip-225-117m0dnv,00:20:50.515
cpb-aacip-225-12z34w2c_03826756_00188155_00188154.jpg,https://americanarchive.org/catalog/cpb-aacip-225-12z34w2c,00:03:08.154
cpb-aacip-225-12z34w2c_03826756_00525759_00525758.jpg,https://americanarchive.org/catalog/cpb-aacip-225-12z34w2c,00:08:45.758
cpb-aacip-225-12z34w2c_03826756_00686019_00686018.jpg,https://americanarchive.org/catalog/cpb-aacip-225-12z34w2c,00:11:26.018
cpb-aacip-225-12z34w2c_03826756_00701268_00701267.jpg,https://americanarchive.org/catalog/cpb-aacip-225-12z34w2c,00:11:41.267
cpb-aacip-225-12z34w2c_03826756_00790390_00790389.jpg,https://americanarchive.org/catalog/cpb-aacip-225-12z34w2c,00:13:10.389
cpb-aacip-225-12z34w2c_03826756_01000400_01000399.jpg,https://americanarchive.org/catalog/cpb-aacip-225-12z34w2c,00:16:40.399
cpb-aacip-225-12z34w2c_03826756_01176009_01176008.jpg,https://americanarchive.org/catalog/cpb-aacip-225-12z34w2c,00:19:36.008
cpb-aacip-225-12z34w2c_03826756_01269403_01269401.jpg,https://americanarchive.org/catalog/cpb-aacip-225-12z34w2c,00:21:09.401
cpb-aacip-225-12z34w2c_03826756_01355389_01355387.jpg,https://americanarchive.org/catalog/cpb-aacip-225-12z34w2c,00:22:35.387
cpb-aacip-225-12z34w2c_03826756_01751151_01751149.jpg,https://americanarchive.org/catalog/cpb-aacip-225-12z34w2c,00:29:11.149
cpb-aacip-225-12z34w2c_03826756_02154888_02154886.jpg,https://americanarchive.org/catalog/cpb-aacip-225-12z34w2c,00:35:54.886
cpb-aacip-225-12z34w2c_03826756_02271505_02271502.jpg,https://americanarchive.org/catalog/cpb-aacip-225-12z34w2c,00:37:51.502
cpb-aacip-225-12z34w2c_03826756_02903904_02903901.jpg,https://americanarchive.org/catalog/cpb-aacip-225-12z34w2c,00:48:23.901
cpb-aacip-225-12z34wcw_01815180_00176376_00176376.jpg,https://americanarchive.org/catalog/cpb-aacip-225-12z34wcw,00:02:56.376
cpb-aacip-225-12z34wcw_01815180_00190757_00190757.jpg,https://americanarchive.org/catalog/cpb-aacip-225-12z34wcw,00:03:10.757
cpb-aacip-225-12z34wcw_01815180_00212646_00212645.jpg,https://americanarchive.org/catalog/cpb-aacip-225-12z34wcw,00:03:32.645
cpb-aacip-225-12z34wcw_01815180_00264531_00264530.jpg,https://americanarchive.org/catalog/cpb-aacip-225-12z34wcw,00:04:24.530
cpb-aacip-225-12z34wcw_01815180_00283650_00283650.jpg,https://americanarchive.org/catalog/cpb-aacip-225-12z34wcw,00:04:43.650
cpb-aacip-225-12z34wcw_01815180_00305138_00305138.jpg,https://americanarchive.org/catalog/cpb-aacip-225-12z34wcw,00:05:05.138
cpb-aacip-225-12z34wcw_01815180_00335502_00335501.jpg,https://americanarchive.org/catalog/cpb-aacip-225-12z34wcw,00:05:35.501
cpb-aacip-225-12z34wcw_01815180_00347281_00347280.jpg,https://americanarchive.org/catalog/cpb-aacip-225-12z34wcw,00:05:47.280
cpb-aacip-225-12z34wcw_01815180_00369269_00369268.jpg,https://americanarchive.org/catalog/cpb-aacip-225-12z34wcw,00:06:09.268
cpb-aacip-225-12z34wcw_01815180_00449783_00449782.jpg,https://americanarchive.org/catalog/cpb-aacip-225-12z34wcw,00:07:29.782
cpb-aacip-225-12z34wcw_01815180_00510511_00510510.jpg,https://americanarchive.org/catalog/cpb-aacip-225-12z34wcw,00:08:30.510
cpb-aacip-225-12z34wcw_01815180_00548782_00548781.jpg,https://americanarchive.org/catalog/cpb-aacip-225-12z34wcw,00:09:08.781
cpb-aacip-225-12z34wcw_01815180_00589890_00589889.jpg,https://americanarchive.org/catalog/cpb-aacip-225-12z34wcw,00:09:49.889
cpb-aacip-225-12z34wcw_01815180_00697898_00697897.jpg,https://americanarchive.org/catalog/cpb-aacip-225-12z34wcw,00:11:37.897
cpb-aacip-225-12z34wcw_01815180_00730531_00730529.jpg,https://americanarchive.org/catalog/cpb-aacip-225-12z34wcw,00:12:10.529
cpb-aacip-225-12z34wcw_01815180_01013280_01013278.jpg,https://americanarchive.org/catalog/cpb-aacip-225-12z34wcw,00:16:53.278
cpb-aacip-225-12z34wcw_01815180_01045512_01045511.jpg,https://americanarchive.org/catalog/cpb-aacip-225-12z34wcw,00:17:25.511
cpb-aacip-225-12z34wcw_01815180_01068769_01068767.jpg,https://americanarchive.org/catalog/cpb-aacip-225-12z34wcw,00:17:48.767
cpb-aacip-225-12z34wcw_01815180_01102269_01102267.jpg,https://americanarchive.org/catalog/cpb-aacip-225-12z34wcw,00:18:22.267
cpb-aacip-225-12z34wcw_01815180_01121755_01121753.jpg,https://americanarchive.org/catalog/cpb-aacip-225-12z34wcw,00:18:41.753
cpb-aacip-225-12z34wcw_01815180_01184017_01184016.jpg,https://americanarchive.org/catalog/cpb-aacip-225-12z34wcw,00:19:44.016
cpb-aacip-225-12z34wcw_01815180_01249149_01249147.jpg,https://americanarchive.org/catalog/cpb-aacip-225-12z34wcw,00:20:49.147
cpb-aacip-225-12z34wcw_01815180_01330631_01330629.jpg,https://americanarchive.org/catalog/cpb-aacip-225-12z34wcw,00:22:10.629
cpb-aacip-225-12z34wcw_01815180_01424024_01424022.jpg,https://americanarchive.org/catalog/cpb-aacip-225-12z34wcw,00:23:44.022
cpb-aacip-225-12z34wcw_01815180_01454021_01454019.jpg,https://americanarchive.org/catalog/cpb-aacip-225-12z34wcw,00:24:14.019
cpb-aacip-225-12z34wcw_01815180_01570771_01570769.jpg,https://americanarchive.org/catalog/cpb-aacip-225-12z34wcw,00:26:10.769
cpb-aacip-225-12z34wcw_01815180_01702769_01702767.jpg,https://americanarchive.org/catalog/cpb-aacip-225-12z34wcw,00:28:22.767
cpb-aacip-225-13mw6nw6_01731396_00098632_00098631.jpg,https://americanarchive.org/catalog/cpb-aacip-225-13mw6nw6,00:01:38.631
cpb-aacip-225-13mw6nw6_01731396_00620020_00620019.jpg,https://americanarchive.org/catalog/cpb-aacip-225-13mw6nw6,00:10:20.019
cpb-aacip-225-13mw6nw6_01731396_01109276_01109274.jpg,https://americanarchive.org/catalog/cpb-aacip-225-13mw6nw6,00:18:29.274
cpb-aacip-225-15bcc3x8_01679310_00245145_00245144.jpg,https://americanarchive.org/catalog/cpb-aacip-225-15bcc3x8,00:04:05.144
cpb-aacip-225-15bcc3x8_01679310_00640507_00640506.jpg,https://americanarchive.org/catalog/cpb-aacip-225-15bcc3x8,00:10:40.506
cpb-aacip-225-15bcc3x8_01679310_00985886_00985884.jpg,https://americanarchive.org/catalog/cpb-aacip-225-15bcc3x8,00:16:25.884
cpb-aacip-225-15bcc3x8_01679310_01348649_01348647.jpg,https://americanarchive.org/catalog/cpb-aacip-225-15bcc3x8,00:22:28.647
cpb-aacip-225-16c2fsn4_01156321_00138505_00138505.jpg,https://americanarchive.org/catalog/cpb-aacip-225-16c2fsn4,00:02:18.505
cpb-aacip-225-16c2fsn4_01156321_00370504_00370503.jpg,https://americanarchive.org/catalog/cpb-aacip-225-16c2fsn4,00:06:10.503
cpb-aacip-225-16pzgpgh_01230629_00123156_00123156.jpg,https://americanarchive.org/catalog/cpb-aacip-225-16pzgpgh,00:02:03.156
cpb-aacip-225-16pzgpgh_01230629_00350150_00350149.jpg,https://americanarchive.org/catalog/cpb-aacip-225-16pzgpgh,00:05:50.149
cpb-aacip-225-17crjg75_01710675_00299266_00299265.jpg,https://americanarchive.org/catalog/cpb-aacip-225-17crjg75,00:04:59.265
cpb-aacip-225-17crjg75_01710675_00579279_00579278.jpg,https://americanarchive.org/catalog/cpb-aacip-225-17crjg75,00:09:39.278
cpb-aacip-225-17crjg75_01710675_00902903_00902902.jpg,https://americanarchive.org/catalog/cpb-aacip-225-17crjg75,00:15:02.902
cpb-aacip-225-17crjg75_01710675_01265532_01265530.jpg,https://americanarchive.org/catalog/cpb-aacip-225-17crjg75,00:21:05.530
cpb-aacip-225-182jm7v7_01783081_00231031_00231030.jpg,https://americanarchive.org/catalog/cpb-aacip-225-182jm7v7,00:03:51.030
cpb-aacip-225-182jm7v7_01783081_00625893_00625891.jpg,https://americanarchive.org/catalog/cpb-aacip-225-182jm7v7,00:10:25.891
cpb-aacip-225-182jm7v7_01783081_01140641_01140639.jpg,https://americanarchive.org/catalog/cpb-aacip-225-182jm7v7,00:19:00.639
cpb-aacip-225-182jm7v7_01783081_01319520_01319518.jpg,https://americanarchive.org/catalog/cpb-aacip-225-182jm7v7,00:21:59.518
cpb-aacip-225-20ftth6f_01930395_00105506_00105505.jpg,https://americanarchive.org/catalog/cpb-aacip-225-20ftth6f,00:01:45.505
cpb-aacip-225-20ftth6f_01930395_00202135_00202135.jpg,https://americanarchive.org/catalog/cpb-aacip-225-20ftth6f,00:03:22.135
cpb-aacip-225-20ftth6f_01930395_00230764_00230763.jpg,https://americanarchive.org/catalog/cpb-aacip-225-20ftth6f,00:03:50.763
cpb-aacip-225-20ftth6f_01930395_00248282_00248281.jpg,https://americanarchive.org/catalog/cpb-aacip-225-20ftth6f,00:04:08.281
cpb-aacip-225-20ftth6f_01930395_00301001_00301000.jpg,https://americanarchive.org/catalog/cpb-aacip-225-20ftth6f,00:05:01.000
cpb-aacip-225-20ftth6f_01930395_00321522_00321521.jpg,https://americanarchive.org/catalog/cpb-aacip-225-20ftth6f,00:05:21.521
cpb-aacip-225-20ftth6f_01930395_00360027_00360026.jpg,https://americanarchive.org/catalog/cpb-aacip-225-20ftth6f,00:06:00.026
cpb-aacip-225-20ftth6f_01930395_00437504_00437503.jpg,https://americanarchive.org/catalog/cpb-aacip-225-20ftth6f,00:07:17.503
cpb-aacip-225-20ftth6f_01930395_00494528_00494527.jpg,https://americanarchive.org/catalog/cpb-aacip-225-20ftth6f,00:08:14.527
cpb-aacip-225-20ftth6f_01930395_00532900_00532899.jpg,https://americanarchive.org/catalog/cpb-aacip-225-20ftth6f,00:08:52.899
cpb-aacip-225-20ftth6f_01930395_00598632_00598631.jpg,https://americanarchive.org/catalog/cpb-aacip-225-20ftth6f,00:09:58.631
cpb-aacip-225-20ftth6f_01930395_00640774_00640773.jpg,https://americanarchive.org/catalog/cpb-aacip-225-20ftth6f,00:10:40.773
cpb-aacip-225-20ftth6f_01930395_00884751_00884750.jpg,https://americanarchive.org/catalog/cpb-aacip-225-20ftth6f,00:14:44.750
cpb-aacip-225-20ftth6f_01930395_01021755_01021754.jpg,https://americanarchive.org/catalog/cpb-aacip-225-20ftth6f,00:17:01.754
cpb-aacip-225-20ftth6f_01930395_01082883_01082881.jpg,https://americanarchive.org/catalog/cpb-aacip-225-20ftth6f,00:18:02.881
cpb-aacip-225-20ftth6f_01930395_01136003_01136001.jpg,https://americanarchive.org/catalog/cpb-aacip-225-20ftth6f,00:18:56.001
cpb-aacip-225-20ftth6f_01930395_01183016_01183015.jpg,https://americanarchive.org/catalog/cpb-aacip-225-20ftth6f,00:19:43.015
cpb-aacip-225-20ftth6f_01930395_01221522_01221520.jpg,https://americanarchive.org/catalog/cpb-aacip-225-20ftth6f,00:20:21.520
cpb-aacip-225-20ftth6f_01930395_01239006_01239004.jpg,https://americanarchive.org/catalog/cpb-aacip-225-20ftth6f,00:20:39.004
cpb-aacip-225-20ftth6f_01930395_01264398_01264396.jpg,https://americanarchive.org/catalog/cpb-aacip-225-20ftth6f,00:21:04.396
cpb-aacip-225-20ftth6f_01930395_01287154_01287152.jpg,https://americanarchive.org/catalog/cpb-aacip-225-20ftth6f,00:21:27.152
cpb-aacip-225-20ftth6f_01930395_01308141_01308140.jpg,https://americanarchive.org/catalog/cpb-aacip-225-20ftth6f,00:21:48.140
cpb-aacip-225-20ftth6f_01930395_01332266_01332264.jpg,https://americanarchive.org/catalog/cpb-aacip-225-20ftth6f,00:22:12.264
cpb-aacip-225-20ftth6f_01930395_01363630_01363628.jpg,https://americanarchive.org/catalog/cpb-aacip-225-20ftth6f,00:22:43.628
cpb-aacip-225-20ftth6f_01930395_01396897_01396895.jpg,https://americanarchive.org/catalog/cpb-aacip-225-20ftth6f,00:23:16.895
cpb-aacip-225-20ftth6f_01930395_01512646_01512644.jpg,https://americanarchive.org/catalog/cpb-aacip-225-20ftth6f,00:25:12.644
cpb-aacip-225-20ftth6f_01930395_01529396_01529394.jpg,https://americanarchive.org/catalog/cpb-aacip-225-20ftth6f,00:25:29.394
cpb-aacip-225-20ftth6f_01930395_01640507_01640505.jpg,https://americanarchive.org/catalog/cpb-aacip-225-20ftth6f,00:27:20.505
cpb-aacip-225-20ftth6f_01930395_01689656_01689654.jpg,https://americanarchive.org/catalog/cpb-aacip-225-20ftth6f,00:28:09.654
cpb-aacip-225-20sqvcsn_01855320_00137504_00137504.jpg,https://americanarchive.org/catalog/cpb-aacip-225-20sqvcsn,00:02:17.504
cpb-aacip-225-20sqvcsn_01855320_00155022_00155021.jpg,https://americanarchive.org/catalog/cpb-aacip-225-20sqvcsn,00:02:35.021
cpb-aacip-225-20sqvcsn_01855320_00266133_00266132.jpg,https://americanarchive.org/catalog/cpb-aacip-225-20sqvcsn,00:04:26.132
cpb-aacip-225-20sqvcsn_01855320_00402135_00402135.jpg,https://americanarchive.org/catalog/cpb-aacip-225-20sqvcsn,00:06:42.135
cpb-aacip-225-20sqvcsn_01855320_00696530_00696529.jpg,https://americanarchive.org/catalog/cpb-aacip-225-20sqvcsn,00:11:36.529
cpb-aacip-225-20sqvcsn_01855320_00763130_00763129.jpg,https://americanarchive.org/catalog/cpb-aacip-225-20sqvcsn,00:12:43.129
cpb-aacip-225-20sqvcsn_01855320_01283517_01283515.jpg,https://americanarchive.org/catalog/cpb-aacip-225-20sqvcsn,00:21:23.515
cpb-aacip-225-20sqvcsn_01855320_01310511_01310509.jpg,https://americanarchive.org/catalog/cpb-aacip-225-20sqvcsn,00:21:50.509
cpb-aacip-225-21tdz2bj_01658957_00547281_00547280.jpg,https://americanarchive.org/catalog/cpb-aacip-225-21tdz2bj,00:09:07.280
cpb-aacip-225-21tdz2bj_01658957_01271405_01271403.jpg,https://americanarchive.org/catalog/cpb-aacip-225-21tdz2bj,00:21:11.403
cpb-aacip-225-2259zz64_01743208_00237137_00237136.jpg,https://americanarchive.org/catalog/cpb-aacip-225-2259zz64,00:03:57.136
cpb-aacip-225-2259zz64_01743208_00574007_00574006.jpg,https://americanarchive.org/catalog/cpb-aacip-225-2259zz64,00:09:34.006
cpb-aacip-225-2259zz64_01743208_00881014_00881013.jpg,https://americanarchive.org/catalog/cpb-aacip-225-2259zz64,00:14:41.013
cpb-aacip-225-2259zz64_01743208_01217150_01217149.jpg,https://americanarchive.org/catalog/cpb-aacip-225-2259zz64,00:20:17.149
cpb-aacip-225-22h70v35_01780512_00107774_00107774.jpg,https://americanarchive.org/catalog/cpb-aacip-225-22h70v35,00:01:47.774
cpb-aacip-225-22h70v35_01780512_00242142_00242141.jpg,https://americanarchive.org/catalog/cpb-aacip-225-22h70v35,00:04:02.141
cpb-aacip-225-22h70v35_01780512_00770771_00770770.jpg,https://americanarchive.org/catalog/cpb-aacip-225-22h70v35,00:12:50.770
cpb-aacip-225-22h70v35_01780512_01324024_01324022.jpg,https://americanarchive.org/catalog/cpb-aacip-225-22h70v35,00:22:04.022
cpb-aacip-225-22v41rbt_03630360_00092759_00092759.jpg,https://americanarchive.org/catalog/cpb-aacip-225-22v41rbt,00:01:32.759
cpb-aacip-225-22v41rbt_03630360_01445779_01445777.jpg,https://americanarchive.org/catalog/cpb-aacip-225-22v41rbt,00:24:05.777
cpb-aacip-225-23612mxk_01799664_00099266_00099265.jpg,https://americanarchive.org/catalog/cpb-aacip-225-23612mxk,00:01:39.265
cpb-aacip-225-23612mxk_01799664_00262896_00262895.jpg,https://americanarchive.org/catalog/cpb-aacip-225-23612mxk,00:04:22.895
cpb-aacip-225-23612mxk_01799664_00628529_00628527.jpg,https://americanarchive.org/catalog/cpb-aacip-225-23612mxk,00:10:28.527
cpb-aacip-225-23612mxk_01799664_00887888_00887887.jpg,https://americanarchive.org/catalog/cpb-aacip-225-23612mxk,00:14:47.887
cpb-aacip-225-23612mxk_01799664_01082516_01082514.jpg,https://americanarchive.org/catalog/cpb-aacip-225-23612mxk,00:18:02.514
cpb-aacip-225-24wh7333_01725123_00235903_00235902.jpg,https://americanarchive.org/catalog/cpb-aacip-225-24wh7333,00:03:55.902
cpb-aacip-225-24wh7333_01725123_00620153_00620152.jpg,https://americanarchive.org/catalog/cpb-aacip-225-24wh7333,00:10:20.152
cpb-aacip-225-24wh7333_01725123_01291391_01291390.jpg,https://americanarchive.org/catalog/cpb-aacip-225-24wh7333,00:21:31.390
cpb-aacip-225-257d801s_01858389_00185018_00185018.jpg,https://americanarchive.org/catalog/cpb-aacip-225-257d801s,00:03:05.018
cpb-aacip-225-257d801s_01858389_00226527_00226526.jpg,https://americanarchive.org/catalog/cpb-aacip-225-257d801s,00:03:46.526
cpb-aacip-225-257d801s_01858389_00429129_00429128.jpg,https://americanarchive.org/catalog/cpb-aacip-225-257d801s,00:07:09.128
cpb-aacip-225-257d801s_01858389_00440774_00440773.jpg,https://americanarchive.org/catalog/cpb-aacip-225-257d801s,00:07:20.773
cpb-aacip-225-257d801s_01858389_00707407_00707406.jpg,https://americanarchive.org/catalog/cpb-aacip-225-257d801s,00:11:47.406
cpb-aacip-225-257d801s_01858389_00763764_00763763.jpg,https://americanarchive.org/catalog/cpb-aacip-225-257d801s,00:12:43.763
cpb-aacip-225-257d801s_01858389_00964898_00964897.jpg,https://americanarchive.org/catalog/cpb-aacip-225-257d801s,00:16:04.897
cpb-aacip-225-257d801s_01858389_01027761_01027760.jpg,https://americanarchive.org/catalog/cpb-aacip-225-257d801s,00:17:07.760
cpb-aacip-225-257d801s_01858389_01276510_01276508.jpg,https://americanarchive.org/catalog/cpb-aacip-225-257d801s,00:21:16.508
cpb-aacip-225-257d801s_01858389_01293260_01293258.jpg,https://americanarchive.org/catalog/cpb-aacip-225-257d801s,00:21:33.258
cpb-aacip-225-257d801s_01858389_01529396_01529394.jpg,https://americanarchive.org/catalog/cpb-aacip-225-257d801s,00:25:29.394
cpb-aacip-225-257d801s_01858389_01568902_01568900.jpg,https://americanarchive.org/catalog/cpb-aacip-225-257d801s,00:26:08.900
cpb-aacip-225-257d802h_01859090_00189256_00189255.jpg,https://americanarchive.org/catalog/cpb-aacip-225-257d802h,00:03:09.255
cpb-aacip-225-257d802h_01859090_00243510_00243509.jpg,https://americanarchive.org/catalog/cpb-aacip-225-257d802h,00:04:03.509
cpb-aacip-225-257d802h_01859090_00453253_00453252.jpg,https://americanarchive.org/catalog/cpb-aacip-225-257d802h,00:07:33.252
cpb-aacip-225-257d802h_01859090_00533634_00533633.jpg,https://americanarchive.org/catalog/cpb-aacip-225-257d802h,00:08:53.633
cpb-aacip-225-257d802h_01859090_00695028_00695027.jpg,https://americanarchive.org/catalog/cpb-aacip-225-257d802h,00:11:35.027
cpb-aacip-225-257d802h_01859090_00708008_00708007.jpg,https://americanarchive.org/catalog/cpb-aacip-225-257d802h,00:11:48.007
cpb-aacip-225-257d802h_01859090_00979513_00979511.jpg,https://americanarchive.org/catalog/cpb-aacip-225-257d802h,00:16:19.511
cpb-aacip-225-257d802h_01859090_01010511_01010509.jpg,https://americanarchive.org/catalog/cpb-aacip-225-257d802h,00:16:50.509
cpb-aacip-225-257d802h_01859090_01186653_01186652.jpg,https://americanarchive.org/catalog/cpb-aacip-225-257d802h,00:19:46.652
cpb-aacip-225-257d802h_01859090_01269503_01269501.jpg,https://americanarchive.org/catalog/cpb-aacip-225-257d802h,00:21:09.501
cpb-aacip-225-257d802h_01859090_01592125_01592123.jpg,https://americanarchive.org/catalog/cpb-aacip-225-257d802h,00:26:32.123
cpb-aacip-225-257d802h_01859090_01641141_01641139.jpg,https://americanarchive.org/catalog/cpb-aacip-225-257d802h,00:27:21.139
cpb-aacip-225-2683bp5b_03765094_01049383_01049381.jpg,https://americanarchive.org/catalog/cpb-aacip-225-2683bp5b,00:17:29.381
cpb-aacip-225-2683bp5b_03765094_01070137_01070135.jpg,https://americanarchive.org/catalog/cpb-aacip-225-2683bp5b,00:17:50.135
cpb-aacip-225-2683bp5b_03765094_01113514_01113512.jpg,https://americanarchive.org/catalog/cpb-aacip-225-2683bp5b,00:18:33.512
cpb-aacip-225-2683bp5b_03765094_01156523_01156522.jpg,https://americanarchive.org/catalog/cpb-aacip-225-2683bp5b,00:19:16.522
cpb-aacip-225-2683bp5b_03765094_01202269_01202267.jpg,https://americanarchive.org/catalog/cpb-aacip-225-2683bp5b,00:20:02.267
cpb-aacip-225-2683bp5b_03765094_01230531_01230529.jpg,https://americanarchive.org/catalog/cpb-aacip-225-2683bp5b,00:20:30.529
cpb-aacip-225-2683bp5b_03765094_01289022_01289021.jpg,https://americanarchive.org/catalog/cpb-aacip-225-2683bp5b,00:21:29.021
cpb-aacip-225-2683bp5b_03765094_01305005_01305003.jpg,https://americanarchive.org/catalog/cpb-aacip-225-2683bp5b,00:21:45.003
cpb-aacip-225-2683bp5b_03765094_03253020_03253016.jpg,https://americanarchive.org/catalog/cpb-aacip-225-2683bp5b,00:54:13.016
cpb-aacip-225-2683bp5b_03765094_03334268_03334264.jpg,https://americanarchive.org/catalog/cpb-aacip-225-2683bp5b,00:55:34.264
cpb-aacip-225-2683bp5b_03765094_03358759_03358755.jpg,https://americanarchive.org/catalog/cpb-aacip-225-2683bp5b,00:55:58.755
cpb-aacip-225-2683bp5b_03765094_03443777_03443773.jpg,https://americanarchive.org/catalog/cpb-aacip-225-2683bp5b,00:57:23.773
cpb-aacip-225-2683bp5b_03765094_03480781_03480777.jpg,https://americanarchive.org/catalog/cpb-aacip-225-2683bp5b,00:58:00.777
cpb-aacip-225-2683bp5b_03765094_03492893_03492889.jpg,https://americanarchive.org/catalog/cpb-aacip-225-2683bp5b,00:58:12.889
cpb-aacip-225-27mpg72s_01866297_00099766_00099766.jpg,https://americanarchive.org/catalog/cpb-aacip-225-27mpg72s,00:01:39.766
cpb-aacip-225-27mpg72s_01866297_00177778_00177777.jpg,https://americanarchive.org/catalog/cpb-aacip-225-27mpg72s,00:02:57.777
cpb-aacip-225-27mpg72s_01866297_00233033_00233032.jpg,https://americanarchive.org/catalog/cpb-aacip-225-27mpg72s,00:03:53.032
cpb-aacip-225-27mpg72s_01866297_00440641_00440640.jpg,https://americanarchive.org/catalog/cpb-aacip-225-27mpg72s,00:07:20.640
cpb-aacip-225-27mpg72s_01866297_00498532_00498531.jpg,https://americanarchive.org/catalog/cpb-aacip-225-27mpg72s,00:08:18.531
cpb-aacip-225-27mpg72s_01866297_00701001_00701000.jpg,https://americanarchive.org/catalog/cpb-aacip-225-27mpg72s,00:11:41.000
cpb-aacip-225-27mpg72s_01866297_00791391_00791390.jpg,https://americanarchive.org/catalog/cpb-aacip-225-27mpg72s,00:13:11.390
cpb-aacip-225-27mpg72s_01866297_01008876_01008874.jpg,https://americanarchive.org/catalog/cpb-aacip-225-27mpg72s,00:16:48.874
cpb-aacip-225-27mpg72s_01866297_01081281_01081280.jpg,https://americanarchive.org/catalog/cpb-aacip-225-27mpg72s,00:18:01.280
cpb-aacip-225-27mpg72s_01866297_01229129_01229127.jpg,https://americanarchive.org/catalog/cpb-aacip-225-27mpg72s,00:20:29.127
cpb-aacip-225-27mpg72s_01866297_01286253_01286251.jpg,https://americanarchive.org/catalog/cpb-aacip-225-27mpg72s,00:21:26.251
cpb-aacip-225-27mpg72s_01866297_01418752_01418750.jpg,https://americanarchive.org/catalog/cpb-aacip-225-27mpg72s,00:23:38.750
cpb-aacip-225-27mpg72s_01866297_01525392_01525390.jpg,https://americanarchive.org/catalog/cpb-aacip-225-27mpg72s,00:25:25.390
cpb-aacip-225-27zkh3tm_01793424_00096763_00096763.jpg,https://americanarchive.org/catalog/cpb-aacip-225-27zkh3tm,00:01:36.763
cpb-aacip-225-27zkh3tm_01793424_00149016_00149015.jpg,https://americanarchive.org/catalog/cpb-aacip-225-27zkh3tm,00:02:29.015
cpb-aacip-225-27zkh3tm_01793424_00312779_00312779.jpg,https://americanarchive.org/catalog/cpb-aacip-225-27zkh3tm,00:05:12.779
cpb-aacip-225-27zkh3tm_01793424_00933767_00933766.jpg,https://americanarchive.org/catalog/cpb-aacip-225-27zkh3tm,00:15:33.766
cpb-aacip-225-27zkh3tm_01793424_00985652_00985651.jpg,https://americanarchive.org/catalog/cpb-aacip-225-27zkh3tm,00:16:25.651
cpb-aacip-225-300zpg5s_03467030_00232399_00232398.jpg,https://americanarchive.org/catalog/cpb-aacip-225-300zpg5s,00:03:52.398
cpb-aacip-225-300zpg5s_03467030_00339406_00339405.jpg,https://americanarchive.org/catalog/cpb-aacip-225-300zpg5s,00:05:39.405
cpb-aacip-225-300zpg5s_03467030_00515649_00515648.jpg,https://americanarchive.org/catalog/cpb-aacip-225-300zpg5s,00:08:35.648
cpb-aacip-225-300zpg5s_03467030_00659259_00659258.jpg,https://americanarchive.org/catalog/cpb-aacip-225-300zpg5s,00:10:59.258
cpb-aacip-225-300zpg5s_03467030_00937905_00937903.jpg,https://americanarchive.org/catalog/cpb-aacip-225-300zpg5s,00:15:37.903
cpb-aacip-225-300zpg5s_03467030_01064031_01064029.jpg,https://americanarchive.org/catalog/cpb-aacip-225-300zpg5s,00:17:44.029
cpb-aacip-225-300zpg5s_03467030_01424024_01424022.jpg,https://americanarchive.org/catalog/cpb-aacip-225-300zpg5s,00:23:44.022
cpb-aacip-225-300zpg5s_03467030_01791525_01791523.jpg,https://americanarchive.org/catalog/cpb-aacip-225-300zpg5s,00:29:51.523
cpb-aacip-225-300zpg5s_03467030_02158759_02158756.jpg,https://americanarchive.org/catalog/cpb-aacip-225-300zpg5s,00:35:58.756
cpb-aacip-225-300zpg5s_03467030_02488155_02488152.jpg,https://americanarchive.org/catalog/cpb-aacip-225-300zpg5s,00:41:28.152
cpb-aacip-225-300zpg5s_03467030_02660260_02660257.jpg,https://americanarchive.org/catalog/cpb-aacip-225-300zpg5s,00:44:20.257
cpb-aacip-225-300zpg5s_03467030_02846647_02846643.jpg,https://americanarchive.org/catalog/cpb-aacip-225-300zpg5s,00:47:26.643
cpb-aacip-225-300zpg5s_03467030_02965532_02965529.jpg,https://americanarchive.org/catalog/cpb-aacip-225-300zpg5s,00:49:25.529
cpb-aacip-225-300zpg5s_03467030_03279646_03279643.jpg,https://americanarchive.org/catalog/cpb-aacip-225-300zpg5s,00:54:39.643
cpb-aacip-225-30bvqbsq_03667196_00200501_00200500.jpg,https://americanarchive.org/catalog/cpb-aacip-225-30bvqbsq,00:03:20.500
cpb-aacip-225-30bvqbsq_03667196_00303270_00303269.jpg,https://americanarchive.org/catalog/cpb-aacip-225-30bvqbsq,00:05:03.269
cpb-aacip-225-30bvqbsq_03667196_00443143_00443142.jpg,https://americanarchive.org/catalog/cpb-aacip-225-30bvqbsq,00:07:23.142
cpb-aacip-225-30bvqbsq_03667196_00526126_00526125.jpg,https://americanarchive.org/catalog/cpb-aacip-225-30bvqbsq,00:08:46.125
cpb-aacip-225-30bvqbsq_03667196_00655022_00655021.jpg,https://americanarchive.org/catalog/cpb-aacip-225-30bvqbsq,00:10:55.021
cpb-aacip-225-30bvqbsq_03667196_00799900_00799899.jpg,https://americanarchive.org/catalog/cpb-aacip-225-30bvqbsq,00:13:19.899
cpb-aacip-225-30bvqbsq_03667196_00877644_00877643.jpg,https://americanarchive.org/catalog/cpb-aacip-225-30bvqbsq,00:14:37.643
cpb-aacip-225-30bvqbsq_03667196_01085252_01085250.jpg,https://americanarchive.org/catalog/cpb-aacip-225-30bvqbsq,00:18:05.250
cpb-aacip-225-30bvqbsq_03667196_01128896_01128894.jpg,https://americanarchive.org/catalog/cpb-aacip-225-30bvqbsq,00:18:48.894
cpb-aacip-225-30bvqbsq_03667196_01207908_01207906.jpg,https://americanarchive.org/catalog/cpb-aacip-225-30bvqbsq,00:20:07.906
cpb-aacip-225-30bvqbsq_03667196_01254388_01254386.jpg,https://americanarchive.org/catalog/cpb-aacip-225-30bvqbsq,00:20:54.386
cpb-aacip-225-30bvqbsq_03667196_01296530_01296528.jpg,https://americanarchive.org/catalog/cpb-aacip-225-30bvqbsq,00:21:36.528
cpb-aacip-225-30bvqbsq_03667196_01373006_01373004.jpg,https://americanarchive.org/catalog/cpb-aacip-225-30bvqbsq,00:22:53.004
cpb-aacip-225-30bvqbsq_03667196_01470404_01470402.jpg,https://americanarchive.org/catalog/cpb-aacip-225-30bvqbsq,00:24:30.402
cpb-aacip-225-30bvqbsq_03667196_01531765_01531763.jpg,https://americanarchive.org/catalog/cpb-aacip-225-30bvqbsq,00:25:31.763
cpb-aacip-225-30bvqbsq_03667196_01587654_01587652.jpg,https://americanarchive.org/catalog/cpb-aacip-225-30bvqbsq,00:26:27.652
cpb-aacip-225-30bvqbsq_03667196_01722523_01722520.jpg,https://americanarchive.org/catalog/cpb-aacip-225-30bvqbsq,00:28:42.520
cpb-aacip-225-30bvqbsq_03667196_01753253_01753251.jpg,https://americanarchive.org/catalog/cpb-aacip-225-30bvqbsq,00:29:13.251
cpb-aacip-225-30bvqbsq_03667196_01814381_01814379.jpg,https://americanarchive.org/catalog/cpb-aacip-225-30bvqbsq,00:30:14.379
cpb-aacip-225-30bvqbsq_03667196_01864264_01864262.jpg,https://americanarchive.org/catalog/cpb-aacip-225-30bvqbsq,00:31:04.262
cpb-aacip-225-30bvqbsq_03667196_02030764_02030762.jpg,https://americanarchive.org/catalog/cpb-aacip-225-30bvqbsq,00:33:50.762
cpb-aacip-225-30bvqbsq_03667196_02107274_02107271.jpg,https://americanarchive.org/catalog/cpb-aacip-225-30bvqbsq,00:35:07.271
cpb-aacip-225-30bvqbsq_03667196_02204771_02204769.jpg,https://americanarchive.org/catalog/cpb-aacip-225-30bvqbsq,00:36:44.769
cpb-aacip-225-30bvqbsq_03667196_02256390_02256387.jpg,https://americanarchive.org/catalog/cpb-aacip-225-30bvqbsq,00:37:36.387
cpb-aacip-225-30bvqbsq_03667196_02336770_02336767.jpg,https://americanarchive.org/catalog/cpb-aacip-225-30bvqbsq,00:38:56.767
cpb-aacip-225-30bvqbsq_03667196_02435002_02434999.jpg,https://americanarchive.org/catalog/cpb-aacip-225-30bvqbsq,00:40:34.999
cpb-aacip-225-30bvqbsq_03667196_02464398_02464395.jpg,https://americanarchive.org/catalog/cpb-aacip-225-30bvqbsq,00:41:04.395
cpb-aacip-225-30bvqbsq_03667196_02580514_02580511.jpg,https://americanarchive.org/catalog/cpb-aacip-225-30bvqbsq,00:43:00.511
cpb-aacip-225-30bvqbsq_03667196_02636136_02636133.jpg,https://americanarchive.org/catalog/cpb-aacip-225-30bvqbsq,00:43:56.133
cpb-aacip-225-30bvqbsq_03667196_02678779_02678776.jpg,https://americanarchive.org/catalog/cpb-aacip-225-30bvqbsq,00:44:38.776
cpb-aacip-225-30bvqbsq_03667196_02724258_02724254.jpg,https://americanarchive.org/catalog/cpb-aacip-225-30bvqbsq,00:45:24.254
cpb-aacip-225-30bvqbsq_03667196_02829129_02829126.jpg,https://americanarchive.org/catalog/cpb-aacip-225-30bvqbsq,00:47:09.126
cpb-aacip-225-30bvqbsq_03667196_02875275_02875272.jpg,https://americanarchive.org/catalog/cpb-aacip-225-30bvqbsq,00:47:55.272
cpb-aacip-225-30bvqbsq_03667196_02910377_02910374.jpg,https://americanarchive.org/catalog/cpb-aacip-225-30bvqbsq,00:48:30.374
cpb-aacip-225-30bvqbsq_03667196_03007774_03007771.jpg,https://americanarchive.org/catalog/cpb-aacip-225-30bvqbsq,00:50:07.771
cpb-aacip-225-30bvqbsq_03667196_03087754_03087751.jpg,https://americanarchive.org/catalog/cpb-aacip-225-30bvqbsq,00:51:27.751
cpb-aacip-225-30bvqbsq_03667196_03361628_03361624.jpg,https://americanarchive.org/catalog/cpb-aacip-225-30bvqbsq,00:56:01.624
cpb-aacip-225-311ns4q0_01725790_00097898_00097897.jpg,https://americanarchive.org/catalog/cpb-aacip-225-311ns4q0,00:01:37.897
cpb-aacip-225-311ns4q0_01725790_01238138_01238136.jpg,https://americanarchive.org/catalog/cpb-aacip-225-311ns4q0,00:20:38.136
cpb-aacip-225-311ns4wm_03745241_00055522_00055522.jpg,https://americanarchive.org/catalog/cpb-aacip-225-311ns4wm,00:00:55.522
cpb-aacip-225-311ns4wm_03745241_00181148_00181147.jpg,https://americanarchive.org/catalog/cpb-aacip-225-311ns4wm,00:03:01.147
cpb-aacip-225-311ns4wm_03745241_00318151_00318151.jpg,https://americanarchive.org/catalog/cpb-aacip-225-311ns4wm,00:05:18.151
cpb-aacip-225-311ns4wm_03745241_00335636_00335635.jpg,https://americanarchive.org/catalog/cpb-aacip-225-311ns4wm,00:05:35.635
cpb-aacip-225-311ns4wm_03745241_00403403_00403403.jpg,https://americanarchive.org/catalog/cpb-aacip-225-311ns4wm,00:06:43.403
cpb-aacip-225-311ns4wm_03745241_00472906_00472905.jpg,https://americanarchive.org/catalog/cpb-aacip-225-311ns4wm,00:07:52.905
cpb-aacip-225-311ns4wm_03745241_00529396_00529395.jpg,https://americanarchive.org/catalog/cpb-aacip-225-311ns4wm,00:08:49.395
cpb-aacip-225-311ns4wm_03745241_00597130_00597129.jpg,https://americanarchive.org/catalog/cpb-aacip-225-311ns4wm,00:09:57.129
cpb-aacip-225-311ns4wm_03745241_00662396_00662395.jpg,https://americanarchive.org/catalog/cpb-aacip-225-311ns4wm,00:11:02.395
cpb-aacip-225-311ns4wm_03745241_00724391_00724390.jpg,https://americanarchive.org/catalog/cpb-aacip-225-311ns4wm,00:12:04.390
cpb-aacip-225-311ns4wm_03745241_00759126_00759125.jpg,https://americanarchive.org/catalog/cpb-aacip-225-311ns4wm,00:12:39.125
cpb-aacip-225-311ns4wm_03745241_00827127_00827126.jpg,https://americanarchive.org/catalog/cpb-aacip-225-311ns4wm,00:13:47.126
cpb-aacip-225-311ns4wm_03745241_00890157_00890155.jpg,https://americanarchive.org/catalog/cpb-aacip-225-311ns4wm,00:14:50.155
cpb-aacip-225-311ns4wm_03745241_00925526_00925524.jpg,https://americanarchive.org/catalog/cpb-aacip-225-311ns4wm,00:15:25.524
cpb-aacip-225-311ns4wm_03745241_00989156_00989154.jpg,https://americanarchive.org/catalog/cpb-aacip-225-311ns4wm,00:16:29.154
cpb-aacip-225-311ns4wm_03745241_01053387_01053385.jpg,https://americanarchive.org/catalog/cpb-aacip-225-311ns4wm,00:17:33.385
cpb-aacip-225-311ns4wm_03745241_01132266_01132264.jpg,https://americanarchive.org/catalog/cpb-aacip-225-311ns4wm,00:18:52.264
cpb-aacip-225-311ns4wm_03745241_01155155_01155154.jpg,https://americanarchive.org/catalog/cpb-aacip-225-311ns4wm,00:19:15.154
cpb-aacip-225-311ns4wm_03745241_01219520_01219518.jpg,https://americanarchive.org/catalog/cpb-aacip-225-311ns4wm,00:20:19.518
cpb-aacip-225-311ns4wm_03745241_01305272_01305270.jpg,https://americanarchive.org/catalog/cpb-aacip-225-311ns4wm,00:21:45.270
cpb-aacip-225-311ns4wm_03745241_01349650_01349648.jpg,https://americanarchive.org/catalog/cpb-aacip-225-311ns4wm,00:22:29.648
cpb-aacip-225-311ns4wm_03745241_01421021_01421019.jpg,https://americanarchive.org/catalog/cpb-aacip-225-311ns4wm,00:23:41.019
cpb-aacip-225-311ns4wm_03745241_01441642_01441640.jpg,https://americanarchive.org/catalog/cpb-aacip-225-311ns4wm,00:24:01.640
cpb-aacip-225-311ns4wm_03745241_01506507_01506505.jpg,https://americanarchive.org/catalog/cpb-aacip-225-311ns4wm,00:25:06.505
cpb-aacip-225-311ns4wm_03745241_01575509_01575507.jpg,https://americanarchive.org/catalog/cpb-aacip-225-311ns4wm,00:26:15.507
cpb-aacip-225-311ns4wm_03745241_01591391_01591389.jpg,https://americanarchive.org/catalog/cpb-aacip-225-311ns4wm,00:26:31.389
cpb-aacip-225-311ns4wm_03745241_01627528_01627525.jpg,https://americanarchive.org/catalog/cpb-aacip-225-311ns4wm,00:27:07.525
cpb-aacip-225-311ns4wm_03745241_01695529_01695527.jpg,https://americanarchive.org/catalog/cpb-aacip-225-311ns4wm,00:28:15.527
cpb-aacip-225-311ns4wm_03745241_01725893_01725890.jpg,https://americanarchive.org/catalog/cpb-aacip-225-311ns4wm,00:28:45.890
cpb-aacip-225-311ns4wm_03745241_01791024_01791022.jpg,https://americanarchive.org/catalog/cpb-aacip-225-311ns4wm,00:29:51.022
cpb-aacip-225-311ns4wm_03745241_01835769_01835767.jpg,https://americanarchive.org/catalog/cpb-aacip-225-311ns4wm,00:30:35.767
cpb-aacip-225-311ns4wm_03745241_01850250_01850248.jpg,https://americanarchive.org/catalog/cpb-aacip-225-311ns4wm,00:30:50.248
cpb-aacip-225-311ns4wm_03745241_01918652_01918650.jpg,https://americanarchive.org/catalog/cpb-aacip-225-311ns4wm,00:31:58.650
cpb-aacip-225-311ns4wm_03745241_01986019_01986017.jpg,https://americanarchive.org/catalog/cpb-aacip-225-311ns4wm,00:33:06.017
cpb-aacip-225-311ns4wm_03745241_02043777_02043775.jpg,https://americanarchive.org/catalog/cpb-aacip-225-311ns4wm,00:34:03.775
cpb-aacip-225-311ns4wm_03745241_02106907_02106904.jpg,https://americanarchive.org/catalog/cpb-aacip-225-311ns4wm,00:35:06.904
cpb-aacip-225-311ns4wm_03745241_02176777_02176774.jpg,https://americanarchive.org/catalog/cpb-aacip-225-311ns4wm,00:36:16.774
cpb-aacip-225-311ns4wm_03745241_02240407_02240404.jpg,https://americanarchive.org/catalog/cpb-aacip-225-311ns4wm,00:37:20.404
cpb-aacip-225-311ns4wm_03745241_02307007_02307004.jpg,https://americanarchive.org/catalog/cpb-aacip-225-311ns4wm,00:38:27.004
cpb-aacip-225-311ns4wm_03745241_02381882_02381879.jpg,https://americanarchive.org/catalog/cpb-aacip-225-311ns4wm,00:39:41.879
cpb-aacip-225-311ns4wm_03745241_02401635_02401632.jpg,https://americanarchive.org/catalog/cpb-aacip-225-311ns4wm,00:40:01.632
cpb-aacip-225-311ns4wm_03745241_02462262_02462259.jpg,https://americanarchive.org/catalog/cpb-aacip-225-311ns4wm,00:41:02.259
cpb-aacip-225-311ns4wm_03745241_02529029_02529026.jpg,https://americanarchive.org/catalog/cpb-aacip-225-311ns4wm,00:42:09.026
cpb-aacip-225-311ns4wm_03745241_02553153_02553150.jpg,https://americanarchive.org/catalog/cpb-aacip-225-311ns4wm,00:42:33.150
cpb-aacip-225-311ns4wm_03745241_02621021_02621018.jpg,https://americanarchive.org/catalog/cpb-aacip-225-311ns4wm,00:43:41.018
cpb-aacip-225-311ns4wm_03745241_02691525_02691522.jpg,https://americanarchive.org/catalog/cpb-aacip-225-311ns4wm,00:44:51.522
cpb-aacip-225-311ns4wm_03745241_02719753_02719750.jpg,https://americanarchive.org/catalog/cpb-aacip-225-311ns4wm,00:45:19.750
cpb-aacip-225-311ns4wm_03745241_02795395_02795392.jpg,https://americanarchive.org/catalog/cpb-aacip-225-311ns4wm,00:46:35.392
cpb-aacip-225-311ns4wm_03745241_02853020_02853016.jpg,https://americanarchive.org/catalog/cpb-aacip-225-311ns4wm,00:47:33.016
cpb-aacip-225-311ns4wm_03745241_02871004_02871001.jpg,https://americanarchive.org/catalog/cpb-aacip-225-311ns4wm,00:47:51.001
cpb-aacip-225-311ns4wm_03745241_02928629_02928625.jpg,https://americanarchive.org/catalog/cpb-aacip-225-311ns4wm,00:48:48.625
cpb-aacip-225-311ns4wm_03745241_03003270_03003266.jpg,https://americanarchive.org/catalog/cpb-aacip-225-311ns4wm,00:50:03.266
cpb-aacip-225-311ns4wm_03745241_03012513_03012509.jpg,https://americanarchive.org/catalog/cpb-aacip-225-311ns4wm,00:50:12.509
cpb-aacip-225-311ns4wm_03745241_03085519_03085515.jpg,https://americanarchive.org/catalog/cpb-aacip-225-311ns4wm,00:51:25.515
cpb-aacip-225-311ns4wm_03745241_03158158_03158155.jpg,https://americanarchive.org/catalog/cpb-aacip-225-311ns4wm,00:52:38.155
cpb-aacip-225-311ns4wm_03745241_03192259_03192255.jpg,https://americanarchive.org/catalog/cpb-aacip-225-311ns4wm,00:53:12.255
cpb-aacip-225-311ns4wm_03745241_03266266_03266263.jpg,https://americanarchive.org/catalog/cpb-aacip-225-311ns4wm,00:54:26.263
cpb-aacip-225-311ns4wm_03745241_03334134_03334130.jpg,https://americanarchive.org/catalog/cpb-aacip-225-311ns4wm,00:55:34.130
cpb-aacip-225-311ns4wm_03745241_03353253_03353249.jpg,https://americanarchive.org/catalog/cpb-aacip-225-311ns4wm,00:55:53.249
cpb-aacip-225-311ns4wm_03745241_03426026_03426022.jpg,https://americanarchive.org/catalog/cpb-aacip-225-311ns4wm,00:57:06.022
cpb-aacip-225-311ns4wm_03745241_03509877_03509873.jpg,https://americanarchive.org/catalog/cpb-aacip-225-311ns4wm,00:58:29.873
cpb-aacip-225-311ns4wm_03745241_03581882_03581878.jpg,https://americanarchive.org/catalog/cpb-aacip-225-311ns4wm,00:59:41.878
cpb-aacip-225-311ns4wm_03745241_03662629_03662625.jpg,https://americanarchive.org/catalog/cpb-aacip-225-311ns4wm,01:01:02.625
cpb-aacip-225-311ns4wm_03745241_03723156_03723152.jpg,https://americanarchive.org/catalog/cpb-aacip-225-311ns4wm,01:02:03.152
cpb-aacip-225-311ns516_01935233_00172906_00172906.jpg,https://americanarchive.org/catalog/cpb-aacip-225-311ns516,00:02:52.906
cpb-aacip-225-311ns516_01935233_00203770_00203770.jpg,https://americanarchive.org/catalog/cpb-aacip-225-311ns516,00:03:23.770
cpb-aacip-225-311ns516_01935233_00235269_00235268.jpg,https://americanarchive.org/catalog/cpb-aacip-225-311ns516,00:03:55.268
cpb-aacip-225-311ns516_01935233_00281148_00281147.jpg,https://americanarchive.org/catalog/cpb-aacip-225-311ns516,00:04:41.147
cpb-aacip-225-311ns516_01935233_00333634_00333633.jpg,https://americanarchive.org/catalog/cpb-aacip-225-311ns516,00:05:33.633
cpb-aacip-225-311ns516_01935233_00367134_00367133.jpg,https://americanarchive.org/catalog/cpb-aacip-225-311ns516,00:06:07.133
cpb-aacip-225-311ns516_01935233_00404905_00404904.jpg,https://americanarchive.org/catalog/cpb-aacip-225-311ns516,00:06:44.904
cpb-aacip-225-311ns516_01935233_00445512_00445511.jpg,https://americanarchive.org/catalog/cpb-aacip-225-311ns516,00:07:25.511
cpb-aacip-225-311ns516_01935233_00461395_00461394.jpg,https://americanarchive.org/catalog/cpb-aacip-225-311ns516,00:07:41.394
cpb-aacip-225-311ns516_01935233_00547781_00547780.jpg,https://americanarchive.org/catalog/cpb-aacip-225-311ns516,00:09:07.780
cpb-aacip-225-311ns516_01935233_00734768_00734767.jpg,https://americanarchive.org/catalog/cpb-aacip-225-311ns516,00:12:14.767
cpb-aacip-225-311ns516_01935233_01045646_01045644.jpg,https://americanarchive.org/catalog/cpb-aacip-225-311ns516,00:17:25.644
cpb-aacip-225-311ns516_01935233_01285519_01285517.jpg,https://americanarchive.org/catalog/cpb-aacip-225-311ns516,00:21:25.517
cpb-aacip-225-311ns516_01935233_01348649_01348647.jpg,https://americanarchive.org/catalog/cpb-aacip-225-311ns516,00:22:28.647
cpb-aacip-225-311ns516_01935233_01395529_01395527.jpg,https://americanarchive.org/catalog/cpb-aacip-225-311ns516,00:23:15.527
cpb-aacip-225-311ns516_01935233_01437771_01437769.jpg,https://americanarchive.org/catalog/cpb-aacip-225-311ns516,00:23:57.769
cpb-aacip-225-311ns516_01935233_01543377_01543375.jpg,https://americanarchive.org/catalog/cpb-aacip-225-311ns516,00:25:43.375
cpb-aacip-225-311ns516_01935233_01618151_01618149.jpg,https://americanarchive.org/catalog/cpb-aacip-225-311ns516,00:26:58.149
cpb-aacip-225-31cjt1d2_01765363_00248382_00248381.jpg,https://americanarchive.org/catalog/cpb-aacip-225-31cjt1d2,00:04:08.381
cpb-aacip-225-31cjt1d2_01765363_00675142_00675141.jpg,https://americanarchive.org/catalog/cpb-aacip-225-31cjt1d2,00:11:15.141
cpb-aacip-225-31cjt1d2_01765363_00976777_00976775.jpg,https://americanarchive.org/catalog/cpb-aacip-225-31cjt1d2,00:16:16.775
cpb-aacip-225-31qftxh5_02672036_00824391_00824390.jpg,https://americanarchive.org/catalog/cpb-aacip-225-31qftxh5,00:13:44.390
cpb-aacip-225-31qftxh5_02672036_00993126_00993125.jpg,https://americanarchive.org/catalog/cpb-aacip-225-31qftxh5,00:16:33.125
cpb-aacip-225-31qftxh5_02672036_01362262_01362260.jpg,https://americanarchive.org/catalog/cpb-aacip-225-31qftxh5,00:22:42.260
cpb-aacip-225-31qftxh5_02672036_01543644_01543642.jpg,https://americanarchive.org/catalog/cpb-aacip-225-31qftxh5,00:25:43.642
cpb-aacip-225-31qftxh5_02672036_02165766_02165763.jpg,https://americanarchive.org/catalog/cpb-aacip-225-31qftxh5,00:36:05.763
cpb-aacip-225-31qftxh5_02672036_02307140_02307138.jpg,https://americanarchive.org/catalog/cpb-aacip-225-31qftxh5,00:38:27.138
cpb-aacip-225-3331zgtf_01692724_00091758_00091758.jpg,https://americanarchive.org/catalog/cpb-aacip-225-3331zgtf,00:01:31.758
cpb-aacip-225-3331zgtf_01692724_00237137_00237136.jpg,https://americanarchive.org/catalog/cpb-aacip-225-3331zgtf,00:03:57.136
cpb-aacip-225-3331zgtf_01692724_00263764_00263763.jpg,https://americanarchive.org/catalog/cpb-aacip-225-3331zgtf,00:04:23.763
cpb-aacip-225-3331zgtf_01692724_01052886_01052885.jpg,https://americanarchive.org/catalog/cpb-aacip-225-3331zgtf,00:17:32.885
cpb-aacip-225-34sj3z70_02252216_00343277_00343276.jpg,https://americanarchive.org/catalog/cpb-aacip-225-34sj3z70,00:05:43.276
cpb-aacip-225-34sj3z70_02252216_00398765_00398765.jpg,https://americanarchive.org/catalog/cpb-aacip-225-34sj3z70,00:06:38.765
cpb-aacip-225-34sj3z70_02252216_00423657_00423656.jpg,https://americanarchive.org/catalog/cpb-aacip-225-34sj3z70,00:07:03.656
cpb-aacip-225-34sj3z70_02252216_00464531_00464530.jpg,https://americanarchive.org/catalog/cpb-aacip-225-34sj3z70,00:07:44.530
cpb-aacip-225-34sj3z70_02252216_00505506_00505505.jpg,https://americanarchive.org/catalog/cpb-aacip-225-34sj3z70,00:08:25.505
cpb-aacip-225-34sj3z70_02252216_00652019_00652018.jpg,https://americanarchive.org/catalog/cpb-aacip-225-34sj3z70,00:10:52.018
cpb-aacip-225-34sj3z70_02252216_00756256_00756255.jpg,https://americanarchive.org/catalog/cpb-aacip-225-34sj3z70,00:12:36.255
cpb-aacip-225-34sj3z70_02252216_00776877_00776876.jpg,https://americanarchive.org/catalog/cpb-aacip-225-34sj3z70,00:12:56.876
cpb-aacip-225-34sj3z70_02252216_00967134_00967132.jpg,https://americanarchive.org/catalog/cpb-aacip-225-34sj3z70,00:16:07.132
cpb-aacip-225-34sj3z70_02252216_01013280_01013278.jpg,https://americanarchive.org/catalog/cpb-aacip-225-34sj3z70,00:16:53.278
cpb-aacip-225-34sj3z70_02252216_01143510_01143509.jpg,https://americanarchive.org/catalog/cpb-aacip-225-34sj3z70,00:19:03.509
cpb-aacip-225-34sj3z70_02252216_01169503_01169501.jpg,https://americanarchive.org/catalog/cpb-aacip-225-34sj3z70,00:19:29.501
cpb-aacip-225-34sj3z70_02252216_01227895_01227893.jpg,https://americanarchive.org/catalog/cpb-aacip-225-34sj3z70,00:20:27.893
cpb-aacip-225-34sj3z70_02252216_01262396_01262394.jpg,https://americanarchive.org/catalog/cpb-aacip-225-34sj3z70,00:21:02.394
cpb-aacip-225-34sj3z70_02252216_01310277_01310275.jpg,https://americanarchive.org/catalog/cpb-aacip-225-34sj3z70,00:21:50.275
cpb-aacip-225-34sj3z70_02252216_01355389_01355387.jpg,https://americanarchive.org/catalog/cpb-aacip-225-34sj3z70,00:22:35.387
cpb-aacip-225-34sj3z70_02252216_01388755_01388754.jpg,https://americanarchive.org/catalog/cpb-aacip-225-34sj3z70,00:23:08.754
cpb-aacip-225-34sj3z70_02252216_01503403_01503401.jpg,https://americanarchive.org/catalog/cpb-aacip-225-34sj3z70,00:25:03.401
cpb-aacip-225-34sj3z70_02252216_01720888_01720885.jpg,https://americanarchive.org/catalog/cpb-aacip-225-34sj3z70,00:28:40.885
cpb-aacip-225-34sj3z70_02252216_01904505_01904502.jpg,https://americanarchive.org/catalog/cpb-aacip-225-34sj3z70,00:31:44.502
cpb-aacip-225-34sj3z70_02252216_01942509_01942507.jpg,https://americanarchive.org/catalog/cpb-aacip-225-34sj3z70,00:32:22.507
cpb-aacip-225-34sj3z70_02252216_01966266_01966264.jpg,https://americanarchive.org/catalog/cpb-aacip-225-34sj3z70,00:32:46.264
cpb-aacip-225-34sj3z70_02252216_02029029_02029027.jpg,https://americanarchive.org/catalog/cpb-aacip-225-34sj3z70,00:33:49.027
cpb-aacip-225-354f4tzn_01716181_00104505_00104504.jpg,https://americanarchive.org/catalog/cpb-aacip-225-354f4tzn,00:01:44.504
cpb-aacip-225-354f4tzn_01716181_00268135_00268134.jpg,https://americanarchive.org/catalog/cpb-aacip-225-354f4tzn,00:04:28.134
cpb-aacip-225-354f4tzn_01716181_00739273_00739271.jpg,https://americanarchive.org/catalog/cpb-aacip-225-354f4tzn,00:12:19.271
cpb-aacip-225-354f4tzn_01716181_01266033_01266031.jpg,https://americanarchive.org/catalog/cpb-aacip-225-354f4tzn,00:21:06.031
cpb-aacip-225-35t76n5v_01905136_00050517_00050517.jpg,https://americanarchive.org/catalog/cpb-aacip-225-35t76n5v,00:00:50.517
cpb-aacip-225-35t76n5v_01905136_00129630_00129629.jpg,https://americanarchive.org/catalog/cpb-aacip-225-35t76n5v,00:02:09.629
cpb-aacip-225-35t76n5v_01905136_00260027_00260026.jpg,https://americanarchive.org/catalog/cpb-aacip-225-35t76n5v,00:04:20.026
cpb-aacip-225-35t76n5v_01905136_00387654_00387653.jpg,https://americanarchive.org/catalog/cpb-aacip-225-35t76n5v,00:06:27.653
cpb-aacip-225-35t76n5v_01905136_00431031_00431030.jpg,https://americanarchive.org/catalog/cpb-aacip-225-35t76n5v,00:07:11.030
cpb-aacip-225-35t76n5v_01905136_00639006_00639005.jpg,https://americanarchive.org/catalog/cpb-aacip-225-35t76n5v,00:10:39.005
cpb-aacip-225-35t76n5v_01905136_00676009_00676008.jpg,https://americanarchive.org/catalog/cpb-aacip-225-35t76n5v,00:11:16.008
cpb-aacip-225-35t76n5v_01905136_00727628_00727626.jpg,https://americanarchive.org/catalog/cpb-aacip-225-35t76n5v,00:12:07.626
cpb-aacip-225-35t76n5v_01905136_00752886_00752885.jpg,https://americanarchive.org/catalog/cpb-aacip-225-35t76n5v,00:12:32.885
cpb-aacip-225-35t76n5v_01905136_00832533_00832531.jpg,https://americanarchive.org/catalog/cpb-aacip-225-35t76n5v,00:13:52.531
cpb-aacip-225-35t76n5v_01905136_00918519_00918517.jpg,https://americanarchive.org/catalog/cpb-aacip-225-35t76n5v,00:15:18.517
cpb-aacip-225-35t76n5v_01905136_01017651_01017649.jpg,https://americanarchive.org/catalog/cpb-aacip-225-35t76n5v,00:16:57.649
cpb-aacip-225-35t76n5v_01905136_01082649_01082648.jpg,https://americanarchive.org/catalog/cpb-aacip-225-35t76n5v,00:18:02.648
cpb-aacip-225-35t76n5v_01905136_01258258_01258257.jpg,https://americanarchive.org/catalog/cpb-aacip-225-35t76n5v,00:20:58.257
cpb-aacip-225-35t76n5v_01905136_01563397_01563395.jpg,https://americanarchive.org/catalog/cpb-aacip-225-35t76n5v,00:26:03.395
cpb-aacip-225-35t76n5v_01905136_01669136_01669134.jpg,https://americanarchive.org/catalog/cpb-aacip-225-35t76n5v,00:27:49.134
cpb-aacip-225-35t76n5v_01905136_01809142_01809140.jpg,https://americanarchive.org/catalog/cpb-aacip-225-35t76n5v,00:30:09.140
cpb-aacip-225-36tx99dz_01724956_00295529_00295528.jpg,https://americanarchive.org/catalog/cpb-aacip-225-36tx99dz,00:04:55.528
cpb-aacip-225-36tx99dz_01724956_00808008_00808007.jpg,https://americanarchive.org/catalog/cpb-aacip-225-36tx99dz,00:13:28.007
cpb-aacip-225-36tx99dz_01724956_01300000_01299998.jpg,https://americanarchive.org/catalog/cpb-aacip-225-36tx99dz,00:21:39.998
cpb-aacip-225-37vmd00k_01877675_00073774_00073773.jpg,https://americanarchive.org/catalog/cpb-aacip-225-37vmd00k,00:01:13.773
cpb-aacip-225-37vmd00k_01877675_00235269_00235268.jpg,https://americanarchive.org/catalog/cpb-aacip-225-37vmd00k,00:03:55.268
cpb-aacip-225-37vmd00k_01877675_00727628_00727626.jpg,https://americanarchive.org/catalog/cpb-aacip-225-37vmd00k,00:12:07.626
cpb-aacip-225-37vmd00k_01877675_00943010_00943008.jpg,https://americanarchive.org/catalog/cpb-aacip-225-37vmd00k,00:15:43.008
cpb-aacip-225-37vmd00k_01877675_01417751_01417749.jpg,https://americanarchive.org/catalog/cpb-aacip-225-37vmd00k,00:23:37.749
cpb-aacip-225-37vmd00k_01877675_01512279_01512277.jpg,https://americanarchive.org/catalog/cpb-aacip-225-37vmd00k,00:25:12.277
cpb-aacip-225-37vmd093_01785116_00088889_00088888.jpg,https://americanarchive.org/catalog/cpb-aacip-225-37vmd093,00:01:28.888
cpb-aacip-225-37vmd093_01785116_00119253_00119252.jpg,https://americanarchive.org/catalog/cpb-aacip-225-37vmd093,00:01:59.252
cpb-aacip-225-37vmd093_01785116_00174775_00174774.jpg,https://americanarchive.org/catalog/cpb-aacip-225-37vmd093,00:02:54.774
cpb-aacip-225-37vmd093_01785116_00185886_00185885.jpg,https://americanarchive.org/catalog/cpb-aacip-225-37vmd093,00:03:05.885
cpb-aacip-225-37vmd093_01785116_00214281_00214280.jpg,https://americanarchive.org/catalog/cpb-aacip-225-37vmd093,00:03:34.280
cpb-aacip-225-37vmd093_01785116_00255255_00255255.jpg,https://americanarchive.org/catalog/cpb-aacip-225-37vmd093,00:04:15.255
cpb-aacip-225-37vmd093_01785116_00295529_00295528.jpg,https://americanarchive.org/catalog/cpb-aacip-225-37vmd093,00:04:55.528
cpb-aacip-225-37vmd093_01785116_00414281_00414280.jpg,https://americanarchive.org/catalog/cpb-aacip-225-37vmd093,00:06:54.280
cpb-aacip-225-37vmd093_01785116_00447648_00447647.jpg,https://americanarchive.org/catalog/cpb-aacip-225-37vmd093,00:07:27.647
cpb-aacip-225-37vmd093_01785116_00461128_00461127.jpg,https://americanarchive.org/catalog/cpb-aacip-225-37vmd093,00:07:41.127
cpb-aacip-225-37vmd093_01785116_00520521_00520520.jpg,https://americanarchive.org/catalog/cpb-aacip-225-37vmd093,00:08:40.520
cpb-aacip-225-37vmd093_01785116_00546380_00546379.jpg,https://americanarchive.org/catalog/cpb-aacip-225-37vmd093,00:09:06.379
cpb-aacip-225-37vmd093_01785116_00607007_00607006.jpg,https://americanarchive.org/catalog/cpb-aacip-225-37vmd093,00:10:07.006
cpb-aacip-225-37vmd093_01785116_00647014_00647013.jpg,https://americanarchive.org/catalog/cpb-aacip-225-37vmd093,00:10:47.013
cpb-aacip-225-37vmd093_01785116_00677010_00677009.jpg,https://americanarchive.org/catalog/cpb-aacip-225-37vmd093,00:11:17.009
cpb-aacip-225-37vmd093_01785116_00751652_00751650.jpg,https://americanarchive.org/catalog/cpb-aacip-225-37vmd093,00:12:31.650
cpb-aacip-225-37vmd093_01785116_00778779_00778778.jpg,https://americanarchive.org/catalog/cpb-aacip-225-37vmd093,00:12:58.778
cpb-aacip-225-37vmd093_01785116_00800400_00800399.jpg,https://americanarchive.org/catalog/cpb-aacip-225-37vmd093,00:13:20.399
cpb-aacip-225-37vmd093_01785116_00849516_00849515.jpg,https://americanarchive.org/catalog/cpb-aacip-225-37vmd093,00:14:09.515
cpb-aacip-225-37vmd093_01785116_00898532_00898530.jpg,https://americanarchive.org/catalog/cpb-aacip-225-37vmd093,00:14:58.530
cpb-aacip-225-37vmd093_01785116_00917885_00917883.jpg,https://americanarchive.org/catalog/cpb-aacip-225-37vmd093,00:15:17.883
cpb-aacip-225-37vmd093_01785116_00948782_00948781.jpg,https://americanarchive.org/catalog/cpb-aacip-225-37vmd093,00:15:48.781
cpb-aacip-225-37vmd093_01785116_01001268_01001266.jpg,https://americanarchive.org/catalog/cpb-aacip-225-37vmd093,00:16:41.266
cpb-aacip-225-37vmd093_01785116_01041775_01041774.jpg,https://americanarchive.org/catalog/cpb-aacip-225-37vmd093,00:17:21.774
cpb-aacip-225-37vmd093_01785116_01080013_01080012.jpg,https://americanarchive.org/catalog/cpb-aacip-225-37vmd093,00:18:00.012
cpb-aacip-225-37vmd093_01785116_01142009_01142007.jpg,https://americanarchive.org/catalog/cpb-aacip-225-37vmd093,00:19:02.007
cpb-aacip-225-37vmd093_01785116_01191525_01191523.jpg,https://americanarchive.org/catalog/cpb-aacip-225-37vmd093,00:19:51.523
cpb-aacip-225-37vmd093_01785116_01234501_01234499.jpg,https://americanarchive.org/catalog/cpb-aacip-225-37vmd093,00:20:34.499
cpb-aacip-225-37vmd093_01785116_01250651_01250649.jpg,https://americanarchive.org/catalog/cpb-aacip-225-37vmd093,00:20:50.649
cpb-aacip-225-37vmd093_01785116_01295028_01295027.jpg,https://americanarchive.org/catalog/cpb-aacip-225-37vmd093,00:21:35.027
cpb-aacip-225-37vmd093_01785116_01325259_01325257.jpg,https://americanarchive.org/catalog/cpb-aacip-225-37vmd093,00:22:05.257
cpb-aacip-225-37vmd093_01785116_01423390_01423388.jpg,https://americanarchive.org/catalog/cpb-aacip-225-37vmd093,00:23:43.388
cpb-aacip-225-37vmd093_01785116_01463630_01463628.jpg,https://americanarchive.org/catalog/cpb-aacip-225-37vmd093,00:24:23.628
cpb-aacip-225-37vmd093_01785116_01484151_01484149.jpg,https://americanarchive.org/catalog/cpb-aacip-225-37vmd093,00:24:44.149
cpb-aacip-225-37vmd093_01785116_01511144_01511142.jpg,https://americanarchive.org/catalog/cpb-aacip-225-37vmd093,00:25:11.142
cpb-aacip-225-37vmd093_01785116_01538906_01538904.jpg,https://americanarchive.org/catalog/cpb-aacip-225-37vmd093,00:25:38.904
cpb-aacip-225-37vmd093_01785116_01565766_01565764.jpg,https://americanarchive.org/catalog/cpb-aacip-225-37vmd093,00:26:05.764
cpb-aacip-225-37vmd093_01785116_01598398_01598396.jpg,https://americanarchive.org/catalog/cpb-aacip-225-37vmd093,00:26:38.396
cpb-aacip-225-37vmd093_01785116_01664898_01664896.jpg,https://americanarchive.org/catalog/cpb-aacip-225-37vmd093,00:27:44.896
cpb-aacip-225-37vmd093_01785116_01687754_01687752.jpg,https://americanarchive.org/catalog/cpb-aacip-225-37vmd093,00:28:07.752
cpb-aacip-225-38w9gnfz_01700832_00110511_00110510.jpg,https://americanarchive.org/catalog/cpb-aacip-225-38w9gnfz,00:01:50.510
cpb-aacip-225-38w9gnfz_01700832_00250250_00250250.jpg,https://americanarchive.org/catalog/cpb-aacip-225-38w9gnfz,00:04:10.250
cpb-aacip-225-38w9gnfz_01700832_00622155_00622154.jpg,https://americanarchive.org/catalog/cpb-aacip-225-38w9gnfz,00:10:22.154
cpb-aacip-225-38w9gnfz_01700832_00958258_00958257.jpg,https://americanarchive.org/catalog/cpb-aacip-225-38w9gnfz,00:15:58.257
cpb-aacip-225-38w9gnfz_01700832_01264765_01264763.jpg,https://americanarchive.org/catalog/cpb-aacip-225-38w9gnfz,00:21:04.763
cpb-aacip-225-407wm6z0_01737068_00452019_00452018.jpg,https://americanarchive.org/catalog/cpb-aacip-225-407wm6z0,00:07:32.018
cpb-aacip-225-407wm6z0_01737068_00675142_00675141.jpg,https://americanarchive.org/catalog/cpb-aacip-225-407wm6z0,00:11:15.141
cpb-aacip-225-407wm6z0_01737068_00800901_00800900.jpg,https://americanarchive.org/catalog/cpb-aacip-225-407wm6z0,00:13:20.900
cpb-aacip-225-407wm6z0_01737068_01138772_01138770.jpg,https://americanarchive.org/catalog/cpb-aacip-225-407wm6z0,00:18:58.770
cpb-aacip-225-418kpws1_03784647_00126126_00126126.jpg,https://americanarchive.org/catalog/cpb-aacip-225-418kpws1,00:02:06.126
cpb-aacip-225-418kpws1_03784647_00180013_00180013.jpg,https://americanarchive.org/catalog/cpb-aacip-225-418kpws1,00:03:00.013
cpb-aacip-225-418kpws1_03784647_00194628_00194627.jpg,https://americanarchive.org/catalog/cpb-aacip-225-418kpws1,00:03:14.627
cpb-aacip-225-418kpws1_03784647_00227761_00227760.jpg,https://americanarchive.org/catalog/cpb-aacip-225-418kpws1,00:03:47.760
cpb-aacip-225-418kpws1_03784647_00241141_00241140.jpg,https://americanarchive.org/catalog/cpb-aacip-225-418kpws1,00:04:01.140
cpb-aacip-225-418kpws1_03784647_00597631_00597630.jpg,https://americanarchive.org/catalog/cpb-aacip-225-418kpws1,00:09:57.630
cpb-aacip-225-418kpws1_03784647_00657524_00657523.jpg,https://americanarchive.org/catalog/cpb-aacip-225-418kpws1,00:10:57.523
cpb-aacip-225-418kpws1_03784647_00702503_00702501.jpg,https://americanarchive.org/catalog/cpb-aacip-225-418kpws1,00:11:42.501
cpb-aacip-225-418kpws1_03784647_00751018_00751016.jpg,https://americanarchive.org/catalog/cpb-aacip-225-418kpws1,00:12:31.016
cpb-aacip-225-418kpws1_03784647_00790157_00790156.jpg,https://americanarchive.org/catalog/cpb-aacip-225-418kpws1,00:13:10.156
cpb-aacip-225-418kpws1_03784647_01455889_01455887.jpg,https://americanarchive.org/catalog/cpb-aacip-225-418kpws1,00:24:15.887
cpb-aacip-225-418kpws1_03784647_01503003_01503001.jpg,https://americanarchive.org/catalog/cpb-aacip-225-418kpws1,00:25:03.001
cpb-aacip-225-418kpws1_03784647_01555255_01555253.jpg,https://americanarchive.org/catalog/cpb-aacip-225-418kpws1,00:25:55.253
cpb-aacip-225-418kpws1_03784647_01635502_01635500.jpg,https://americanarchive.org/catalog/cpb-aacip-225-418kpws1,00:27:15.500
cpb-aacip-225-41mgqsz7_01954619_00067901_00067901.jpg,https://americanarchive.org/catalog/cpb-aacip-225-41mgqsz7,00:01:07.901
cpb-aacip-225-41mgqsz7_01954619_00084251_00084250.jpg,https://americanarchive.org/catalog/cpb-aacip-225-41mgqsz7,00:01:24.250
cpb-aacip-225-41mgqsz7_01954619_00130397_00130396.jpg,https://americanarchive.org/catalog/cpb-aacip-225-41mgqsz7,00:02:10.396
cpb-aacip-225-41mgqsz7_01954619_00181515_00181514.jpg,https://americanarchive.org/catalog/cpb-aacip-225-41mgqsz7,00:03:01.514
cpb-aacip-225-41mgqsz7_01954619_00235502_00235501.jpg,https://americanarchive.org/catalog/cpb-aacip-225-41mgqsz7,00:03:55.501
cpb-aacip-225-41mgqsz7_01954619_00273907_00273906.jpg,https://americanarchive.org/catalog/cpb-aacip-225-41mgqsz7,00:04:33.906
cpb-aacip-225-41mgqsz7_01954619_00295262_00295261.jpg,https://americanarchive.org/catalog/cpb-aacip-225-41mgqsz7,00:04:55.261
cpb-aacip-225-41mgqsz7_01954619_00352152_00352151.jpg,https://americanarchive.org/catalog/cpb-aacip-225-41mgqsz7,00:05:52.151
cpb-aacip-225-41mgqsz7_01954619_00393894_00393893.jpg,https://americanarchive.org/catalog/cpb-aacip-225-41mgqsz7,00:06:33.893
cpb-aacip-225-41mgqsz7_01954619_00448015_00448014.jpg,https://americanarchive.org/catalog/cpb-aacip-225-41mgqsz7,00:07:28.014
cpb-aacip-225-41mgqsz7_01954619_00534768_00534767.jpg,https://americanarchive.org/catalog/cpb-aacip-225-41mgqsz7,00:08:54.767
cpb-aacip-225-4298sk4k_01856521_00105138_00105138.jpg,https://americanarchive.org/catalog/cpb-aacip-225-4298sk4k,00:01:45.138
cpb-aacip-225-4298sk4k_01856521_00259893_00259892.jpg,https://americanarchive.org/catalog/cpb-aacip-225-4298sk4k,00:04:19.892
cpb-aacip-225-4298sk4k_01856521_00827127_00827126.jpg,https://americanarchive.org/catalog/cpb-aacip-225-4298sk4k,00:13:47.126
cpb-aacip-225-4298sk4k_01856521_01103637_01103635.jpg,https://americanarchive.org/catalog/cpb-aacip-225-4298sk4k,00:18:23.635
cpb-aacip-225-4298sk4k_01856521_01446280_01446278.jpg,https://americanarchive.org/catalog/cpb-aacip-225-4298sk4k,00:24:06.278
cpb-aacip-225-44bnzxh7_01950148_00108275_00108274.jpg,https://americanarchive.org/catalog/cpb-aacip-225-44bnzxh7,00:01:48.274
cpb-aacip-225-44bnzxh7_01950148_00270904_00270903.jpg,https://americanarchive.org/catalog/cpb-aacip-225-44bnzxh7,00:04:30.903
cpb-aacip-225-44bnzxh7_01950148_00347514_00347513.jpg,https://americanarchive.org/catalog/cpb-aacip-225-44bnzxh7,00:05:47.513
cpb-aacip-225-44bnzxh7_01950148_00422756_00422755.jpg,https://americanarchive.org/catalog/cpb-aacip-225-44bnzxh7,00:07:02.755
cpb-aacip-225-44bnzxh7_01950148_00488522_00488521.jpg,https://americanarchive.org/catalog/cpb-aacip-225-44bnzxh7,00:08:08.521
cpb-aacip-225-44bnzxh7_01950148_00784151_00784150.jpg,https://americanarchive.org/catalog/cpb-aacip-225-44bnzxh7,00:13:04.150
cpb-aacip-225-44bnzxh7_01950148_00801635_00801634.jpg,https://americanarchive.org/catalog/cpb-aacip-225-44bnzxh7,00:13:21.634
cpb-aacip-225-44bnzxh7_01950148_00830030_00830029.jpg,https://americanarchive.org/catalog/cpb-aacip-225-44bnzxh7,00:13:50.029
cpb-aacip-225-44bnzxh7_01950148_00886153_00886151.jpg,https://americanarchive.org/catalog/cpb-aacip-225-44bnzxh7,00:14:46.151
cpb-aacip-225-44bnzxh7_01950148_01003904_01003902.jpg,https://americanarchive.org/catalog/cpb-aacip-225-44bnzxh7,00:16:43.902
cpb-aacip-225-44bnzxh7_01950148_01068902_01068901.jpg,https://americanarchive.org/catalog/cpb-aacip-225-44bnzxh7,00:17:48.901
cpb-aacip-225-44bnzxh7_01950148_01126527_01126525.jpg,https://americanarchive.org/catalog/cpb-aacip-225-44bnzxh7,00:18:46.525
cpb-aacip-225-44bnzxh7_01950148_01183016_01183015.jpg,https://americanarchive.org/catalog/cpb-aacip-225-44bnzxh7,00:19:43.015
cpb-aacip-225-44bnzxh7_01950148_01217251_01217249.jpg,https://americanarchive.org/catalog/cpb-aacip-225-44bnzxh7,00:20:17.249
cpb-aacip-225-44bnzxh7_01950148_01256757_01256755.jpg,https://americanarchive.org/catalog/cpb-aacip-225-44bnzxh7,00:20:56.755
cpb-aacip-225-44bnzxh7_01950148_01417150_01417149.jpg,https://americanarchive.org/catalog/cpb-aacip-225-44bnzxh7,00:23:37.149
cpb-aacip-225-44bnzxh7_01950148_01513647_01513645.jpg,https://americanarchive.org/catalog/cpb-aacip-225-44bnzxh7,00:25:13.645
cpb-aacip-225-44bnzxh7_01950148_01639139_01639137.jpg,https://americanarchive.org/catalog/cpb-aacip-225-44bnzxh7,00:27:19.137
cpb-aacip-225-44bnzxh7_01950148_01816149_01816147.jpg,https://americanarchive.org/catalog/cpb-aacip-225-44bnzxh7,00:30:16.147
cpb-aacip-225-44bnzxh7_01950148_01859259_01859257.jpg,https://americanarchive.org/catalog/cpb-aacip-225-44bnzxh7,00:30:59.257
cpb-aacip-225-45q83h0w_02970067_00410644_00410643.jpg,https://americanarchive.org/catalog/cpb-aacip-225-45q83h0w,00:06:50.643
cpb-aacip-225-45q83h0w_02970067_00847014_00847012.jpg,https://americanarchive.org/catalog/cpb-aacip-225-45q83h0w,00:14:07.012
cpb-aacip-225-45q83h0w_02970067_01310644_01310642.jpg,https://americanarchive.org/catalog/cpb-aacip-225-45q83h0w,00:21:50.642
cpb-aacip-225-45q83h0w_02970067_01533033_01533031.jpg,https://americanarchive.org/catalog/cpb-aacip-225-45q83h0w,00:25:33.031
cpb-aacip-225-45q83h0w_02970067_01697764_01697762.jpg,https://americanarchive.org/catalog/cpb-aacip-225-45q83h0w,00:28:17.762
cpb-aacip-225-45q83h0w_02970067_02267000_02266998.jpg,https://americanarchive.org/catalog/cpb-aacip-225-45q83h0w,00:37:46.998
cpb-aacip-225-45q83h0w_02970067_02358525_02358522.jpg,https://americanarchive.org/catalog/cpb-aacip-225-45q83h0w,00:39:18.522
cpb-aacip-225-46qz65g2_03663826_00098765_00098765.jpg,https://americanarchive.org/catalog/cpb-aacip-225-46qz65g2,00:01:38.765
cpb-aacip-225-46qz65g2_03663826_00221755_00221754.jpg,https://americanarchive.org/catalog/cpb-aacip-225-46qz65g2,00:03:41.754
cpb-aacip-225-46qz65g2_03663826_00243777_00243776.jpg,https://americanarchive.org/catalog/cpb-aacip-225-46qz65g2,00:04:03.776
cpb-aacip-225-46qz65g2_03663826_00264631_00264631.jpg,https://americanarchive.org/catalog/cpb-aacip-225-46qz65g2,00:04:24.631
cpb-aacip-225-46qz65g2_03663826_00381782_00381781.jpg,https://americanarchive.org/catalog/cpb-aacip-225-46qz65g2,00:06:21.781
cpb-aacip-225-46qz65g2_03663826_00405272_00405271.jpg,https://americanarchive.org/catalog/cpb-aacip-225-46qz65g2,00:06:45.271
cpb-aacip-225-46qz65g2_03663826_00448282_00448281.jpg,https://americanarchive.org/catalog/cpb-aacip-225-46qz65g2,00:07:28.281
cpb-aacip-225-46qz65g2_03663826_00575776_00575775.jpg,https://americanarchive.org/catalog/cpb-aacip-225-46qz65g2,00:09:35.775
cpb-aacip-225-46qz65g2_03663826_00727127_00727126.jpg,https://americanarchive.org/catalog/cpb-aacip-225-46qz65g2,00:12:07.126
cpb-aacip-225-46qz65g2_03663826_00878779_00878777.jpg,https://americanarchive.org/catalog/cpb-aacip-225-46qz65g2,00:14:38.777
cpb-aacip-225-46qz65g2_03663826_01049283_01049281.jpg,https://americanarchive.org/catalog/cpb-aacip-225-46qz65g2,00:17:29.281
cpb-aacip-225-46qz65g2_03663826_01114648_01114646.jpg,https://americanarchive.org/catalog/cpb-aacip-225-46qz65g2,00:18:34.646
cpb-aacip-225-46qz65g2_03663826_01267000_01266999.jpg,https://americanarchive.org/catalog/cpb-aacip-225-46qz65g2,00:21:06.999
cpb-aacip-225-46qz65g2_03663826_01377377_01377376.jpg,https://americanarchive.org/catalog/cpb-aacip-225-46qz65g2,00:22:57.376
cpb-aacip-225-46qz65g2_03663826_01405405_01405404.jpg,https://americanarchive.org/catalog/cpb-aacip-225-46qz65g2,00:23:25.404
cpb-aacip-225-46qz65g2_03663826_01497030_01497028.jpg,https://americanarchive.org/catalog/cpb-aacip-225-46qz65g2,00:24:57.028
cpb-aacip-225-46qz65g2_03663826_01603904_01603902.jpg,https://americanarchive.org/catalog/cpb-aacip-225-46qz65g2,00:26:43.902
cpb-aacip-225-46qz65g2_03663826_01833767_01833765.jpg,https://americanarchive.org/catalog/cpb-aacip-225-46qz65g2,00:30:33.765
cpb-aacip-225-46qz65g2_03663826_01851385_01851382.jpg,https://americanarchive.org/catalog/cpb-aacip-225-46qz65g2,00:30:51.382
cpb-aacip-225-46qz65g2_03663826_01869636_01869634.jpg,https://americanarchive.org/catalog/cpb-aacip-225-46qz65g2,00:31:09.634
cpb-aacip-225-46qz65g2_03663826_01908375_01908373.jpg,https://americanarchive.org/catalog/cpb-aacip-225-46qz65g2,00:31:48.373
cpb-aacip-225-46qz65g2_03663826_01918018_01918016.jpg,https://americanarchive.org/catalog/cpb-aacip-225-46qz65g2,00:31:58.016
cpb-aacip-225-46qz65g2_03663826_01931398_01931396.jpg,https://americanarchive.org/catalog/cpb-aacip-225-46qz65g2,00:32:11.396
cpb-aacip-225-46qz65g2_03663826_01939907_01939904.jpg,https://americanarchive.org/catalog/cpb-aacip-225-46qz65g2,00:32:19.904
cpb-aacip-225-46qz65g2_03663826_01950751_01950748.jpg,https://americanarchive.org/catalog/cpb-aacip-225-46qz65g2,00:32:30.748
cpb-aacip-225-46qz65g2_03663826_01963897_01963895.jpg,https://americanarchive.org/catalog/cpb-aacip-225-46qz65g2,00:32:43.895
cpb-aacip-225-46qz65g2_03663826_01969636_01969634.jpg,https://americanarchive.org/catalog/cpb-aacip-225-46qz65g2,00:32:49.634
cpb-aacip-225-46qz65g2_03663826_02049149_02049147.jpg,https://americanarchive.org/catalog/cpb-aacip-225-46qz65g2,00:34:09.147
cpb-aacip-225-46qz65g2_03663826_02103136_02103134.jpg,https://americanarchive.org/catalog/cpb-aacip-225-46qz65g2,00:35:03.134
cpb-aacip-225-46qz65g2_03663826_02217384_02217381.jpg,https://americanarchive.org/catalog/cpb-aacip-225-46qz65g2,00:36:57.381
cpb-aacip-225-46qz65g2_03663826_02659760_02659757.jpg,https://americanarchive.org/catalog/cpb-aacip-225-46qz65g2,00:44:19.757
cpb-aacip-225-46qz65g2_03663826_02794127_02794124.jpg,https://americanarchive.org/catalog/cpb-aacip-225-46qz65g2,00:46:34.124
cpb-aacip-225-46qz65g2_03663826_02845279_02845275.jpg,https://americanarchive.org/catalog/cpb-aacip-225-46qz65g2,00:47:25.275
cpb-aacip-225-46qz65g2_03663826_03143143_03143140.jpg,https://americanarchive.org/catalog/cpb-aacip-225-46qz65g2,00:52:23.140
cpb-aacip-225-46qz65g2_03663826_03298398_03298395.jpg,https://americanarchive.org/catalog/cpb-aacip-225-46qz65g2,00:54:58.395
cpb-aacip-225-46qz65g2_03663826_03365265_03365261.jpg,https://americanarchive.org/catalog/cpb-aacip-225-46qz65g2,00:56:05.261
cpb-aacip-225-46qz65g2_03663826_03601768_03601764.jpg,https://americanarchive.org/catalog/cpb-aacip-225-46qz65g2,01:00:01.764
cpb-aacip-225-47rn8tt8_01722020_00241775_00241774.jpg,https://americanarchive.org/catalog/cpb-aacip-225-47rn8tt8,00:04:01.774
cpb-aacip-225-48sbchm7_03600463_00097397_00097397.jpg,https://americanarchive.org/catalog/cpb-aacip-225-48sbchm7,00:01:37.397
cpb-aacip-225-48sbchm7_03600463_00175876_00175875.jpg,https://americanarchive.org/catalog/cpb-aacip-225-48sbchm7,00:02:55.875
cpb-aacip-225-48sbchm7_03600463_00581381_00581380.jpg,https://americanarchive.org/catalog/cpb-aacip-225-48sbchm7,00:09:41.380
cpb-aacip-225-48sbchm7_03600463_00955255_00955254.jpg,https://americanarchive.org/catalog/cpb-aacip-225-48sbchm7,00:15:55.254
cpb-aacip-225-48sbchm7_03600463_01054021_01054019.jpg,https://americanarchive.org/catalog/cpb-aacip-225-48sbchm7,00:17:34.019
cpb-aacip-225-48sbchm7_03600463_01086253_01086251.jpg,https://americanarchive.org/catalog/cpb-aacip-225-48sbchm7,00:18:06.251
cpb-aacip-225-48sbchm7_03600463_01404404_01404403.jpg,https://americanarchive.org/catalog/cpb-aacip-225-48sbchm7,00:23:24.403
cpb-aacip-225-48sbchm7_03600463_01684151_01684149.jpg,https://americanarchive.org/catalog/cpb-aacip-225-48sbchm7,00:28:04.149
cpb-aacip-225-48sbchm7_03600463_02502769_02502766.jpg,https://americanarchive.org/catalog/cpb-aacip-225-48sbchm7,00:41:42.766
cpb-aacip-225-48sbchm7_03600463_02540774_02540771.jpg,https://americanarchive.org/catalog/cpb-aacip-225-48sbchm7,00:42:20.771
cpb-aacip-225-48sbchm7_03600463_02834501_02834498.jpg,https://americanarchive.org/catalog/cpb-aacip-225-48sbchm7,00:47:14.498
cpb-aacip-225-48sbchm7_03600463_02848882_02848879.jpg,https://americanarchive.org/catalog/cpb-aacip-225-48sbchm7,00:47:28.879
cpb-aacip-225-48sbchm7_03600463_03286520_03286516.jpg,https://americanarchive.org/catalog/cpb-aacip-225-48sbchm7,00:54:46.516
cpb-aacip-225-49t1g691_03746909_00085886_00085885.jpg,https://americanarchive.org/catalog/cpb-aacip-225-49t1g691,00:01:25.885
cpb-aacip-225-49t1g691_03746909_00155022_00155021.jpg,https://americanarchive.org/catalog/cpb-aacip-225-49t1g691,00:02:35.021
cpb-aacip-225-49t1g691_03746909_00237004_00237003.jpg,https://americanarchive.org/catalog/cpb-aacip-225-49t1g691,00:03:57.003
cpb-aacip-225-49t1g691_03746909_00296129_00296129.jpg,https://americanarchive.org/catalog/cpb-aacip-225-49t1g691,00:04:56.129
cpb-aacip-225-49t1g691_03746909_00358158_00358157.jpg,https://americanarchive.org/catalog/cpb-aacip-225-49t1g691,00:05:58.157
cpb-aacip-225-49t1g691_03746909_00440007_00440006.jpg,https://americanarchive.org/catalog/cpb-aacip-225-49t1g691,00:07:20.006
cpb-aacip-225-49t1g691_03746909_01032766_01032765.jpg,https://americanarchive.org/catalog/cpb-aacip-225-49t1g691,00:17:12.765
cpb-aacip-225-49t1g691_03746909_01345512_01345510.jpg,https://americanarchive.org/catalog/cpb-aacip-225-49t1g691,00:22:25.510
cpb-aacip-225-49t1g691_03746909_01677644_01677642.jpg,https://americanarchive.org/catalog/cpb-aacip-225-49t1g691,00:27:57.642
cpb-aacip-225-49t1g691_03746909_01907007_01907005.jpg,https://americanarchive.org/catalog/cpb-aacip-225-49t1g691,00:31:47.005
cpb-aacip-225-49t1g691_03746909_02140007_02140004.jpg,https://americanarchive.org/catalog/cpb-aacip-225-49t1g691,00:35:40.004
cpb-aacip-225-49t1g691_03746909_03046380_03046376.jpg,https://americanarchive.org/catalog/cpb-aacip-225-49t1g691,00:50:46.376
cpb-aacip-225-49t1g691_03746909_03454521_03454517.jpg,https://americanarchive.org/catalog/cpb-aacip-225-49t1g691,00:57:34.517
cpb-aacip-225-49t1g691_03746909_03688755_03688751.jpg,https://americanarchive.org/catalog/cpb-aacip-225-49t1g691,01:01:28.751
cpb-aacip-225-50tqjvnn_01702067_00272639_00272639.jpg,https://americanarchive.org/catalog/cpb-aacip-225-50tqjvnn,00:04:32.639
cpb-aacip-225-50tqjvnn_01702067_00865532_00865531.jpg,https://americanarchive.org/catalog/cpb-aacip-225-50tqjvnn,00:14:25.531
cpb-aacip-225-50tqjvnn_01702067_01147381_01147379.jpg,https://americanarchive.org/catalog/cpb-aacip-225-50tqjvnn,00:19:07.379
cpb-aacip-225-50tqjvpc_01731563_00284885_00284884.jpg,https://americanarchive.org/catalog/cpb-aacip-225-50tqjvpc,00:04:44.884
cpb-aacip-225-50tqjvpc_01731563_01024157_01024156.jpg,https://americanarchive.org/catalog/cpb-aacip-225-50tqjvpc,00:17:04.156
cpb-aacip-225-50tqjvpc_01731563_01336270_01336268.jpg,https://americanarchive.org/catalog/cpb-aacip-225-50tqjvpc,00:22:16.268
cpb-aacip-225-51hhmnck_01734332_00250150_00250149.jpg,https://americanarchive.org/catalog/cpb-aacip-225-51hhmnck,00:04:10.149
cpb-aacip-225-51hhmnck_01734332_00622389_00622388.jpg,https://americanarchive.org/catalog/cpb-aacip-225-51hhmnck,00:10:22.388
cpb-aacip-225-51hhmnck_01734332_00966133_00966131.jpg,https://americanarchive.org/catalog/cpb-aacip-225-51hhmnck,00:16:06.131
cpb-aacip-225-51vdnj5t_01830295_00099766_00099766.jpg,https://americanarchive.org/catalog/cpb-aacip-225-51vdnj5t,00:01:39.766
cpb-aacip-225-51vdnj5t_01830295_00286753_00286753.jpg,https://americanarchive.org/catalog/cpb-aacip-225-51vdnj5t,00:04:46.753
cpb-aacip-225-51vdnj5t_01830295_00644878_00644877.jpg,https://americanarchive.org/catalog/cpb-aacip-225-51vdnj5t,00:10:44.877
cpb-aacip-225-51vdnj5t_01830295_00954521_00954520.jpg,https://americanarchive.org/catalog/cpb-aacip-225-51vdnj5t,00:15:54.520
cpb-aacip-225-51vdnj5t_01830295_01032032_01032031.jpg,https://americanarchive.org/catalog/cpb-aacip-225-51vdnj5t,00:17:12.031
cpb-aacip-225-51vdnjgb_03880109_00792125_00792124.jpg,https://americanarchive.org/catalog/cpb-aacip-225-51vdnjgb,00:13:12.124
cpb-aacip-225-51vdnjgb_03880109_00839640_00839638.jpg,https://americanarchive.org/catalog/cpb-aacip-225-51vdnjgb,00:13:59.638
cpb-aacip-225-51vdnjgb_03880109_00926527_00926525.jpg,https://americanarchive.org/catalog/cpb-aacip-225-51vdnjgb,00:15:26.525
cpb-aacip-225-51vdnjgb_03880109_01162896_01162895.jpg,https://americanarchive.org/catalog/cpb-aacip-225-51vdnjgb,00:19:22.895
cpb-aacip-225-51vdnjgb_03880109_01229396_01229394.jpg,https://americanarchive.org/catalog/cpb-aacip-225-51vdnjgb,00:20:29.394
cpb-aacip-225-51vdnjgb_03880109_01336403_01336401.jpg,https://americanarchive.org/catalog/cpb-aacip-225-51vdnjgb,00:22:16.401
cpb-aacip-225-51vdnjgb_03880109_01558025_01558023.jpg,https://americanarchive.org/catalog/cpb-aacip-225-51vdnjgb,00:25:58.023
cpb-aacip-225-51vdnjgb_03880109_01846880_01846878.jpg,https://americanarchive.org/catalog/cpb-aacip-225-51vdnjgb,00:30:46.878
cpb-aacip-225-51vdnjgb_03880109_02025626_02025623.jpg,https://americanarchive.org/catalog/cpb-aacip-225-51vdnjgb,00:33:45.623
cpb-aacip-225-51vdnjgb_03880109_02139006_02139003.jpg,https://americanarchive.org/catalog/cpb-aacip-225-51vdnjgb,00:35:39.003
cpb-aacip-225-51vdnjgb_03880109_02238906_02238903.jpg,https://americanarchive.org/catalog/cpb-aacip-225-51vdnjgb,00:37:18.903
cpb-aacip-225-51vdnjgb_03880109_02362896_02362893.jpg,https://americanarchive.org/catalog/cpb-aacip-225-51vdnjgb,00:39:22.893
cpb-aacip-225-51vdnjgb_03880109_03050384_03050380.jpg,https://americanarchive.org/catalog/cpb-aacip-225-51vdnjgb,00:50:50.380
cpb-aacip-225-51vdnjgb_03880109_03282282_03282279.jpg,https://americanarchive.org/catalog/cpb-aacip-225-51vdnjgb,00:54:42.279
cpb-aacip-225-51vdnjgb_03880109_03656757_03656753.jpg,https://americanarchive.org/catalog/cpb-aacip-225-51vdnjgb,01:00:56.753
cpb-aacip-225-5269pfd1_03510473_00101902_00101901.jpg,https://americanarchive.org/catalog/cpb-aacip-225-5269pfd1,00:01:41.901
cpb-aacip-225-5269pfd1_03510473_00172406_00172405.jpg,https://americanarchive.org/catalog/cpb-aacip-225-5269pfd1,00:02:52.405
cpb-aacip-225-5269pfd1_03510473_00196129_00196129.jpg,https://americanarchive.org/catalog/cpb-aacip-225-5269pfd1,00:03:16.129
cpb-aacip-225-5269pfd1_03510473_00256890_00256889.jpg,https://americanarchive.org/catalog/cpb-aacip-225-5269pfd1,00:04:16.889
cpb-aacip-225-5269pfd1_03510473_00277778_00277777.jpg,https://americanarchive.org/catalog/cpb-aacip-225-5269pfd1,00:04:37.777
cpb-aacip-225-5269pfd1_03510473_00297764_00297764.jpg,https://americanarchive.org/catalog/cpb-aacip-225-5269pfd1,00:04:57.764
cpb-aacip-225-5269pfd1_03510473_00318652_00318651.jpg,https://americanarchive.org/catalog/cpb-aacip-225-5269pfd1,00:05:18.651
cpb-aacip-225-5269pfd1_03510473_00365032_00365031.jpg,https://americanarchive.org/catalog/cpb-aacip-225-5269pfd1,00:06:05.031
cpb-aacip-225-5269pfd1_03510473_00415516_00415515.jpg,https://americanarchive.org/catalog/cpb-aacip-225-5269pfd1,00:06:55.515
cpb-aacip-225-5269pfd1_03510473_00466767_00466766.jpg,https://americanarchive.org/catalog/cpb-aacip-225-5269pfd1,00:07:46.766
cpb-aacip-225-5269pfd1_03510473_00481515_00481514.jpg,https://americanarchive.org/catalog/cpb-aacip-225-5269pfd1,00:08:01.514
cpb-aacip-225-5269pfd1_03510473_00516283_00516282.jpg,https://americanarchive.org/catalog/cpb-aacip-225-5269pfd1,00:08:36.282
cpb-aacip-225-5269pfd1_03510473_00609276_00609275.jpg,https://americanarchive.org/catalog/cpb-aacip-225-5269pfd1,00:10:09.275
cpb-aacip-225-5269pfd1_03510473_00638505_00638504.jpg,https://americanarchive.org/catalog/cpb-aacip-225-5269pfd1,00:10:38.504
cpb-aacip-225-5269pfd1_03510473_00671505_00671504.jpg,https://americanarchive.org/catalog/cpb-aacip-225-5269pfd1,00:11:11.504
cpb-aacip-225-5269pfd1_03510473_00739907_00739905.jpg,https://americanarchive.org/catalog/cpb-aacip-225-5269pfd1,00:12:19.905
cpb-aacip-225-5269pfd1_03510473_00759259_00759258.jpg,https://americanarchive.org/catalog/cpb-aacip-225-5269pfd1,00:12:39.258
cpb-aacip-225-5269pfd1_03510473_00823657_00823656.jpg,https://americanarchive.org/catalog/cpb-aacip-225-5269pfd1,00:13:43.656
cpb-aacip-225-5269pfd1_03510473_00908275_00908274.jpg,https://americanarchive.org/catalog/cpb-aacip-225-5269pfd1,00:15:08.274
cpb-aacip-225-5269pfd1_03510473_00939506_00939505.jpg,https://americanarchive.org/catalog/cpb-aacip-225-5269pfd1,00:15:39.505
cpb-aacip-225-5269pfd1_03510473_01009643_01009641.jpg,https://americanarchive.org/catalog/cpb-aacip-225-5269pfd1,00:16:49.641
cpb-aacip-225-5269pfd1_03510473_01018519_01018517.jpg,https://americanarchive.org/catalog/cpb-aacip-225-5269pfd1,00:16:58.517
cpb-aacip-225-5269pfd1_03510473_01063764_01063762.jpg,https://americanarchive.org/catalog/cpb-aacip-225-5269pfd1,00:17:43.762
cpb-aacip-225-5269pfd1_03510473_01152152_01152151.jpg,https://americanarchive.org/catalog/cpb-aacip-225-5269pfd1,00:19:12.151
cpb-aacip-225-5269pfd1_03510473_01174141_01174139.jpg,https://americanarchive.org/catalog/cpb-aacip-225-5269pfd1,00:19:34.139
cpb-aacip-225-5269pfd1_03510473_01226627_01226625.jpg,https://americanarchive.org/catalog/cpb-aacip-225-5269pfd1,00:20:26.625
cpb-aacip-225-5269pfd1_03510473_01296129_01296128.jpg,https://americanarchive.org/catalog/cpb-aacip-225-5269pfd1,00:21:36.128
cpb-aacip-225-5269pfd1_03510473_01318018_01318016.jpg,https://americanarchive.org/catalog/cpb-aacip-225-5269pfd1,00:21:58.016
cpb-aacip-225-5269pfd1_03510473_01338405_01338403.jpg,https://americanarchive.org/catalog/cpb-aacip-225-5269pfd1,00:22:18.403
cpb-aacip-225-5269pfd1_03510473_01420254_01420252.jpg,https://americanarchive.org/catalog/cpb-aacip-225-5269pfd1,00:23:40.252
cpb-aacip-225-5269pfd1_03510473_01445512_01445510.jpg,https://americanarchive.org/catalog/cpb-aacip-225-5269pfd1,00:24:05.510
cpb-aacip-225-5269pfd1_03510473_01468135_01468133.jpg,https://americanarchive.org/catalog/cpb-aacip-225-5269pfd1,00:24:28.133
cpb-aacip-225-5269pfd1_03510473_01540507_01540505.jpg,https://americanarchive.org/catalog/cpb-aacip-225-5269pfd1,00:25:40.505
cpb-aacip-225-5269pfd1_03510473_01560027_01560025.jpg,https://americanarchive.org/catalog/cpb-aacip-225-5269pfd1,00:26:00.025
cpb-aacip-225-5269pfd1_03510473_01576777_01576775.jpg,https://americanarchive.org/catalog/cpb-aacip-225-5269pfd1,00:26:16.775
cpb-aacip-225-5269pfd1_03510473_01600133_01600131.jpg,https://americanarchive.org/catalog/cpb-aacip-225-5269pfd1,00:26:40.131
cpb-aacip-225-5269pfd1_03510473_01622256_01622253.jpg,https://americanarchive.org/catalog/cpb-aacip-225-5269pfd1,00:27:02.253
cpb-aacip-225-5269pfd1_03510473_01696630_01696628.jpg,https://americanarchive.org/catalog/cpb-aacip-225-5269pfd1,00:28:16.628
cpb-aacip-225-5269pfd1_03510473_01714014_01714012.jpg,https://americanarchive.org/catalog/cpb-aacip-225-5269pfd1,00:28:34.012
cpb-aacip-225-5269pfd1_03510473_01759893_01759891.jpg,https://americanarchive.org/catalog/cpb-aacip-225-5269pfd1,00:29:19.891
cpb-aacip-225-5269pfd1_03510473_01787521_01787519.jpg,https://americanarchive.org/catalog/cpb-aacip-225-5269pfd1,00:29:47.519
cpb-aacip-225-5269pfd1_03510473_01842776_01842774.jpg,https://americanarchive.org/catalog/cpb-aacip-225-5269pfd1,00:30:42.774
cpb-aacip-225-5269pfd1_03510473_01852519_01852517.jpg,https://americanarchive.org/catalog/cpb-aacip-225-5269pfd1,00:30:52.517
cpb-aacip-225-5269pfd1_03510473_01888155_01888152.jpg,https://americanarchive.org/catalog/cpb-aacip-225-5269pfd1,00:31:28.152
cpb-aacip-225-5269pfd1_03510473_01971638_01971636.jpg,https://americanarchive.org/catalog/cpb-aacip-225-5269pfd1,00:32:51.636
cpb-aacip-225-5269pfd1_03510473_02064531_02064529.jpg,https://americanarchive.org/catalog/cpb-aacip-225-5269pfd1,00:34:24.529
cpb-aacip-225-5269pfd1_03510473_02103770_02103768.jpg,https://americanarchive.org/catalog/cpb-aacip-225-5269pfd1,00:35:03.768
cpb-aacip-225-5269pfd1_03510473_02158025_02158022.jpg,https://americanarchive.org/catalog/cpb-aacip-225-5269pfd1,00:35:58.022
cpb-aacip-225-5269pfd1_03510473_02171271_02171269.jpg,https://americanarchive.org/catalog/cpb-aacip-225-5269pfd1,00:36:11.269
cpb-aacip-225-5269pfd1_03510473_02210377_02210374.jpg,https://americanarchive.org/catalog/cpb-aacip-225-5269pfd1,00:36:50.374
cpb-aacip-225-5269pfd1_03510473_02235002_02234999.jpg,https://americanarchive.org/catalog/cpb-aacip-225-5269pfd1,00:37:14.999
cpb-aacip-225-5269pfd1_03510473_02313380_02313377.jpg,https://americanarchive.org/catalog/cpb-aacip-225-5269pfd1,00:38:33.377
cpb-aacip-225-5269pfd1_03510473_02347648_02347645.jpg,https://americanarchive.org/catalog/cpb-aacip-225-5269pfd1,00:39:07.645
cpb-aacip-225-5269pfd1_03510473_02444278_02444275.jpg,https://americanarchive.org/catalog/cpb-aacip-225-5269pfd1,00:40:44.275
cpb-aacip-225-5269pfd1_03510473_02460894_02460891.jpg,https://americanarchive.org/catalog/cpb-aacip-225-5269pfd1,00:41:00.891
cpb-aacip-225-5269pfd1_03510473_02513780_02513777.jpg,https://americanarchive.org/catalog/cpb-aacip-225-5269pfd1,00:41:53.777
cpb-aacip-225-5269pfd1_03510473_02527127_02527124.jpg,https://americanarchive.org/catalog/cpb-aacip-225-5269pfd1,00:42:07.124
cpb-aacip-225-5269pfd1_03510473_02545879_02545876.jpg,https://americanarchive.org/catalog/cpb-aacip-225-5269pfd1,00:42:25.876
cpb-aacip-225-5269pfd1_03510473_02567501_02567498.jpg,https://americanarchive.org/catalog/cpb-aacip-225-5269pfd1,00:42:47.498
cpb-aacip-225-5269pfd1_03510473_02597631_02597628.jpg,https://americanarchive.org/catalog/cpb-aacip-225-5269pfd1,00:43:17.628
cpb-aacip-225-5269pfd1_03510473_02621522_02621518.jpg,https://americanarchive.org/catalog/cpb-aacip-225-5269pfd1,00:43:41.518
cpb-aacip-225-5269pfd1_03510473_02640641_02640638.jpg,https://americanarchive.org/catalog/cpb-aacip-225-5269pfd1,00:44:00.638
cpb-aacip-225-5269pfd1_03510473_02666533_02666530.jpg,https://americanarchive.org/catalog/cpb-aacip-225-5269pfd1,00:44:26.530
cpb-aacip-225-5269pfd1_03510473_02682282_02682279.jpg,https://americanarchive.org/catalog/cpb-aacip-225-5269pfd1,00:44:42.279
cpb-aacip-225-5269pfd1_03510473_02745012_02745008.jpg,https://americanarchive.org/catalog/cpb-aacip-225-5269pfd1,00:45:45.008
cpb-aacip-225-5269pfd1_03510473_02787654_02787651.jpg,https://americanarchive.org/catalog/cpb-aacip-225-5269pfd1,00:46:27.651
cpb-aacip-225-5269pfd1_03510473_02798899_02798896.jpg,https://americanarchive.org/catalog/cpb-aacip-225-5269pfd1,00:46:38.896
cpb-aacip-225-5269pfd1_03510473_02823757_02823754.jpg,https://americanarchive.org/catalog/cpb-aacip-225-5269pfd1,00:47:03.754
cpb-aacip-225-5269pfd1_03510473_02846280_02846276.jpg,https://americanarchive.org/catalog/cpb-aacip-225-5269pfd1,00:47:26.276
cpb-aacip-225-5269pfd1_03510473_02869503_02869499.jpg,https://americanarchive.org/catalog/cpb-aacip-225-5269pfd1,00:47:49.499
cpb-aacip-225-5269pfd1_03510473_02926627_02926623.jpg,https://americanarchive.org/catalog/cpb-aacip-225-5269pfd1,00:48:46.623
cpb-aacip-225-5269pfd1_03510473_02970904_02970901.jpg,https://americanarchive.org/catalog/cpb-aacip-225-5269pfd1,00:49:30.901
cpb-aacip-225-5269pfd1_03510473_03027628_03027624.jpg,https://americanarchive.org/catalog/cpb-aacip-225-5269pfd1,00:50:27.624
cpb-aacip-225-5269pfd1_03510473_03053520_03053517.jpg,https://americanarchive.org/catalog/cpb-aacip-225-5269pfd1,00:50:53.517
cpb-aacip-225-5269pfd1_03510473_03114014_03114010.jpg,https://americanarchive.org/catalog/cpb-aacip-225-5269pfd1,00:51:54.010
cpb-aacip-225-5269pfd1_03510473_03145646_03145642.jpg,https://americanarchive.org/catalog/cpb-aacip-225-5269pfd1,00:52:25.642
cpb-aacip-225-5269pfd1_03510473_03200901_03200897.jpg,https://americanarchive.org/catalog/cpb-aacip-225-5269pfd1,00:53:20.897
cpb-aacip-225-5269pfd1_03510473_03262029_03262025.jpg,https://americanarchive.org/catalog/cpb-aacip-225-5269pfd1,00:54:22.025
cpb-aacip-225-5269pfd1_03510473_03299032_03299029.jpg,https://americanarchive.org/catalog/cpb-aacip-225-5269pfd1,00:54:59.029
cpb-aacip-225-5269pfd1_03510473_03344278_03344274.jpg,https://americanarchive.org/catalog/cpb-aacip-225-5269pfd1,00:55:44.274
cpb-aacip-225-5269pfd1_03510473_03378645_03378641.jpg,https://americanarchive.org/catalog/cpb-aacip-225-5269pfd1,00:56:18.641
cpb-aacip-225-5269pfd1_03510473_03421655_03421651.jpg,https://americanarchive.org/catalog/cpb-aacip-225-5269pfd1,00:57:01.651
cpb-aacip-225-5269pfd1_03510473_03485519_03485515.jpg,https://americanarchive.org/catalog/cpb-aacip-225-5269pfd1,00:58:05.515
cpb-aacip-225-5370s3m0_01767265_00487020_00487019.jpg,https://americanarchive.org/catalog/cpb-aacip-225-5370s3m0,00:08:07.019
cpb-aacip-225-5370s3m0_01767265_01145279_01145277.jpg,https://americanarchive.org/catalog/cpb-aacip-225-5370s3m0,00:19:05.277
cpb-aacip-225-53wstwhr_01768266_00102903_00102902.jpg,https://americanarchive.org/catalog/cpb-aacip-225-53wstwhr,00:01:42.902
cpb-aacip-225-53wstwhr_01768266_00855656_00855654.jpg,https://americanarchive.org/catalog/cpb-aacip-225-53wstwhr,00:14:15.654
cpb-aacip-225-53wstwhr_01768266_01203403_01203402.jpg,https://americanarchive.org/catalog/cpb-aacip-225-53wstwhr,00:20:03.402
cpb-aacip-225-54kkwnxg_01781146_00612145_00612144.jpg,https://americanarchive.org/catalog/cpb-aacip-225-54kkwnxg,00:10:12.144
cpb-aacip-225-54kkwnxg_01781146_00946880_00946879.jpg,https://americanarchive.org/catalog/cpb-aacip-225-54kkwnxg,00:15:46.879
cpb-aacip-225-54kkwnxg_01781146_01322022_01322020.jpg,https://americanarchive.org/catalog/cpb-aacip-225-54kkwnxg,00:22:02.020
cpb-aacip-225-54xgxjx2_01782413_00094027_00094027.jpg,https://americanarchive.org/catalog/cpb-aacip-225-54xgxjx2,00:01:34.027
cpb-aacip-225-54xgxjx2_01782413_00240908_00240907.jpg,https://americanarchive.org/catalog/cpb-aacip-225-54xgxjx2,00:04:00.907
cpb-aacip-225-54xgxjx2_01782413_00599266_00599265.jpg,https://americanarchive.org/catalog/cpb-aacip-225-54xgxjx2,00:09:59.265
cpb-aacip-225-54xgxjx2_01782413_00896396_00896395.jpg,https://americanarchive.org/catalog/cpb-aacip-225-54xgxjx2,00:14:56.395
cpb-aacip-225-54xgxjx2_01782413_01258158_01258156.jpg,https://americanarchive.org/catalog/cpb-aacip-225-54xgxjx2,00:20:58.156
cpb-aacip-225-54xgxjx2_01782413_01450017_01450015.jpg,https://americanarchive.org/catalog/cpb-aacip-225-54xgxjx2,00:24:10.015
cpb-aacip-225-55z617mg_01725623_00102402_00102402.jpg,https://americanarchive.org/catalog/cpb-aacip-225-55z617mg,00:01:42.402
cpb-aacip-225-55z617mg_01725623_00237271_00237270.jpg,https://americanarchive.org/catalog/cpb-aacip-225-55z617mg,00:03:57.270
cpb-aacip-225-55z617mg_01725623_00594027_00594026.jpg,https://americanarchive.org/catalog/cpb-aacip-225-55z617mg,00:09:54.026
cpb-aacip-225-55z617mg_01725623_01222756_01222754.jpg,https://americanarchive.org/catalog/cpb-aacip-225-55z617mg,00:20:22.754
cpb-aacip-225-58pc8cvz_01857455_00089890_00089889.jpg,https://americanarchive.org/catalog/cpb-aacip-225-58pc8cvz,00:01:29.889
cpb-aacip-225-58pc8cvz_01857455_00156523_00156523.jpg,https://americanarchive.org/catalog/cpb-aacip-225-58pc8cvz,00:02:36.523
cpb-aacip-225-58pc8cvz_01857455_00241642_00241641.jpg,https://americanarchive.org/catalog/cpb-aacip-225-58pc8cvz,00:04:01.641
cpb-aacip-225-58pc8cvz_01857455_00318018_00318017.jpg,https://americanarchive.org/catalog/cpb-aacip-225-58pc8cvz,00:05:18.017
cpb-aacip-225-58pc8cvz_01857455_00500033_00500032.jpg,https://americanarchive.org/catalog/cpb-aacip-225-58pc8cvz,00:08:20.032
cpb-aacip-225-58pc8cvz_01857455_00560027_00560026.jpg,https://americanarchive.org/catalog/cpb-aacip-225-58pc8cvz,00:09:20.026
cpb-aacip-225-58pc8cvz_01857455_00604271_00604270.jpg,https://americanarchive.org/catalog/cpb-aacip-225-58pc8cvz,00:10:04.270
cpb-aacip-225-58pc8cvz_01857455_00821889_00821887.jpg,https://americanarchive.org/catalog/cpb-aacip-225-58pc8cvz,00:13:41.887
cpb-aacip-225-58pc8cvz_01857455_00972639_00972638.jpg,https://americanarchive.org/catalog/cpb-aacip-225-58pc8cvz,00:16:12.638
cpb-aacip-225-58pc8cvz_01857455_01013146_01013145.jpg,https://americanarchive.org/catalog/cpb-aacip-225-58pc8cvz,00:16:53.145
cpb-aacip-225-58pc8cvz_01857455_01087654_01087653.jpg,https://americanarchive.org/catalog/cpb-aacip-225-58pc8cvz,00:18:07.653
cpb-aacip-225-58pc8cvz_01857455_01269136_01269134.jpg,https://americanarchive.org/catalog/cpb-aacip-225-58pc8cvz,00:21:09.134
cpb-aacip-225-58pc8cvz_01857455_01291391_01291390.jpg,https://americanarchive.org/catalog/cpb-aacip-225-58pc8cvz,00:21:31.390
cpb-aacip-225-58pc8cvz_01857455_01334401_01334399.jpg,https://americanarchive.org/catalog/cpb-aacip-225-58pc8cvz,00:22:14.399
cpb-aacip-225-58pc8cvz_01857455_01473140_01473138.jpg,https://americanarchive.org/catalog/cpb-aacip-225-58pc8cvz,00:24:33.138
cpb-aacip-225-58pc8cvz_01857455_01535135_01535133.jpg,https://americanarchive.org/catalog/cpb-aacip-225-58pc8cvz,00:25:35.133
cpb-aacip-225-58pc8cvz_01857455_01692759_01692757.jpg,https://americanarchive.org/catalog/cpb-aacip-225-58pc8cvz,00:28:12.757
cpb-aacip-225-59c5b58c_01743041_00222890_00222889.jpg,https://americanarchive.org/catalog/cpb-aacip-225-59c5b58c,00:03:42.889
cpb-aacip-225-59c5b58c_01743041_00242142_00242141.jpg,https://americanarchive.org/catalog/cpb-aacip-225-59c5b58c,00:04:02.141
cpb-aacip-225-59c5b58c_01743041_00503003_00503002.jpg,https://americanarchive.org/catalog/cpb-aacip-225-59c5b58c,00:08:23.002
cpb-aacip-225-59c5b58c_01743041_01062396_01062394.jpg,https://americanarchive.org/catalog/cpb-aacip-225-59c5b58c,00:17:42.394
cpb-aacip-225-59c5b58c_01743041_01230130_01230128.jpg,https://americanarchive.org/catalog/cpb-aacip-225-59c5b58c,00:20:30.128
cpb-aacip-225-59c5b58c_01743041_01255255_01255254.jpg,https://americanarchive.org/catalog/cpb-aacip-225-59c5b58c,00:20:55.254
cpb-aacip-225-59c5b5gq_03142906_00220254_00220253.jpg,https://americanarchive.org/catalog/cpb-aacip-225-59c5b5gq,00:03:40.253
cpb-aacip-225-59c5b5gq_03142906_00327528_00327527.jpg,https://americanarchive.org/catalog/cpb-aacip-225-59c5b5gq,00:05:27.527
cpb-aacip-225-59c5b5gq_03142906_00645779_00645778.jpg,https://americanarchive.org/catalog/cpb-aacip-225-59c5b5gq,00:10:45.778
cpb-aacip-225-59c5b5gq_03142906_00924892_00924890.jpg,https://americanarchive.org/catalog/cpb-aacip-225-59c5b5gq,00:15:24.890
cpb-aacip-225-59c5b5gq_03142906_01053654_01053652.jpg,https://americanarchive.org/catalog/cpb-aacip-225-59c5b5gq,00:17:33.652
cpb-aacip-225-59c5b5gq_03142906_01411645_01411643.jpg,https://americanarchive.org/catalog/cpb-aacip-225-59c5b5gq,00:23:31.643
cpb-aacip-225-59c5b5gq_03142906_01779379_01779377.jpg,https://americanarchive.org/catalog/cpb-aacip-225-59c5b5gq,00:29:39.377
cpb-aacip-225-59c5b5gq_03142906_02146146_02146144.jpg,https://americanarchive.org/catalog/cpb-aacip-225-59c5b5gq,00:35:46.144
cpb-aacip-225-59c5b5gq_03142906_02648515_02648512.jpg,https://americanarchive.org/catalog/cpb-aacip-225-59c5b5gq,00:44:08.512
cpb-aacip-225-59c5b5gq_03142906_02831131_02831128.jpg,https://americanarchive.org/catalog/cpb-aacip-225-59c5b5gq,00:47:11.128
cpb-aacip-225-59c5b5gq_03142906_02952653_02952649.jpg,https://americanarchive.org/catalog/cpb-aacip-225-59c5b5gq,00:49:12.649
cpb-aacip-225-60qrfqn9_01655053_00243277_00243276.jpg,https://americanarchive.org/catalog/cpb-aacip-225-60qrfqn9,00:04:03.276
cpb-aacip-225-60qrfqn9_01655053_00632900_00632898.jpg,https://americanarchive.org/catalog/cpb-aacip-225-60qrfqn9,00:10:32.898
cpb-aacip-225-60qrfqn9_01655053_01109276_01109274.jpg,https://americanarchive.org/catalog/cpb-aacip-225-60qrfqn9,00:18:29.274
cpb-aacip-225-62s4n305_01875173_00096129_00096129.jpg,https://americanarchive.org/catalog/cpb-aacip-225-62s4n305,00:01:36.129
cpb-aacip-225-62s4n305_01875173_00137504_00137504.jpg,https://americanarchive.org/catalog/cpb-aacip-225-62s4n305,00:02:17.504
cpb-aacip-225-62s4n305_01875173_00173774_00173773.jpg,https://americanarchive.org/catalog/cpb-aacip-225-62s4n305,00:02:53.773
cpb-aacip-225-62s4n305_01875173_00228028_00228027.jpg,https://americanarchive.org/catalog/cpb-aacip-225-62s4n305,00:03:48.027
cpb-aacip-225-62s4n305_01875173_00238505_00238504.jpg,https://americanarchive.org/catalog/cpb-aacip-225-62s4n305,00:03:58.504
cpb-aacip-225-62s4n305_01875173_00267267_00267267.jpg,https://americanarchive.org/catalog/cpb-aacip-225-62s4n305,00:04:27.267
cpb-aacip-225-62s4n305_01875173_00275008_00275008.jpg,https://americanarchive.org/catalog/cpb-aacip-225-62s4n305,00:04:35.008
cpb-aacip-225-62s4n305_01875173_00327895_00327894.jpg,https://americanarchive.org/catalog/cpb-aacip-225-62s4n305,00:05:27.894
cpb-aacip-225-62s4n305_01875173_00353387_00353386.jpg,https://americanarchive.org/catalog/cpb-aacip-225-62s4n305,00:05:53.386
cpb-aacip-225-62s4n305_01875173_00368001_00368000.jpg,https://americanarchive.org/catalog/cpb-aacip-225-62s4n305,00:06:08.000
cpb-aacip-225-62s4n305_01875173_00380380_00380380.jpg,https://americanarchive.org/catalog/cpb-aacip-225-62s4n305,00:06:20.380
cpb-aacip-225-62s4n305_01875173_00416383_00416382.jpg,https://americanarchive.org/catalog/cpb-aacip-225-62s4n305,00:06:56.382
cpb-aacip-225-62s4n305_01875173_00452653_00452652.jpg,https://americanarchive.org/catalog/cpb-aacip-225-62s4n305,00:07:32.652
cpb-aacip-225-62s4n305_01875173_00588021_00588020.jpg,https://americanarchive.org/catalog/cpb-aacip-225-62s4n305,00:09:48.020
cpb-aacip-225-62s4n305_01875173_00723023_00723022.jpg,https://americanarchive.org/catalog/cpb-aacip-225-62s4n305,00:12:03.022
cpb-aacip-225-62s4n305_01875173_00991892_00991890.jpg,https://americanarchive.org/catalog/cpb-aacip-225-62s4n305,00:16:31.890
cpb-aacip-225-62s4n305_01875173_01002402_01002401.jpg,https://americanarchive.org/catalog/cpb-aacip-225-62s4n305,00:16:42.401
cpb-aacip-225-62s4n305_01875173_01046146_01046145.jpg,https://americanarchive.org/catalog/cpb-aacip-225-62s4n305,00:17:26.145
cpb-aacip-225-62s4n305_01875173_01072272_01072271.jpg,https://americanarchive.org/catalog/cpb-aacip-225-62s4n305,00:17:52.271
cpb-aacip-225-62s4n305_01875173_01103904_01103902.jpg,https://americanarchive.org/catalog/cpb-aacip-225-62s4n305,00:18:23.902
cpb-aacip-225-62s4n305_01875173_01156890_01156889.jpg,https://americanarchive.org/catalog/cpb-aacip-225-62s4n305,00:19:16.889
cpb-aacip-225-62s4n305_01875173_01168402_01168400.jpg,https://americanarchive.org/catalog/cpb-aacip-225-62s4n305,00:19:28.400
cpb-aacip-225-62s4n305_01875173_01259760_01259758.jpg,https://americanarchive.org/catalog/cpb-aacip-225-62s4n305,00:20:59.758
cpb-aacip-225-62s4n305_01875173_01444278_01444276.jpg,https://americanarchive.org/catalog/cpb-aacip-225-62s4n305,00:24:04.276
cpb-aacip-225-62s4n305_01875173_01454154_01454152.jpg,https://americanarchive.org/catalog/cpb-aacip-225-62s4n305,00:24:14.152
cpb-aacip-225-62s4n31w_03735231_00062629_00062629.jpg,https://americanarchive.org/catalog/cpb-aacip-225-62s4n31w,00:01:02.629
cpb-aacip-225-62s4n31w_03735231_00083383_00083383.jpg,https://americanarchive.org/catalog/cpb-aacip-225-62s4n31w,00:01:23.383
cpb-aacip-225-62s4n31w_03735231_00137137_00137137.jpg,https://americanarchive.org/catalog/cpb-aacip-225-62s4n31w,00:02:17.137
cpb-aacip-225-62s4n31w_03735231_00169770_00169769.jpg,https://americanarchive.org/catalog/cpb-aacip-225-62s4n31w,00:02:49.769
cpb-aacip-225-62s4n31w_03735231_00233267_00233266.jpg,https://americanarchive.org/catalog/cpb-aacip-225-62s4n31w,00:03:53.266
cpb-aacip-225-62s4n31w_03735231_00253520_00253519.jpg,https://americanarchive.org/catalog/cpb-aacip-225-62s4n31w,00:04:13.519
cpb-aacip-225-62s4n31w_03735231_00297631_00297630.jpg,https://americanarchive.org/catalog/cpb-aacip-225-62s4n31w,00:04:57.630
cpb-aacip-225-62s4n31w_03735231_00315015_00315014.jpg,https://americanarchive.org/catalog/cpb-aacip-225-62s4n31w,00:05:15.014
cpb-aacip-225-62s4n31w_03735231_00379012_00379011.jpg,https://americanarchive.org/catalog/cpb-aacip-225-62s4n31w,00:06:19.011
cpb-aacip-225-62s4n31w_03735231_00390257_00390256.jpg,https://americanarchive.org/catalog/cpb-aacip-225-62s4n31w,00:06:30.256
cpb-aacip-225-62s4n31w_03735231_00435769_00435768.jpg,https://americanarchive.org/catalog/cpb-aacip-225-62s4n31w,00:07:15.768
cpb-aacip-225-62s4n31w_03735231_00477377_00477376.jpg,https://americanarchive.org/catalog/cpb-aacip-225-62s4n31w,00:07:57.376
cpb-aacip-225-62s4n31w_03735231_00505138_00505137.jpg,https://americanarchive.org/catalog/cpb-aacip-225-62s4n31w,00:08:25.137
cpb-aacip-225-62s4n31w_03735231_00529530_00529529.jpg,https://americanarchive.org/catalog/cpb-aacip-225-62s4n31w,00:08:49.529
cpb-aacip-225-62s4n31w_03735231_00547781_00547780.jpg,https://americanarchive.org/catalog/cpb-aacip-225-62s4n31w,00:09:07.780
cpb-aacip-225-62s4n31w_03735231_00578278_00578277.jpg,https://americanarchive.org/catalog/cpb-aacip-225-62s4n31w,00:09:38.277
cpb-aacip-225-62s4n31w_03735231_00603003_00603002.jpg,https://americanarchive.org/catalog/cpb-aacip-225-62s4n31w,00:10:03.002
cpb-aacip-225-62s4n31w_03735231_00654021_00654020.jpg,https://americanarchive.org/catalog/cpb-aacip-225-62s4n31w,00:10:54.020
cpb-aacip-225-62s4n31w_03735231_00675008_00675007.jpg,https://americanarchive.org/catalog/cpb-aacip-225-62s4n31w,00:11:15.007
cpb-aacip-225-62s4n31w_03735231_00697264_00697263.jpg,https://americanarchive.org/catalog/cpb-aacip-225-62s4n31w,00:11:37.263
cpb-aacip-225-62s4n31w_03735231_00706006_00706005.jpg,https://americanarchive.org/catalog/cpb-aacip-225-62s4n31w,00:11:46.005
cpb-aacip-225-62s4n31w_03735231_00742876_00742875.jpg,https://americanarchive.org/catalog/cpb-aacip-225-62s4n31w,00:12:22.875
cpb-aacip-225-62s4n31w_03735231_00782282_00782281.jpg,https://americanarchive.org/catalog/cpb-aacip-225-62s4n31w,00:13:02.281
cpb-aacip-225-62s4n31w_03735231_00797631_00797630.jpg,https://americanarchive.org/catalog/cpb-aacip-225-62s4n31w,00:13:17.630
cpb-aacip-225-62s4n31w_03735231_00819520_00819518.jpg,https://americanarchive.org/catalog/cpb-aacip-225-62s4n31w,00:13:39.518
cpb-aacip-225-62s4n31w_03735231_00848649_00848647.jpg,https://americanarchive.org/catalog/cpb-aacip-225-62s4n31w,00:14:08.647
cpb-aacip-225-62s4n31w_03735231_00907641_00907640.jpg,https://americanarchive.org/catalog/cpb-aacip-225-62s4n31w,00:15:07.640
cpb-aacip-225-62s4n31w_03735231_00922022_00922021.jpg,https://americanarchive.org/catalog/cpb-aacip-225-62s4n31w,00:15:22.021
cpb-aacip-225-62s4n31w_03735231_00942776_00942775.jpg,https://americanarchive.org/catalog/cpb-aacip-225-62s4n31w,00:15:42.775
cpb-aacip-225-62s4n31w_03735231_00965132_00965130.jpg,https://americanarchive.org/catalog/cpb-aacip-225-62s4n31w,00:16:05.130
cpb-aacip-225-62s4n31w_03735231_01033267_01033265.jpg,https://americanarchive.org/catalog/cpb-aacip-225-62s4n31w,00:17:13.265
cpb-aacip-225-62s4n31w_03735231_01042276_01042274.jpg,https://americanarchive.org/catalog/cpb-aacip-225-62s4n31w,00:17:22.274
cpb-aacip-225-62s4n31w_03735231_01116383_01116381.jpg,https://americanarchive.org/catalog/cpb-aacip-225-62s4n31w,00:18:36.381
cpb-aacip-225-62s4n31w_03735231_01135769_01135767.jpg,https://americanarchive.org/catalog/cpb-aacip-225-62s4n31w,00:18:55.767
cpb-aacip-225-62s4n31w_03735231_01153654_01153652.jpg,https://americanarchive.org/catalog/cpb-aacip-225-62s4n31w,00:19:13.652
cpb-aacip-225-62s4n31w_03735231_01218652_01218650.jpg,https://americanarchive.org/catalog/cpb-aacip-225-62s4n31w,00:20:18.650
cpb-aacip-225-62s4n31w_03735231_01233033_01233031.jpg,https://americanarchive.org/catalog/cpb-aacip-225-62s4n31w,00:20:33.031
cpb-aacip-225-62s4n31w_03735231_01363530_01363528.jpg,https://americanarchive.org/catalog/cpb-aacip-225-62s4n31w,00:22:43.528
cpb-aacip-225-62s4n31w_03735231_01449883_01449881.jpg,https://americanarchive.org/catalog/cpb-aacip-225-62s4n31w,00:24:09.881
cpb-aacip-225-62s4n31w_03735231_01468635_01468633.jpg,https://americanarchive.org/catalog/cpb-aacip-225-62s4n31w,00:24:28.633
cpb-aacip-225-62s4n31w_03735231_01524758_01524756.jpg,https://americanarchive.org/catalog/cpb-aacip-225-62s4n31w,00:25:24.756
cpb-aacip-225-62s4n31w_03735231_01555656_01555654.jpg,https://americanarchive.org/catalog/cpb-aacip-225-62s4n31w,00:25:55.654
cpb-aacip-225-62s4n31w_03735231_01600000_01599998.jpg,https://americanarchive.org/catalog/cpb-aacip-225-62s4n31w,00:26:39.998
cpb-aacip-225-62s4n31w_03735231_01611778_01611776.jpg,https://americanarchive.org/catalog/cpb-aacip-225-62s4n31w,00:26:51.776
cpb-aacip-225-62s4n31w_03735231_01692125_01692123.jpg,https://americanarchive.org/catalog/cpb-aacip-225-62s4n31w,00:28:12.123
cpb-aacip-225-62s4n31w_03735231_01726894_01726891.jpg,https://americanarchive.org/catalog/cpb-aacip-225-62s4n31w,00:28:46.891
cpb-aacip-225-62s4n31w_03735231_01786520_01786518.jpg,https://americanarchive.org/catalog/cpb-aacip-225-62s4n31w,00:29:46.518
cpb-aacip-225-62s4n31w_03735231_01836637_01836634.jpg,https://americanarchive.org/catalog/cpb-aacip-225-62s4n31w,00:30:36.634
cpb-aacip-225-62s4n31w_03735231_02000400_02000398.jpg,https://americanarchive.org/catalog/cpb-aacip-225-62s4n31w,00:33:20.398
cpb-aacip-225-62s4n31w_03735231_02060027_02060024.jpg,https://americanarchive.org/catalog/cpb-aacip-225-62s4n31w,00:34:20.024
cpb-aacip-225-62s4n31w_03735231_02076009_02076007.jpg,https://americanarchive.org/catalog/cpb-aacip-225-62s4n31w,00:34:36.007
cpb-aacip-225-62s4n31w_03735231_02154388_02154385.jpg,https://americanarchive.org/catalog/cpb-aacip-225-62s4n31w,00:35:54.385
cpb-aacip-225-62s4n31w_03735231_02237137_02237134.jpg,https://americanarchive.org/catalog/cpb-aacip-225-62s4n31w,00:37:17.134
cpb-aacip-225-62s4n31w_03735231_02252653_02252650.jpg,https://americanarchive.org/catalog/cpb-aacip-225-62s4n31w,00:37:32.650
cpb-aacip-225-62s4n31w_03735231_02311879_02311876.jpg,https://americanarchive.org/catalog/cpb-aacip-225-62s4n31w,00:38:31.876
cpb-aacip-225-62s4n31w_03735231_02339273_02339270.jpg,https://americanarchive.org/catalog/cpb-aacip-225-62s4n31w,00:38:59.270
cpb-aacip-225-62s4n31w_03735231_02425759_02425756.jpg,https://americanarchive.org/catalog/cpb-aacip-225-62s4n31w,00:40:25.756
cpb-aacip-225-62s4n31w_03735231_02450751_02450748.jpg,https://americanarchive.org/catalog/cpb-aacip-225-62s4n31w,00:40:50.748
cpb-aacip-225-62s4n31w_03735231_02486386_02486383.jpg,https://americanarchive.org/catalog/cpb-aacip-225-62s4n31w,00:41:26.383
cpb-aacip-225-62s4n31w_03735231_02506006_02506003.jpg,https://americanarchive.org/catalog/cpb-aacip-225-62s4n31w,00:41:46.003
cpb-aacip-225-62s4n31w_03735231_02517150_02517147.jpg,https://americanarchive.org/catalog/cpb-aacip-225-62s4n31w,00:41:57.147
cpb-aacip-225-62s4n31w_03735231_02532132_02532129.jpg,https://americanarchive.org/catalog/cpb-aacip-225-62s4n31w,00:42:12.129
cpb-aacip-225-62s4n31w_03735231_02595762_02595759.jpg,https://americanarchive.org/catalog/cpb-aacip-225-62s4n31w,00:43:15.759
cpb-aacip-225-62s4n31w_03735231_02608876_02608872.jpg,https://americanarchive.org/catalog/cpb-aacip-225-62s4n31w,00:43:28.872
cpb-aacip-225-62s4n31w_03735231_02623257_02623253.jpg,https://americanarchive.org/catalog/cpb-aacip-225-62s4n31w,00:43:43.253
cpb-aacip-225-62s4n31w_03735231_02681281_02681278.jpg,https://americanarchive.org/catalog/cpb-aacip-225-62s4n31w,00:44:41.278
cpb-aacip-225-62s4n31w_03735231_02698131_02698128.jpg,https://americanarchive.org/catalog/cpb-aacip-225-62s4n31w,00:44:58.128
cpb-aacip-225-62s4n31w_03735231_02785886_02785883.jpg,https://americanarchive.org/catalog/cpb-aacip-225-62s4n31w,00:46:25.883
cpb-aacip-225-62s4n31w_03735231_02801902_02801899.jpg,https://americanarchive.org/catalog/cpb-aacip-225-62s4n31w,00:46:41.899
cpb-aacip-225-62s4n31w_03735231_02816149_02816146.jpg,https://americanarchive.org/catalog/cpb-aacip-225-62s4n31w,00:46:56.146
cpb-aacip-225-62s4n31w_03735231_02883517_02883513.jpg,https://americanarchive.org/catalog/cpb-aacip-225-62s4n31w,00:48:03.513
cpb-aacip-225-62s4n31w_03735231_02911144_02911141.jpg,https://americanarchive.org/catalog/cpb-aacip-225-62s4n31w,00:48:31.141
cpb-aacip-225-62s4n31w_03735231_02934902_02934898.jpg,https://americanarchive.org/catalog/cpb-aacip-225-62s4n31w,00:48:54.898
cpb-aacip-225-62s4n31w_03735231_02952519_02952516.jpg,https://americanarchive.org/catalog/cpb-aacip-225-62s4n31w,00:49:12.516
cpb-aacip-225-62s4n31w_03735231_02973507_02973503.jpg,https://americanarchive.org/catalog/cpb-aacip-225-62s4n31w,00:49:33.503
cpb-aacip-225-62s4n31w_03735231_02984518_02984514.jpg,https://americanarchive.org/catalog/cpb-aacip-225-62s4n31w,00:49:44.514
cpb-aacip-225-62s4n31w_03735231_03018252_03018248.jpg,https://americanarchive.org/catalog/cpb-aacip-225-62s4n31w,00:50:18.248
cpb-aacip-225-62s4n31w_03735231_03035769_03035766.jpg,https://americanarchive.org/catalog/cpb-aacip-225-62s4n31w,00:50:35.766
cpb-aacip-225-62s4n31w_03735231_03059526_03059523.jpg,https://americanarchive.org/catalog/cpb-aacip-225-62s4n31w,00:50:59.523
cpb-aacip-225-62s4n31w_03735231_03091758_03091755.jpg,https://americanarchive.org/catalog/cpb-aacip-225-62s4n31w,00:51:31.755
cpb-aacip-225-62s4n31w_03735231_03125125_03125122.jpg,https://americanarchive.org/catalog/cpb-aacip-225-62s4n31w,00:52:05.122
cpb-aacip-225-62s4n31w_03735231_03137638_03137634.jpg,https://americanarchive.org/catalog/cpb-aacip-225-62s4n31w,00:52:17.634
cpb-aacip-225-62s4n31w_03735231_03203403_03203400.jpg,https://americanarchive.org/catalog/cpb-aacip-225-62s4n31w,00:53:23.400
cpb-aacip-225-62s4n31w_03735231_03261261_03261258.jpg,https://americanarchive.org/catalog/cpb-aacip-225-62s4n31w,00:54:21.258
cpb-aacip-225-62s4n31w_03735231_03281648_03281645.jpg,https://americanarchive.org/catalog/cpb-aacip-225-62s4n31w,00:54:41.645
cpb-aacip-225-62s4n31w_03735231_03328629_03328625.jpg,https://americanarchive.org/catalog/cpb-aacip-225-62s4n31w,00:55:28.625
cpb-aacip-225-62s4n31w_03735231_03359393_03359389.jpg,https://americanarchive.org/catalog/cpb-aacip-225-62s4n31w,00:55:59.389
cpb-aacip-225-62s4n31w_03735231_03391024_03391020.jpg,https://americanarchive.org/catalog/cpb-aacip-225-62s4n31w,00:56:31.020
cpb-aacip-225-62s4n31w_03735231_03411278_03411274.jpg,https://americanarchive.org/catalog/cpb-aacip-225-62s4n31w,00:56:51.274
cpb-aacip-225-62s4n31w_03735231_03459259_03459255.jpg,https://americanarchive.org/catalog/cpb-aacip-225-62s4n31w,00:57:39.255
cpb-aacip-225-62s4n31w_03735231_03466633_03466629.jpg,https://americanarchive.org/catalog/cpb-aacip-225-62s4n31w,00:57:46.629
cpb-aacip-225-62s4n31w_03735231_03488021_03488017.jpg,https://americanarchive.org/catalog/cpb-aacip-225-62s4n31w,00:58:08.017
cpb-aacip-225-62s4n31w_03735231_03526894_03526890.jpg,https://americanarchive.org/catalog/cpb-aacip-225-62s4n31w,00:58:46.890
cpb-aacip-225-62s4n31w_03735231_03569403_03569399.jpg,https://americanarchive.org/catalog/cpb-aacip-225-62s4n31w,00:59:29.399
cpb-aacip-225-62s4n31w_03735231_03598031_03598027.jpg,https://americanarchive.org/catalog/cpb-aacip-225-62s4n31w,00:59:58.027
cpb-aacip-225-62s4n31w_03735231_03619019_03619015.jpg,https://americanarchive.org/catalog/cpb-aacip-225-62s4n31w,01:00:19.015
cpb-aacip-225-62s4n31w_03735231_03705272_03705268.jpg,https://americanarchive.org/catalog/cpb-aacip-225-62s4n31w,01:01:45.268
cpb-aacip-225-6341nznq_01888853_00104771_00104771.jpg,https://americanarchive.org/catalog/cpb-aacip-225-6341nznq,00:01:44.771
cpb-aacip-225-6341nznq_01888853_00160027_00160026.jpg,https://americanarchive.org/catalog/cpb-aacip-225-6341nznq,00:02:40.026
cpb-aacip-225-6341nznq_01888853_00215649_00215648.jpg,https://americanarchive.org/catalog/cpb-aacip-225-6341nznq,00:03:35.648
cpb-aacip-225-6341nznq_01888853_00308275_00308274.jpg,https://americanarchive.org/catalog/cpb-aacip-225-6341nznq,00:05:08.274
cpb-aacip-225-6341nznq_01888853_00817885_00817883.jpg,https://americanarchive.org/catalog/cpb-aacip-225-6341nznq,00:13:37.883
cpb-aacip-225-6341nznq_01888853_00865532_00865531.jpg,https://americanarchive.org/catalog/cpb-aacip-225-6341nznq,00:14:25.531
cpb-aacip-225-6341nznq_01888853_00914281_00914280.jpg,https://americanarchive.org/catalog/cpb-aacip-225-6341nznq,00:15:14.280
cpb-aacip-225-6341nznq_01888853_01000901_01000899.jpg,https://americanarchive.org/catalog/cpb-aacip-225-6341nznq,00:16:40.899
cpb-aacip-225-6341nznq_01888853_01062529_01062528.jpg,https://americanarchive.org/catalog/cpb-aacip-225-6341nznq,00:17:42.528
cpb-aacip-225-6341nzq5_01721252_00693527_00693526.jpg,https://americanarchive.org/catalog/cpb-aacip-225-6341nzq5,00:11:33.526
cpb-aacip-225-6341nzq5_01721252_00733033_00733032.jpg,https://americanarchive.org/catalog/cpb-aacip-225-6341nzq5,00:12:13.032
cpb-aacip-225-644qrn7r_01805203_00353153_00353152.jpg,https://americanarchive.org/catalog/cpb-aacip-225-644qrn7r,00:05:53.152
cpb-aacip-225-644qrn7r_01805203_00621655_00621654.jpg,https://americanarchive.org/catalog/cpb-aacip-225-644qrn7r,00:10:21.654
cpb-aacip-225-65h9w6jg_02930093_00301502_00301501.jpg,https://americanarchive.org/catalog/cpb-aacip-225-65h9w6jg,00:05:01.501
cpb-aacip-225-65h9w6jg_02930093_00410511_00410510.jpg,https://americanarchive.org/catalog/cpb-aacip-225-65h9w6jg,00:06:50.510
cpb-aacip-225-65h9w6jg_02930093_00842643_00842641.jpg,https://americanarchive.org/catalog/cpb-aacip-225-65h9w6jg,00:14:02.641
cpb-aacip-225-65h9w6jg_02930093_01601134_01601132.jpg,https://americanarchive.org/catalog/cpb-aacip-225-65h9w6jg,00:26:41.132
cpb-aacip-225-65h9w6jg_02930093_02169403_02169400.jpg,https://americanarchive.org/catalog/cpb-aacip-225-65h9w6jg,00:36:09.400
cpb-aacip-225-65h9w6jg_02930093_02219653_02219650.jpg,https://americanarchive.org/catalog/cpb-aacip-225-65h9w6jg,00:36:59.650
cpb-aacip-225-65h9w6jg_02930093_02422389_02422386.jpg,https://americanarchive.org/catalog/cpb-aacip-225-65h9w6jg,00:40:22.386
cpb-aacip-225-65v6x41w_03555251_00250150_00250149.jpg,https://americanarchive.org/catalog/cpb-aacip-225-65v6x41w,00:04:10.149
cpb-aacip-225-65v6x41w_03555251_01138639_01138637.jpg,https://americanarchive.org/catalog/cpb-aacip-225-65v6x41w,00:18:58.637
cpb-aacip-225-65v6x41w_03555251_01179646_01179645.jpg,https://americanarchive.org/catalog/cpb-aacip-225-65v6x41w,00:19:39.645
cpb-aacip-225-65v6x41w_03555251_02066266_02066264.jpg,https://americanarchive.org/catalog/cpb-aacip-225-65v6x41w,00:34:26.264
cpb-aacip-225-65v6x41w_03555251_02292526_02292523.jpg,https://americanarchive.org/catalog/cpb-aacip-225-65v6x41w,00:38:12.523
cpb-aacip-225-65v6x41w_03555251_02331031_02331028.jpg,https://americanarchive.org/catalog/cpb-aacip-225-65v6x41w,00:38:51.028
cpb-aacip-225-65v6x41w_03555251_02468902_02468899.jpg,https://americanarchive.org/catalog/cpb-aacip-225-65v6x41w,00:41:08.899
cpb-aacip-225-65v6x41w_03555251_02484885_02484882.jpg,https://americanarchive.org/catalog/cpb-aacip-225-65v6x41w,00:41:24.882
cpb-aacip-225-65v6x41w_03555251_02513780_02513777.jpg,https://americanarchive.org/catalog/cpb-aacip-225-65v6x41w,00:41:53.777
cpb-aacip-225-65v6x41w_03555251_02553754_02553751.jpg,https://americanarchive.org/catalog/cpb-aacip-225-65v6x41w,00:42:33.751
cpb-aacip-225-65v6x41w_03555251_02590023_02590020.jpg,https://americanarchive.org/catalog/cpb-aacip-225-65v6x41w,00:43:10.020
cpb-aacip-225-65v6x41w_03555251_02620888_02620884.jpg,https://americanarchive.org/catalog/cpb-aacip-225-65v6x41w,00:43:40.884
cpb-aacip-225-65v6x41w_03555251_02646647_02646644.jpg,https://americanarchive.org/catalog/cpb-aacip-225-65v6x41w,00:44:06.644
cpb-aacip-225-65v6x41w_03555251_02664131_02664128.jpg,https://americanarchive.org/catalog/cpb-aacip-225-65v6x41w,00:44:24.128
cpb-aacip-225-65v6x41w_03555251_02722155_02722152.jpg,https://americanarchive.org/catalog/cpb-aacip-225-65v6x41w,00:45:22.152
cpb-aacip-225-65v6x41w_03555251_02738005_02738001.jpg,https://americanarchive.org/catalog/cpb-aacip-225-65v6x41w,00:45:38.001
cpb-aacip-225-65v6x41w_03555251_02824024_02824021.jpg,https://americanarchive.org/catalog/cpb-aacip-225-65v6x41w,00:47:04.021
cpb-aacip-225-65v6x41w_03555251_03266133_03266129.jpg,https://americanarchive.org/catalog/cpb-aacip-225-65v6x41w,00:54:26.129
cpb-aacip-225-676t1p11_01927258_00590023_00590022.jpg,https://americanarchive.org/catalog/cpb-aacip-225-676t1p11,00:09:50.022
cpb-aacip-225-676t1p2r_01847779_00233634_00233633.jpg,https://americanarchive.org/catalog/cpb-aacip-225-676t1p2r,00:03:53.633
cpb-aacip-225-676t1p2r_01847779_00571138_00571137.jpg,https://americanarchive.org/catalog/cpb-aacip-225-676t1p2r,00:09:31.137
cpb-aacip-225-676t1p2r_01847779_00905506_00905504.jpg,https://americanarchive.org/catalog/cpb-aacip-225-676t1p2r,00:15:05.504
cpb-aacip-225-676t1p2r_01847779_01231765_01231763.jpg,https://americanarchive.org/catalog/cpb-aacip-225-676t1p2r,00:20:31.763
cpb-aacip-225-676t1pd0_01845376_00252886_00252885.jpg,https://americanarchive.org/catalog/cpb-aacip-225-676t1pd0,00:04:12.885
cpb-aacip-225-676t1pd0_01845376_00267134_00267133.jpg,https://americanarchive.org/catalog/cpb-aacip-225-676t1pd0,00:04:27.133
cpb-aacip-225-676t1pd0_01845376_00292392_00292392.jpg,https://americanarchive.org/catalog/cpb-aacip-225-676t1pd0,00:04:52.392
cpb-aacip-225-676t1pd0_01845376_00401001_00401000.jpg,https://americanarchive.org/catalog/cpb-aacip-225-676t1pd0,00:06:41.000
cpb-aacip-225-676t1pd0_01845376_00481281_00481280.jpg,https://americanarchive.org/catalog/cpb-aacip-225-676t1pd0,00:08:01.280
cpb-aacip-225-676t1pd0_01845376_00556256_00556255.jpg,https://americanarchive.org/catalog/cpb-aacip-225-676t1pd0,00:09:16.255
cpb-aacip-225-676t1pd0_01845376_00664765_00664764.jpg,https://americanarchive.org/catalog/cpb-aacip-225-676t1pd0,00:11:04.764
cpb-aacip-225-676t1pd0_01845376_00926760_00926759.jpg,https://americanarchive.org/catalog/cpb-aacip-225-676t1pd0,00:15:26.759
cpb-aacip-225-676t1pd0_01845376_00979012_00979011.jpg,https://americanarchive.org/catalog/cpb-aacip-225-676t1pd0,00:16:19.011
cpb-aacip-225-676t1pd0_01845376_01009877_01009875.jpg,https://americanarchive.org/catalog/cpb-aacip-225-676t1pd0,00:16:49.875
cpb-aacip-225-676t1pd0_01845376_01032766_01032765.jpg,https://americanarchive.org/catalog/cpb-aacip-225-676t1pd0,00:17:12.765
cpb-aacip-225-676t1pd0_01845376_01080781_01080779.jpg,https://americanarchive.org/catalog/cpb-aacip-225-676t1pd0,00:18:00.779
cpb-aacip-225-676t1pd0_01845376_01100501_01100499.jpg,https://americanarchive.org/catalog/cpb-aacip-225-676t1pd0,00:18:20.499
cpb-aacip-225-676t1pd0_01845376_01112513_01112511.jpg,https://americanarchive.org/catalog/cpb-aacip-225-676t1pd0,00:18:32.511
cpb-aacip-225-676t1pd0_01845376_01124258_01124256.jpg,https://americanarchive.org/catalog/cpb-aacip-225-676t1pd0,00:18:44.256
cpb-aacip-225-676t1pd0_01845376_01205506_01205504.jpg,https://americanarchive.org/catalog/cpb-aacip-225-676t1pd0,00:20:05.504
cpb-aacip-225-676t1pd0_01845376_01221255_01221253.jpg,https://americanarchive.org/catalog/cpb-aacip-225-676t1pd0,00:20:21.253
cpb-aacip-225-676t1pd0_01845376_01246513_01246511.jpg,https://americanarchive.org/catalog/cpb-aacip-225-676t1pd0,00:20:46.511
cpb-aacip-225-676t1pd0_01845376_01312012_01312010.jpg,https://americanarchive.org/catalog/cpb-aacip-225-676t1pd0,00:21:52.010
cpb-aacip-225-676t1pd0_01845376_01365132_01365130.jpg,https://americanarchive.org/catalog/cpb-aacip-225-676t1pd0,00:22:45.130
cpb-aacip-225-676t1pd0_01845376_01406139_01406138.jpg,https://americanarchive.org/catalog/cpb-aacip-225-676t1pd0,00:23:26.138
cpb-aacip-225-676t1pd0_01845376_01425125_01425123.jpg,https://americanarchive.org/catalog/cpb-aacip-225-676t1pd0,00:23:45.123
cpb-aacip-225-676t1pd0_01845376_01546013_01546011.jpg,https://americanarchive.org/catalog/cpb-aacip-225-676t1pd0,00:25:46.011
cpb-aacip-225-676t1pd0_01845376_01691158_01691156.jpg,https://americanarchive.org/catalog/cpb-aacip-225-676t1pd0,00:28:11.156
cpb-aacip-225-67jq2jv9_01821152_00283750_00283750.jpg,https://americanarchive.org/catalog/cpb-aacip-225-67jq2jv9,00:04:43.750
cpb-aacip-225-67jq2jv9_01821152_00964531_00964530.jpg,https://americanarchive.org/catalog/cpb-aacip-225-67jq2jv9,00:16:04.530
cpb-aacip-225-67jq2jv9_01821152_01289656_01289655.jpg,https://americanarchive.org/catalog/cpb-aacip-225-67jq2jv9,00:21:29.655
cpb-aacip-225-67wm3fvw_01690955_00102002_00102001.jpg,https://americanarchive.org/catalog/cpb-aacip-225-67wm3fvw,00:01:42.001
cpb-aacip-225-67wm3fvw_01690955_00274007_00274007.jpg,https://americanarchive.org/catalog/cpb-aacip-225-67wm3fvw,00:04:34.007
cpb-aacip-225-67wm3fvw_01690955_00697631_00697630.jpg,https://americanarchive.org/catalog/cpb-aacip-225-67wm3fvw,00:11:37.630
cpb-aacip-225-67wm3fvw_01690955_01014281_01014279.jpg,https://americanarchive.org/catalog/cpb-aacip-225-67wm3fvw,00:16:54.279
cpb-aacip-225-67wm3fvw_01690955_01355522_01355520.jpg,https://americanarchive.org/catalog/cpb-aacip-225-67wm3fvw,00:22:35.520
cpb-aacip-225-687h4bv1_01950081_00068268_00068268.jpg,https://americanarchive.org/catalog/cpb-aacip-225-687h4bv1,00:01:08.268
cpb-aacip-225-687h4bv1_01950081_00122256_00122255.jpg,https://americanarchive.org/catalog/cpb-aacip-225-687h4bv1,00:02:02.255
cpb-aacip-225-687h4bv1_01950081_00185752_00185752.jpg,https://americanarchive.org/catalog/cpb-aacip-225-687h4bv1,00:03:05.752
cpb-aacip-225-687h4bv1_01950081_00289022_00289022.jpg,https://americanarchive.org/catalog/cpb-aacip-225-687h4bv1,00:04:49.022
cpb-aacip-225-687h4bv1_01950081_00423757_00423756.jpg,https://americanarchive.org/catalog/cpb-aacip-225-687h4bv1,00:07:03.756
cpb-aacip-225-687h4bv1_01950081_00580514_00580513.jpg,https://americanarchive.org/catalog/cpb-aacip-225-687h4bv1,00:09:40.513
cpb-aacip-225-687h4bv1_01950081_00585018_00585017.jpg,https://americanarchive.org/catalog/cpb-aacip-225-687h4bv1,00:09:45.017
cpb-aacip-225-687h4bv1_01950081_00629396_00629395.jpg,https://americanarchive.org/catalog/cpb-aacip-225-687h4bv1,00:10:29.395
cpb-aacip-225-687h4bv1_01950081_00660761_00660760.jpg,https://americanarchive.org/catalog/cpb-aacip-225-687h4bv1,00:11:00.760
cpb-aacip-225-687h4bv1_01950081_00679379_00679378.jpg,https://americanarchive.org/catalog/cpb-aacip-225-687h4bv1,00:11:19.378
cpb-aacip-225-687h4bv1_01950081_00701502_00701500.jpg,https://americanarchive.org/catalog/cpb-aacip-225-687h4bv1,00:11:41.500
cpb-aacip-225-687h4bv1_01950081_00748282_00748280.jpg,https://americanarchive.org/catalog/cpb-aacip-225-687h4bv1,00:12:28.280
cpb-aacip-225-687h4bv1_01950081_00801134_00801133.jpg,https://americanarchive.org/catalog/cpb-aacip-225-687h4bv1,00:13:21.133
cpb-aacip-225-687h4bv1_01950081_00822256_00822254.jpg,https://americanarchive.org/catalog/cpb-aacip-225-687h4bv1,00:13:42.254
cpb-aacip-225-687h4bv1_01950081_00978512_00978510.jpg,https://americanarchive.org/catalog/cpb-aacip-225-687h4bv1,00:16:18.510
cpb-aacip-225-687h4bv1_01950081_01014281_01014279.jpg,https://americanarchive.org/catalog/cpb-aacip-225-687h4bv1,00:16:54.279
cpb-aacip-225-687h4bv1_01950081_01030764_01030763.jpg,https://americanarchive.org/catalog/cpb-aacip-225-687h4bv1,00:17:10.763
cpb-aacip-225-687h4bv1_01950081_01052519_01052518.jpg,https://americanarchive.org/catalog/cpb-aacip-225-687h4bv1,00:17:32.518
cpb-aacip-225-687h4bv1_01950081_01066900_01066899.jpg,https://americanarchive.org/catalog/cpb-aacip-225-687h4bv1,00:17:46.899
cpb-aacip-225-687h4bv1_01950081_01106006_01106004.jpg,https://americanarchive.org/catalog/cpb-aacip-225-687h4bv1,00:18:26.004
cpb-aacip-225-687h4bv1_01950081_01141008_01141006.jpg,https://americanarchive.org/catalog/cpb-aacip-225-687h4bv1,00:19:01.006
cpb-aacip-225-687h4bv1_01950081_01246280_01246278.jpg,https://americanarchive.org/catalog/cpb-aacip-225-687h4bv1,00:20:46.278
cpb-aacip-225-687h4bv1_01950081_01352753_01352751.jpg,https://americanarchive.org/catalog/cpb-aacip-225-687h4bv1,00:22:32.751
cpb-aacip-225-687h4bv1_01950081_01361395_01361393.jpg,https://americanarchive.org/catalog/cpb-aacip-225-687h4bv1,00:22:41.393
cpb-aacip-225-687h4bv1_01950081_01398265_01398263.jpg,https://americanarchive.org/catalog/cpb-aacip-225-687h4bv1,00:23:18.263
cpb-aacip-225-687h4bv1_01950081_01418752_01418750.jpg,https://americanarchive.org/catalog/cpb-aacip-225-687h4bv1,00:23:38.750
cpb-aacip-225-687h4bv1_01950081_01442509_01442507.jpg,https://americanarchive.org/catalog/cpb-aacip-225-687h4bv1,00:24:02.507
cpb-aacip-225-687h4bv1_01950081_01501268_01501266.jpg,https://americanarchive.org/catalog/cpb-aacip-225-687h4bv1,00:25:01.266
cpb-aacip-225-687h4bv1_01950081_01549783_01549781.jpg,https://americanarchive.org/catalog/cpb-aacip-225-687h4bv1,00:25:49.781
cpb-aacip-225-687h4bv1_01950081_01635636_01635634.jpg,https://americanarchive.org/catalog/cpb-aacip-225-687h4bv1,00:27:15.634
cpb-aacip-225-687h4bv1_01950081_01721522_01721519.jpg,https://americanarchive.org/catalog/cpb-aacip-225-687h4bv1,00:28:41.519
cpb-aacip-225-687h4bv1_01950081_01809276_01809274.jpg,https://americanarchive.org/catalog/cpb-aacip-225-687h4bv1,00:30:09.274
cpb-aacip-225-687h4bv1_01950081_01845779_01845777.jpg,https://americanarchive.org/catalog/cpb-aacip-225-687h4bv1,00:30:45.777
cpb-aacip-225-687h4bv1_01950081_01864264_01864262.jpg,https://americanarchive.org/catalog/cpb-aacip-225-687h4bv1,00:31:04.262
cpb-aacip-225-687h4bwr_03765161_02313780_02313778.jpg,https://americanarchive.org/catalog/cpb-aacip-225-687h4bwr,00:38:33.778
cpb-aacip-225-687h4bwr_03765161_02337905_02337902.jpg,https://americanarchive.org/catalog/cpb-aacip-225-687h4bwr,00:38:57.902
cpb-aacip-225-687h4bwr_03765161_02367267_02367264.jpg,https://americanarchive.org/catalog/cpb-aacip-225-687h4bwr,00:39:27.264
cpb-aacip-225-687h4bwr_03765161_02468001_02467998.jpg,https://americanarchive.org/catalog/cpb-aacip-225-687h4bwr,00:41:07.998
cpb-aacip-225-687h4bwr_03765161_02601001_02600998.jpg,https://americanarchive.org/catalog/cpb-aacip-225-687h4bwr,00:43:20.998
cpb-aacip-225-687h4bwr_03765161_02690657_02690654.jpg,https://americanarchive.org/catalog/cpb-aacip-225-687h4bwr,00:44:50.654
cpb-aacip-225-687h4bwr_03765161_03396263_03396259.jpg,https://americanarchive.org/catalog/cpb-aacip-225-687h4bwr,00:56:36.259
cpb-aacip-225-687h4bwr_03765161_03454888_03454884.jpg,https://americanarchive.org/catalog/cpb-aacip-225-687h4bwr,00:57:34.884
cpb-aacip-225-687h4bwr_03765161_03485519_03485515.jpg,https://americanarchive.org/catalog/cpb-aacip-225-687h4bwr,00:58:05.515
cpb-aacip-225-687h4bwr_03765161_03584518_03584514.jpg,https://americanarchive.org/catalog/cpb-aacip-225-687h4bwr,00:59:44.514
cpb-aacip-225-687h4bwr_03765161_03672773_03672769.jpg,https://americanarchive.org/catalog/cpb-aacip-225-687h4bwr,01:01:12.769
cpb-aacip-225-687h4bwr_03765161_03714781_03714777.jpg,https://americanarchive.org/catalog/cpb-aacip-225-687h4bwr,01:01:54.777
cpb-aacip-225-68kd57gn_01728660_00260894_00260893.jpg,https://americanarchive.org/catalog/cpb-aacip-225-68kd57gn,00:04:20.893
cpb-aacip-225-69m37x2m_01813111_00334134_00334133.jpg,https://americanarchive.org/catalog/cpb-aacip-225-69m37x2m,00:05:34.133
cpb-aacip-225-69m37x2m_01813111_01191758_01191757.jpg,https://americanarchive.org/catalog/cpb-aacip-225-69m37x2m,00:19:51.757
cpb-aacip-225-69m37x2m_01813111_01273006_01273005.jpg,https://americanarchive.org/catalog/cpb-aacip-225-69m37x2m,00:21:13.005
cpb-aacip-225-69z08szb_02791555_00815649_00815648.jpg,https://americanarchive.org/catalog/cpb-aacip-225-69z08szb,00:13:35.648
cpb-aacip-225-69z08szb_02791555_01465399_01465397.jpg,https://americanarchive.org/catalog/cpb-aacip-225-69z08szb,00:24:25.397
cpb-aacip-225-69z08szb_02791555_01549783_01549781.jpg,https://americanarchive.org/catalog/cpb-aacip-225-69z08szb,00:25:49.781
cpb-aacip-225-69z08szb_02791555_01575142_01575140.jpg,https://americanarchive.org/catalog/cpb-aacip-225-69z08szb,00:26:15.140
cpb-aacip-225-69z08szb_02791555_01607140_01607138.jpg,https://americanarchive.org/catalog/cpb-aacip-225-69z08szb,00:26:47.138
cpb-aacip-225-69z08t1g_01846845_00695896_00695895.jpg,https://americanarchive.org/catalog/cpb-aacip-225-69z08t1g,00:11:35.895
cpb-aacip-225-69z08t1g_01846845_00813780_00813779.jpg,https://americanarchive.org/catalog/cpb-aacip-225-69z08t1g,00:13:33.779
cpb-aacip-225-69z08t1g_01846845_00830631_00830629.jpg,https://americanarchive.org/catalog/cpb-aacip-225-69z08t1g,00:13:50.629
cpb-aacip-225-69z08t1g_01846845_00846647_00846645.jpg,https://americanarchive.org/catalog/cpb-aacip-225-69z08t1g,00:14:06.645
cpb-aacip-225-69z08t1g_01846845_00921255_00921253.jpg,https://americanarchive.org/catalog/cpb-aacip-225-69z08t1g,00:15:21.253
cpb-aacip-225-69z08t1g_01846845_01002135_01002134.jpg,https://americanarchive.org/catalog/cpb-aacip-225-69z08t1g,00:16:42.134
cpb-aacip-225-69z08t1g_01846845_01040407_01040406.jpg,https://americanarchive.org/catalog/cpb-aacip-225-69z08t1g,00:17:20.406
cpb-aacip-225-69z08t1g_01846845_01167267_01167266.jpg,https://americanarchive.org/catalog/cpb-aacip-225-69z08t1g,00:19:27.266
cpb-aacip-225-69z08t1g_01846845_01194394_01194393.jpg,https://americanarchive.org/catalog/cpb-aacip-225-69z08t1g,00:19:54.393
cpb-aacip-225-720cg560_01705203_00273006_00273006.jpg,https://americanarchive.org/catalog/cpb-aacip-225-720cg560,00:04:33.006
cpb-aacip-225-720cg560_01705203_01271138_01271136.jpg,https://americanarchive.org/catalog/cpb-aacip-225-720cg560,00:21:11.136
cpb-aacip-225-720cg58f_01715747_00638639_00638638.jpg,https://americanarchive.org/catalog/cpb-aacip-225-720cg58f,00:10:38.638
cpb-aacip-225-720cg5db_03856919_00867000_00866999.jpg,https://americanarchive.org/catalog/cpb-aacip-225-720cg5db,00:14:26.999
cpb-aacip-225-720cg5db_03856919_00927895_00927893.jpg,https://americanarchive.org/catalog/cpb-aacip-225-720cg5db,00:15:27.893
cpb-aacip-225-720cg5db_03856919_01013780_01013779.jpg,https://americanarchive.org/catalog/cpb-aacip-225-720cg5db,00:16:53.779
cpb-aacip-225-720cg5db_03856919_01137271_01137269.jpg,https://americanarchive.org/catalog/cpb-aacip-225-720cg5db,00:18:57.269
cpb-aacip-225-720cg5db_03856919_01448515_01448513.jpg,https://americanarchive.org/catalog/cpb-aacip-225-720cg5db,00:24:08.513
cpb-aacip-225-720cg5db_03856919_01638005_01638003.jpg,https://americanarchive.org/catalog/cpb-aacip-225-720cg5db,00:27:18.003
cpb-aacip-225-720cg5db_03856919_01767134_01767132.jpg,https://americanarchive.org/catalog/cpb-aacip-225-720cg5db,00:29:27.132
cpb-aacip-225-720cg5db_03856919_01897898_01897896.jpg,https://americanarchive.org/catalog/cpb-aacip-225-720cg5db,00:31:37.896
cpb-aacip-225-720cg5db_03856919_01985652_01985650.jpg,https://americanarchive.org/catalog/cpb-aacip-225-720cg5db,00:33:05.650
cpb-aacip-225-720cg5db_03856919_02435636_02435633.jpg,https://americanarchive.org/catalog/cpb-aacip-225-720cg5db,00:40:35.633
cpb-aacip-225-720cg5db_03856919_02775008_02775005.jpg,https://americanarchive.org/catalog/cpb-aacip-225-720cg5db,00:46:15.005
cpb-aacip-225-720cg5db_03856919_02967768_02967764.jpg,https://americanarchive.org/catalog/cpb-aacip-225-720cg5db,00:49:27.764
cpb-aacip-225-720cg5db_03856919_03313380_03313376.jpg,https://americanarchive.org/catalog/cpb-aacip-225-720cg5db,00:55:13.376
cpb-aacip-225-720cg5db_03856919_03673507_03673503.jpg,https://americanarchive.org/catalog/cpb-aacip-225-720cg5db,01:01:13.503
cpb-aacip-225-720cg5db_03856919_03780514_03780510.jpg,https://americanarchive.org/catalog/cpb-aacip-225-720cg5db,01:03:00.510
cpb-aacip-225-72p5hxtv_01720819_00252386_00252385.jpg,https://americanarchive.org/catalog/cpb-aacip-225-72p5hxtv,00:04:12.385
cpb-aacip-225-72p5hxtv_01720819_00676009_00676008.jpg,https://americanarchive.org/catalog/cpb-aacip-225-72p5hxtv,00:11:16.008
cpb-aacip-225-72p5hxtv_01720819_01024024_01024022.jpg,https://americanarchive.org/catalog/cpb-aacip-225-72p5hxtv,00:17:04.022
cpb-aacip-225-72p5hxtv_01720819_01373507_01373505.jpg,https://americanarchive.org/catalog/cpb-aacip-225-72p5hxtv,00:22:53.505
cpb-aacip-225-72p5hz3b_01860225_00223023_00223022.jpg,https://americanarchive.org/catalog/cpb-aacip-225-72p5hz3b,00:03:43.022
cpb-aacip-225-72p5hz3b_01860225_00260894_00260893.jpg,https://americanarchive.org/catalog/cpb-aacip-225-72p5hz3b,00:04:20.893
cpb-aacip-225-72p5hz3b_01860225_00319152_00319152.jpg,https://americanarchive.org/catalog/cpb-aacip-225-72p5hz3b,00:05:19.152
cpb-aacip-225-72p5hz3b_01860225_00364765_00364764.jpg,https://americanarchive.org/catalog/cpb-aacip-225-72p5hz3b,00:06:04.764
cpb-aacip-225-72p5hz3b_01860225_00417150_00417150.jpg,https://americanarchive.org/catalog/cpb-aacip-225-72p5hz3b,00:06:57.150
cpb-aacip-225-72p5hz3b_01860225_00452019_00452018.jpg,https://americanarchive.org/catalog/cpb-aacip-225-72p5hz3b,00:07:32.018
cpb-aacip-225-72p5hz3b_01860225_00554521_00554520.jpg,https://americanarchive.org/catalog/cpb-aacip-225-72p5hz3b,00:09:14.520
cpb-aacip-225-72p5hz3b_01860225_00631265_00631263.jpg,https://americanarchive.org/catalog/cpb-aacip-225-72p5hz3b,00:10:31.263
cpb-aacip-225-72p5hz3b_01860225_00878879_00878878.jpg,https://americanarchive.org/catalog/cpb-aacip-225-72p5hz3b,00:14:38.878
cpb-aacip-225-72p5hz3b_01860225_01050517_01050516.jpg,https://americanarchive.org/catalog/cpb-aacip-225-72p5hz3b,00:17:30.516
cpb-aacip-225-72p5hz3b_01860225_01125259_01125257.jpg,https://americanarchive.org/catalog/cpb-aacip-225-72p5hz3b,00:18:45.257
cpb-aacip-225-72p5hz3b_01860225_01150250_01150249.jpg,https://americanarchive.org/catalog/cpb-aacip-225-72p5hz3b,00:19:10.249
cpb-aacip-225-72p5hz3b_01860225_01183383_01183382.jpg,https://americanarchive.org/catalog/cpb-aacip-225-72p5hz3b,00:19:43.382
cpb-aacip-225-72p5hz3b_01860225_01288522_01288520.jpg,https://americanarchive.org/catalog/cpb-aacip-225-72p5hz3b,00:21:28.520
cpb-aacip-225-72p5hz3b_01860225_01342276_01342274.jpg,https://americanarchive.org/catalog/cpb-aacip-225-72p5hz3b,00:22:22.274
cpb-aacip-225-72p5hz3b_01860225_01477277_01477275.jpg,https://americanarchive.org/catalog/cpb-aacip-225-72p5hz3b,00:24:37.275
cpb-aacip-225-72p5hz3b_01860225_01491158_01491156.jpg,https://americanarchive.org/catalog/cpb-aacip-225-72p5hz3b,00:24:51.156
cpb-aacip-225-73pvmmc5_01729461_00096763_00096763.jpg,https://americanarchive.org/catalog/cpb-aacip-225-73pvmmc5,00:01:36.763
cpb-aacip-225-73pvmmc5_01729461_00350017_00350016.jpg,https://americanarchive.org/catalog/cpb-aacip-225-73pvmmc5,00:05:50.016
cpb-aacip-225-73pvmmc5_01729461_01368001_01367999.jpg,https://americanarchive.org/catalog/cpb-aacip-225-73pvmmc5,00:22:47.999
cpb-aacip-225-73pvmmnz_01955520_00145879_00145879.jpg,https://americanarchive.org/catalog/cpb-aacip-225-73pvmmnz,00:02:25.879
cpb-aacip-225-73pvmmnz_01955520_00242009_00242008.jpg,https://americanarchive.org/catalog/cpb-aacip-225-73pvmmnz,00:04:02.008
cpb-aacip-225-73pvmmnz_01955520_00255255_00255255.jpg,https://americanarchive.org/catalog/cpb-aacip-225-73pvmmnz,00:04:15.255
cpb-aacip-225-73pvmmnz_01955520_00310143_00310143.jpg,https://americanarchive.org/catalog/cpb-aacip-225-73pvmmnz,00:05:10.143
cpb-aacip-225-73pvmmnz_01955520_00349516_00349515.jpg,https://americanarchive.org/catalog/cpb-aacip-225-73pvmmnz,00:05:49.515
cpb-aacip-225-73pvmmnz_01955520_00393260_00393259.jpg,https://americanarchive.org/catalog/cpb-aacip-225-73pvmmnz,00:06:33.259
cpb-aacip-225-73pvmmnz_01955520_00407274_00407273.jpg,https://americanarchive.org/catalog/cpb-aacip-225-73pvmmnz,00:06:47.273
cpb-aacip-225-73pvmmnz_01955520_00441642_00441641.jpg,https://americanarchive.org/catalog/cpb-aacip-225-73pvmmnz,00:07:21.641
cpb-aacip-225-73pvmmnz_01955520_00454888_00454887.jpg,https://americanarchive.org/catalog/cpb-aacip-225-73pvmmnz,00:07:34.887
cpb-aacip-225-73pvmmnz_01955520_00608642_00608641.jpg,https://americanarchive.org/catalog/cpb-aacip-225-73pvmmnz,00:10:08.641
cpb-aacip-225-73pvmmnz_01955520_00650517_00650516.jpg,https://americanarchive.org/catalog/cpb-aacip-225-73pvmmnz,00:10:50.516
cpb-aacip-225-73pvmmnz_01955520_00696263_00696262.jpg,https://americanarchive.org/catalog/cpb-aacip-225-73pvmmnz,00:11:36.262
cpb-aacip-225-73pvmmnz_01955520_00730397_00730396.jpg,https://americanarchive.org/catalog/cpb-aacip-225-73pvmmnz,00:12:10.396
cpb-aacip-225-73pvmmnz_01955520_00811278_00811277.jpg,https://americanarchive.org/catalog/cpb-aacip-225-73pvmmnz,00:13:31.277
cpb-aacip-225-73pvmmnz_01955520_00838505_00838504.jpg,https://americanarchive.org/catalog/cpb-aacip-225-73pvmmnz,00:13:58.504
cpb-aacip-225-73pvmmnz_01955520_00864765_00864763.jpg,https://americanarchive.org/catalog/cpb-aacip-225-73pvmmnz,00:14:24.763
cpb-aacip-225-73pvmmnz_01955520_01040774_01040773.jpg,https://americanarchive.org/catalog/cpb-aacip-225-73pvmmnz,00:17:20.773
cpb-aacip-225-73pvmmnz_01955520_01136270_01136268.jpg,https://americanarchive.org/catalog/cpb-aacip-225-73pvmmnz,00:18:56.268
cpb-aacip-225-73pvmmnz_01955520_01168001_01168000.jpg,https://americanarchive.org/catalog/cpb-aacip-225-73pvmmnz,00:19:28.000
cpb-aacip-225-73pvmmnz_01955520_01254254_01254253.jpg,https://americanarchive.org/catalog/cpb-aacip-225-73pvmmnz,00:20:54.253
cpb-aacip-225-73pvmmnz_01955520_01438772_01438770.jpg,https://americanarchive.org/catalog/cpb-aacip-225-73pvmmnz,00:23:58.770
cpb-aacip-225-73pvmmnz_01955520_01573507_01573505.jpg,https://americanarchive.org/catalog/cpb-aacip-225-73pvmmnz,00:26:13.505
cpb-aacip-225-73pvmmnz_01955520_01635402_01635400.jpg,https://americanarchive.org/catalog/cpb-aacip-225-73pvmmnz,00:27:15.400
cpb-aacip-225-73pvmmnz_01955520_01672272_01672270.jpg,https://americanarchive.org/catalog/cpb-aacip-225-73pvmmnz,00:27:52.270
cpb-aacip-225-74cnpd4t_01917248_00100400_00100400.jpg,https://americanarchive.org/catalog/cpb-aacip-225-74cnpd4t,00:01:40.400
cpb-aacip-225-74cnpd4t_01917248_00281515_00281514.jpg,https://americanarchive.org/catalog/cpb-aacip-225-74cnpd4t,00:04:41.514
cpb-aacip-225-74cnpd4t_01917248_00565632_00565631.jpg,https://americanarchive.org/catalog/cpb-aacip-225-74cnpd4t,00:09:25.631
cpb-aacip-225-74cnpd4t_01917248_01559526_01559524.jpg,https://americanarchive.org/catalog/cpb-aacip-225-74cnpd4t,00:25:59.524
cpb-aacip-225-752fr61c_01830161_00154755_00154754.jpg,https://americanarchive.org/catalog/cpb-aacip-225-752fr61c,00:02:34.754
cpb-aacip-225-752fr61c_01830161_00167401_00167400.jpg,https://americanarchive.org/catalog/cpb-aacip-225-752fr61c,00:02:47.400
cpb-aacip-225-752fr61c_01830161_00205772_00205772.jpg,https://americanarchive.org/catalog/cpb-aacip-225-752fr61c,00:03:25.772
cpb-aacip-225-752fr61c_01830161_00217518_00217517.jpg,https://americanarchive.org/catalog/cpb-aacip-225-752fr61c,00:03:37.517
cpb-aacip-225-752fr61c_01830161_00257758_00257757.jpg,https://americanarchive.org/catalog/cpb-aacip-225-752fr61c,00:04:17.757
cpb-aacip-225-752fr61c_01830161_00297531_00297530.jpg,https://americanarchive.org/catalog/cpb-aacip-225-752fr61c,00:04:57.530
cpb-aacip-225-752fr61c_01830161_00305772_00305772.jpg,https://americanarchive.org/catalog/cpb-aacip-225-752fr61c,00:05:05.772
cpb-aacip-225-752fr61c_01830161_00322256_00322255.jpg,https://americanarchive.org/catalog/cpb-aacip-225-752fr61c,00:05:22.255
cpb-aacip-225-752fr61c_01830161_00351151_00351150.jpg,https://americanarchive.org/catalog/cpb-aacip-225-752fr61c,00:05:51.150
cpb-aacip-225-752fr61c_01830161_00457391_00457390.jpg,https://americanarchive.org/catalog/cpb-aacip-225-752fr61c,00:07:37.390
cpb-aacip-225-752fr61c_01830161_00486386_00486385.jpg,https://americanarchive.org/catalog/cpb-aacip-225-752fr61c,00:08:06.385
cpb-aacip-225-752fr61c_01830161_00581014_00581013.jpg,https://americanarchive.org/catalog/cpb-aacip-225-752fr61c,00:09:41.013
cpb-aacip-225-752fr61c_01830161_00636136_00636135.jpg,https://americanarchive.org/catalog/cpb-aacip-225-752fr61c,00:10:36.135
cpb-aacip-225-752fr61c_01830161_00773907_00773906.jpg,https://americanarchive.org/catalog/cpb-aacip-225-752fr61c,00:12:53.906
cpb-aacip-225-752fr61c_01830161_00805405_00805404.jpg,https://americanarchive.org/catalog/cpb-aacip-225-752fr61c,00:13:25.404
cpb-aacip-225-752fr61c_01830161_01030531_01030529.jpg,https://americanarchive.org/catalog/cpb-aacip-225-752fr61c,00:17:10.529
cpb-aacip-225-752fr61c_01830161_01055756_01055754.jpg,https://americanarchive.org/catalog/cpb-aacip-225-752fr61c,00:17:35.754
cpb-aacip-225-752fr61c_01830161_01065766_01065764.jpg,https://americanarchive.org/catalog/cpb-aacip-225-752fr61c,00:17:45.764
cpb-aacip-225-752fr61c_01830161_01093627_01093625.jpg,https://americanarchive.org/catalog/cpb-aacip-225-752fr61c,00:18:13.625
cpb-aacip-225-752fr61c_01830161_01112779_01112778.jpg,https://americanarchive.org/catalog/cpb-aacip-225-752fr61c,00:18:32.778
cpb-aacip-225-752fr61c_01830161_01131131_01131130.jpg,https://americanarchive.org/catalog/cpb-aacip-225-752fr61c,00:18:51.130
cpb-aacip-225-752fr61c_01830161_01186887_01186885.jpg,https://americanarchive.org/catalog/cpb-aacip-225-752fr61c,00:19:46.885
cpb-aacip-225-752fr61c_01830161_01209643_01209641.jpg,https://americanarchive.org/catalog/cpb-aacip-225-752fr61c,00:20:09.641
cpb-aacip-225-752fr61c_01830161_01270904_01270902.jpg,https://americanarchive.org/catalog/cpb-aacip-225-752fr61c,00:21:10.902
cpb-aacip-225-752fr61c_01830161_01304404_01304403.jpg,https://americanarchive.org/catalog/cpb-aacip-225-752fr61c,00:21:44.403
cpb-aacip-225-752fr61c_01830161_01365899_01365897.jpg,https://americanarchive.org/catalog/cpb-aacip-225-752fr61c,00:22:45.897
cpb-aacip-225-752fr61c_01830161_01400901_01400899.jpg,https://americanarchive.org/catalog/cpb-aacip-225-752fr61c,00:23:20.899
cpb-aacip-225-752fr61c_01830161_01551151_01551149.jpg,https://americanarchive.org/catalog/cpb-aacip-225-752fr61c,00:25:51.149
cpb-aacip-225-752fr61c_01830161_01585886_01585884.jpg,https://americanarchive.org/catalog/cpb-aacip-225-752fr61c,00:26:25.884
cpb-aacip-225-75r7szj2_01790388_00556390_00556389.jpg,https://americanarchive.org/catalog/cpb-aacip-225-75r7szj2,00:09:16.389
cpb-aacip-225-75r7szj2_01790388_01154655_01154653.jpg,https://americanarchive.org/catalog/cpb-aacip-225-75r7szj2,00:19:14.653
cpb-aacip-225-7634tvj6_01734799_00284017_00284017.jpg,https://americanarchive.org/catalog/cpb-aacip-225-7634tvj6,00:04:44.017
cpb-aacip-225-7634tvj6_01734799_00307407_00307407.jpg,https://americanarchive.org/catalog/cpb-aacip-225-7634tvj6,00:05:07.407
cpb-aacip-225-7634tvj6_01734799_00966633_00966632.jpg,https://americanarchive.org/catalog/cpb-aacip-225-7634tvj6,00:16:06.632
cpb-aacip-225-7634tvj6_01734799_01000767_01000766.jpg,https://americanarchive.org/catalog/cpb-aacip-225-7634tvj6,00:16:40.766
cpb-aacip-225-7634tvj6_01734799_01028128_01028127.jpg,https://americanarchive.org/catalog/cpb-aacip-225-7634tvj6,00:17:08.127
cpb-aacip-225-7634tvj6_01734799_01355255_01355253.jpg,https://americanarchive.org/catalog/cpb-aacip-225-7634tvj6,00:22:35.253
cpb-aacip-225-76rxwn5t_01688953_00220254_00220253.jpg,https://americanarchive.org/catalog/cpb-aacip-225-76rxwn5t,00:03:40.253
cpb-aacip-225-76rxwn5t_01688953_00650150_00650149.jpg,https://americanarchive.org/catalog/cpb-aacip-225-76rxwn5t,00:10:50.149
cpb-aacip-225-76rxwn5t_01688953_00728028_00728027.jpg,https://americanarchive.org/catalog/cpb-aacip-225-76rxwn5t,00:12:08.027
cpb-aacip-225-76rxwn5t_01688953_00831131_00831130.jpg,https://americanarchive.org/catalog/cpb-aacip-225-76rxwn5t,00:13:51.130
cpb-aacip-225-773txjbk_01955219_00203770_00203770.jpg,https://americanarchive.org/catalog/cpb-aacip-225-773txjbk,00:03:23.770
cpb-aacip-225-773txjbk_01955219_00217885_00217884.jpg,https://americanarchive.org/catalog/cpb-aacip-225-773txjbk,00:03:37.884
cpb-aacip-225-773txjbk_01955219_00229396_00229395.jpg,https://americanarchive.org/catalog/cpb-aacip-225-773txjbk,00:03:49.395
cpb-aacip-225-773txjbk_01955219_00238772_00238771.jpg,https://americanarchive.org/catalog/cpb-aacip-225-773txjbk,00:03:58.771
cpb-aacip-225-773txjbk_01955219_00281782_00281781.jpg,https://americanarchive.org/catalog/cpb-aacip-225-773txjbk,00:04:41.781
cpb-aacip-225-773txjbk_01955219_00306773_00306773.jpg,https://americanarchive.org/catalog/cpb-aacip-225-773txjbk,00:05:06.773
cpb-aacip-225-773txjbk_01955219_00369002_00369001.jpg,https://americanarchive.org/catalog/cpb-aacip-225-773txjbk,00:06:09.001
cpb-aacip-225-773txjbk_01955219_00417751_00417750.jpg,https://americanarchive.org/catalog/cpb-aacip-225-773txjbk,00:06:57.750
cpb-aacip-225-773txjbk_01955219_00454888_00454887.jpg,https://americanarchive.org/catalog/cpb-aacip-225-773txjbk,00:07:34.887
cpb-aacip-225-773txjbk_01955219_00533901_00533900.jpg,https://americanarchive.org/catalog/cpb-aacip-225-773txjbk,00:08:53.900
cpb-aacip-225-773txjbk_01955219_00612145_00612144.jpg,https://americanarchive.org/catalog/cpb-aacip-225-773txjbk,00:10:12.144
cpb-aacip-225-773txjbk_01955219_00826760_00826759.jpg,https://americanarchive.org/catalog/cpb-aacip-225-773txjbk,00:13:46.759
cpb-aacip-225-773txjbk_01955219_00881882_00881881.jpg,https://americanarchive.org/catalog/cpb-aacip-225-773txjbk,00:14:41.881
cpb-aacip-225-773txjbk_01955219_00939907_00939905.jpg,https://americanarchive.org/catalog/cpb-aacip-225-773txjbk,00:15:39.905
cpb-aacip-225-773txjbk_01955219_00950250_00950249.jpg,https://americanarchive.org/catalog/cpb-aacip-225-773txjbk,00:15:50.249
cpb-aacip-225-773txjbk_01955219_00967267_00967266.jpg,https://americanarchive.org/catalog/cpb-aacip-225-773txjbk,00:16:07.266
cpb-aacip-225-773txjbk_01955219_01016517_01016515.jpg,https://americanarchive.org/catalog/cpb-aacip-225-773txjbk,00:16:56.515
cpb-aacip-225-773txjbk_01955219_01031899_01031897.jpg,https://americanarchive.org/catalog/cpb-aacip-225-773txjbk,00:17:11.897
cpb-aacip-225-773txjbk_01955219_01053253_01053252.jpg,https://americanarchive.org/catalog/cpb-aacip-225-773txjbk,00:17:33.252
cpb-aacip-225-773txjbk_01955219_01090657_01090656.jpg,https://americanarchive.org/catalog/cpb-aacip-225-773txjbk,00:18:10.656
cpb-aacip-225-773txjbk_01955219_01116149_01116148.jpg,https://americanarchive.org/catalog/cpb-aacip-225-773txjbk,00:18:36.148
cpb-aacip-225-773txjbk_01955219_01132132_01132131.jpg,https://americanarchive.org/catalog/cpb-aacip-225-773txjbk,00:18:52.131
cpb-aacip-225-773txjbk_01955219_01160127_01160125.jpg,https://americanarchive.org/catalog/cpb-aacip-225-773txjbk,00:19:20.125
cpb-aacip-225-773txjbk_01955219_01196129_01196128.jpg,https://americanarchive.org/catalog/cpb-aacip-225-773txjbk,00:19:56.128
cpb-aacip-225-773txjbk_01955219_01215282_01215280.jpg,https://americanarchive.org/catalog/cpb-aacip-225-773txjbk,00:20:15.280
cpb-aacip-225-773txjbk_01955219_01232399_01232397.jpg,https://americanarchive.org/catalog/cpb-aacip-225-773txjbk,00:20:32.397
cpb-aacip-225-773txjbk_01955219_01265899_01265897.jpg,https://americanarchive.org/catalog/cpb-aacip-225-773txjbk,00:21:05.897
cpb-aacip-225-773txjbk_01955219_01325392_01325390.jpg,https://americanarchive.org/catalog/cpb-aacip-225-773txjbk,00:22:05.390
cpb-aacip-225-773txjbk_01955219_01374775_01374773.jpg,https://americanarchive.org/catalog/cpb-aacip-225-773txjbk,00:22:54.773
cpb-aacip-225-773txjbk_01955219_01407007_01407005.jpg,https://americanarchive.org/catalog/cpb-aacip-225-773txjbk,00:23:27.005
cpb-aacip-225-773txjbk_01955219_01517651_01517649.jpg,https://americanarchive.org/catalog/cpb-aacip-225-773txjbk,00:25:17.649
cpb-aacip-225-773txjbk_01955219_01567901_01567899.jpg,https://americanarchive.org/catalog/cpb-aacip-225-773txjbk,00:26:07.899
cpb-aacip-225-773txjbk_01955219_01667901_01667899.jpg,https://americanarchive.org/catalog/cpb-aacip-225-773txjbk,00:27:47.899
cpb-aacip-225-77fqzf2c_05631425_00578278_00578277.jpg,https://americanarchive.org/catalog/cpb-aacip-225-77fqzf2c,00:09:38.277
cpb-aacip-225-77fqzf2c_05631425_00619653_00619652.jpg,https://americanarchive.org/catalog/cpb-aacip-225-77fqzf2c,00:10:19.652
cpb-aacip-225-77fqzf2c_05631425_00890257_00890256.jpg,https://americanarchive.org/catalog/cpb-aacip-225-77fqzf2c,00:14:50.256
cpb-aacip-225-77fqzf2c_05631425_01129530_01129528.jpg,https://americanarchive.org/catalog/cpb-aacip-225-77fqzf2c,00:18:49.528
cpb-aacip-225-77fqzf2c_05631425_01223524_01223522.jpg,https://americanarchive.org/catalog/cpb-aacip-225-77fqzf2c,00:20:23.522
cpb-aacip-225-77fqzf2c_05631425_01352753_01352751.jpg,https://americanarchive.org/catalog/cpb-aacip-225-77fqzf2c,00:22:32.751
cpb-aacip-225-77fqzf2c_05631425_01718385_01718383.jpg,https://americanarchive.org/catalog/cpb-aacip-225-77fqzf2c,00:28:38.383
cpb-aacip-225-77fqzf2c_05631425_02176643_02176641.jpg,https://americanarchive.org/catalog/cpb-aacip-225-77fqzf2c,00:36:16.641
cpb-aacip-225-77fqzf2c_05631425_02498632_02498629.jpg,https://americanarchive.org/catalog/cpb-aacip-225-77fqzf2c,00:41:38.629
cpb-aacip-225-77fqzf2c_05631425_02840407_02840404.jpg,https://americanarchive.org/catalog/cpb-aacip-225-77fqzf2c,00:47:20.404
cpb-aacip-225-77fqzf2c_05631425_03417885_03417881.jpg,https://americanarchive.org/catalog/cpb-aacip-225-77fqzf2c,00:56:57.881
cpb-aacip-225-77fqzf2c_05631425_03599900_03599896.jpg,https://americanarchive.org/catalog/cpb-aacip-225-77fqzf2c,00:59:59.896
cpb-aacip-225-77fqzf2c_05631425_04515015_04515010.jpg,https://americanarchive.org/catalog/cpb-aacip-225-77fqzf2c,01:15:15.010
cpb-aacip-225-77fqzf2c_05631425_04695529_04695524.jpg,https://americanarchive.org/catalog/cpb-aacip-225-77fqzf2c,01:18:15.524
cpb-aacip-225-77fqzf2c_05631425_05620654_05620648.jpg,https://americanarchive.org/catalog/cpb-aacip-225-77fqzf2c,01:33:40.648
cpb-aacip-225-784j16nb_01687018_00099132_00099132.jpg,https://americanarchive.org/catalog/cpb-aacip-225-784j16nb,00:01:39.132
cpb-aacip-225-784j16nb_01687018_00632633_00632632.jpg,https://americanarchive.org/catalog/cpb-aacip-225-784j16nb,00:10:32.632
cpb-aacip-225-784j16nb_01687018_01300400_01300399.jpg,https://americanarchive.org/catalog/cpb-aacip-225-784j16nb,00:21:40.399
cpb-aacip-225-784j16p2_01746745_00236136_00236135.jpg,https://americanarchive.org/catalog/cpb-aacip-225-784j16p2,00:03:56.135
cpb-aacip-225-784j16p2_01746745_00887020_00887019.jpg,https://americanarchive.org/catalog/cpb-aacip-225-784j16p2,00:14:47.019
cpb-aacip-225-79h44s0t_01745176_00260894_00260893.jpg,https://americanarchive.org/catalog/cpb-aacip-225-79h44s0t,00:04:20.893
cpb-aacip-225-79h44s0t_01745176_00631899_00631897.jpg,https://americanarchive.org/catalog/cpb-aacip-225-79h44s0t,00:10:31.897
cpb-aacip-225-79h44s0t_01745176_00648015_00648014.jpg,https://americanarchive.org/catalog/cpb-aacip-225-79h44s0t,00:10:48.014
cpb-aacip-225-79h44s0t_01745176_01261895_01261893.jpg,https://americanarchive.org/catalog/cpb-aacip-225-79h44s0t,00:21:01.893
cpb-aacip-225-79h44s0t_01745176_01316650_01316648.jpg,https://americanarchive.org/catalog/cpb-aacip-225-79h44s0t,00:21:56.648
cpb-aacip-225-79h44s0t_01745176_01601134_01601132.jpg,https://americanarchive.org/catalog/cpb-aacip-225-79h44s0t,00:26:41.132
cpb-aacip-225-79v15nz0_03330126_00424157_00424157.jpg,https://americanarchive.org/catalog/cpb-aacip-225-79v15nz0,00:07:04.157
cpb-aacip-225-79v15nz0_03330126_00930764_00930763.jpg,https://americanarchive.org/catalog/cpb-aacip-225-79v15nz0,00:15:30.763
cpb-aacip-225-79v15nz0_03330126_01336904_01336902.jpg,https://americanarchive.org/catalog/cpb-aacip-225-79v15nz0,00:22:16.902
cpb-aacip-225-79v15nz0_03330126_01720888_01720885.jpg,https://americanarchive.org/catalog/cpb-aacip-225-79v15nz0,00:28:40.885
cpb-aacip-225-79v15nz0_03330126_01840908_01840905.jpg,https://americanarchive.org/catalog/cpb-aacip-225-79v15nz0,00:30:40.905
cpb-aacip-225-805x6k1p_02577875_00053654_00053653.jpg,https://americanarchive.org/catalog/cpb-aacip-225-805x6k1p,00:00:53.653
cpb-aacip-225-805x6k1p_02577875_00117885_00117884.jpg,https://americanarchive.org/catalog/cpb-aacip-225-805x6k1p,00:01:57.884
cpb-aacip-225-805x6k1p_02577875_00192392_00192392.jpg,https://americanarchive.org/catalog/cpb-aacip-225-805x6k1p,00:03:12.392
cpb-aacip-225-805x6k1p_02577875_00257024_00257023.jpg,https://americanarchive.org/catalog/cpb-aacip-225-805x6k1p,00:04:17.023
cpb-aacip-225-805x6k1p_02577875_00322256_00322255.jpg,https://americanarchive.org/catalog/cpb-aacip-225-805x6k1p,00:05:22.255
cpb-aacip-225-805x6k1p_02577875_00387154_00387153.jpg,https://americanarchive.org/catalog/cpb-aacip-225-805x6k1p,00:06:27.153
cpb-aacip-225-805x6k1p_02577875_00451518_00451517.jpg,https://americanarchive.org/catalog/cpb-aacip-225-805x6k1p,00:07:31.517
cpb-aacip-225-805x6k1p_02577875_00514281_00514280.jpg,https://americanarchive.org/catalog/cpb-aacip-225-805x6k1p,00:08:34.280
cpb-aacip-225-805x6k1p_02577875_00570404_00570403.jpg,https://americanarchive.org/catalog/cpb-aacip-225-805x6k1p,00:09:30.403
cpb-aacip-225-805x6k1p_02577875_00609877_00609875.jpg,https://americanarchive.org/catalog/cpb-aacip-225-805x6k1p,00:10:09.875
cpb-aacip-225-805x6k1p_02577875_00679880_00679879.jpg,https://americanarchive.org/catalog/cpb-aacip-225-805x6k1p,00:11:19.879
cpb-aacip-225-805x6k1p_02577875_00713647_00713646.jpg,https://americanarchive.org/catalog/cpb-aacip-225-805x6k1p,00:11:53.646
cpb-aacip-225-805x6k1p_02577875_00782282_00782281.jpg,https://americanarchive.org/catalog/cpb-aacip-225-805x6k1p,00:13:02.281
cpb-aacip-225-805x6k1p_02577875_00846013_00846011.jpg,https://americanarchive.org/catalog/cpb-aacip-225-805x6k1p,00:14:06.011
cpb-aacip-225-805x6k1p_02577875_00910511_00910509.jpg,https://americanarchive.org/catalog/cpb-aacip-225-805x6k1p,00:15:10.509
cpb-aacip-225-805x6k1p_02577875_00974508_00974506.jpg,https://americanarchive.org/catalog/cpb-aacip-225-805x6k1p,00:16:14.506
cpb-aacip-225-805x6k1p_02577875_00999900_00999898.jpg,https://americanarchive.org/catalog/cpb-aacip-225-805x6k1p,00:16:39.898
cpb-aacip-225-805x6k1p_02577875_01068635_01068634.jpg,https://americanarchive.org/catalog/cpb-aacip-225-805x6k1p,00:17:48.634
cpb-aacip-225-805x6k1p_02577875_01134768_01134766.jpg,https://americanarchive.org/catalog/cpb-aacip-225-805x6k1p,00:18:54.766
cpb-aacip-225-805x6k1p_02577875_01193760_01193759.jpg,https://americanarchive.org/catalog/cpb-aacip-225-805x6k1p,00:19:53.759
cpb-aacip-225-805x6k1p_02577875_01244278_01244276.jpg,https://americanarchive.org/catalog/cpb-aacip-225-805x6k1p,00:20:44.276
cpb-aacip-225-805x6k1p_02577875_01312779_01312778.jpg,https://americanarchive.org/catalog/cpb-aacip-225-805x6k1p,00:21:52.778
cpb-aacip-225-805x6k1p_02577875_01378645_01378643.jpg,https://americanarchive.org/catalog/cpb-aacip-225-805x6k1p,00:22:58.643
cpb-aacip-225-805x6k1p_02577875_01399032_01399030.jpg,https://americanarchive.org/catalog/cpb-aacip-225-805x6k1p,00:23:19.030
cpb-aacip-225-805x6k1p_02577875_01466266_01466264.jpg,https://americanarchive.org/catalog/cpb-aacip-225-805x6k1p,00:24:26.264
cpb-aacip-225-805x6k1p_02577875_01534902_01534900.jpg,https://americanarchive.org/catalog/cpb-aacip-225-805x6k1p,00:25:34.900
cpb-aacip-225-805x6k1p_02577875_01604404_01604402.jpg,https://americanarchive.org/catalog/cpb-aacip-225-805x6k1p,00:26:44.402
cpb-aacip-225-805x6k1p_02577875_01669002_01669000.jpg,https://americanarchive.org/catalog/cpb-aacip-225-805x6k1p,00:27:49.000
cpb-aacip-225-805x6k1p_02577875_01737404_01737402.jpg,https://americanarchive.org/catalog/cpb-aacip-225-805x6k1p,00:28:57.402
cpb-aacip-225-805x6k1p_02577875_01813146_01813144.jpg,https://americanarchive.org/catalog/cpb-aacip-225-805x6k1p,00:30:13.144
cpb-aacip-225-805x6k1p_02577875_01912646_01912644.jpg,https://americanarchive.org/catalog/cpb-aacip-225-805x6k1p,00:31:52.644
cpb-aacip-225-805x6k1p_02577875_01991758_01991756.jpg,https://americanarchive.org/catalog/cpb-aacip-225-805x6k1p,00:33:11.756
cpb-aacip-225-805x6k1p_02577875_02089256_02089253.jpg,https://americanarchive.org/catalog/cpb-aacip-225-805x6k1p,00:34:49.253
cpb-aacip-225-805x6k1p_02577875_02182649_02182647.jpg,https://americanarchive.org/catalog/cpb-aacip-225-805x6k1p,00:36:22.647
cpb-aacip-225-805x6k1p_02577875_02278879_02278876.jpg,https://americanarchive.org/catalog/cpb-aacip-225-805x6k1p,00:37:58.876
cpb-aacip-225-80vq8bj1_01775774_01356523_01356521.jpg,https://americanarchive.org/catalog/cpb-aacip-225-80vq8bj1,00:22:36.521
cpb-aacip-225-81jhb4c4_01780612_00254388_00254387.jpg,https://americanarchive.org/catalog/cpb-aacip-225-81jhb4c4,00:04:14.387
cpb-aacip-225-81jhb4c4_01780612_00811144_00811143.jpg,https://americanarchive.org/catalog/cpb-aacip-225-81jhb4c4,00:13:31.143
cpb-aacip-225-81jhb4c4_01780612_01150250_01150249.jpg,https://americanarchive.org/catalog/cpb-aacip-225-81jhb4c4,00:19:10.249
cpb-aacip-225-83kwhghq_01772637_00281782_00281781.jpg,https://americanarchive.org/catalog/cpb-aacip-225-83kwhghq,00:04:41.781
cpb-aacip-225-83kwhghq_01772637_00558258_00558257.jpg,https://americanarchive.org/catalog/cpb-aacip-225-83kwhghq,00:09:18.257
cpb-aacip-225-83kwhghq_01772637_00852252_00852251.jpg,https://americanarchive.org/catalog/cpb-aacip-225-83kwhghq,00:14:12.251
cpb-aacip-225-83kwhghq_01772637_01242276_01242274.jpg,https://americanarchive.org/catalog/cpb-aacip-225-83kwhghq,00:20:42.274
cpb-aacip-225-83xsjc9z_01797829_00255255_00255255.jpg,https://americanarchive.org/catalog/cpb-aacip-225-83xsjc9z,00:04:15.255
cpb-aacip-225-83xsjc9z_01797829_00499032_00499031.jpg,https://americanarchive.org/catalog/cpb-aacip-225-83xsjc9z,00:08:19.031
cpb-aacip-225-83xsjc9z_01797829_00768001_00768000.jpg,https://americanarchive.org/catalog/cpb-aacip-225-83xsjc9z,00:12:48.000
cpb-aacip-225-83xsjc9z_01797829_01030397_01030396.jpg,https://americanarchive.org/catalog/cpb-aacip-225-83xsjc9z,00:17:10.396
cpb-aacip-225-83xsjcbp_01821953_00869503_00869501.jpg,https://americanarchive.org/catalog/cpb-aacip-225-83xsjcbp,00:14:29.501
cpb-aacip-225-83xsjcgk_03860823_00841642_00841640.jpg,https://americanarchive.org/catalog/cpb-aacip-225-83xsjcgk,00:14:01.640
cpb-aacip-225-83xsjcgk_03860823_00892259_00892258.jpg,https://americanarchive.org/catalog/cpb-aacip-225-83xsjcgk,00:14:52.258
cpb-aacip-225-83xsjcgk_03860823_00982015_00982014.jpg,https://americanarchive.org/catalog/cpb-aacip-225-83xsjcgk,00:16:22.014
cpb-aacip-225-83xsjcgk_03860823_01106640_01106638.jpg,https://americanarchive.org/catalog/cpb-aacip-225-83xsjcgk,00:18:26.638
cpb-aacip-225-83xsjcgk_03860823_01418519_01418517.jpg,https://americanarchive.org/catalog/cpb-aacip-225-83xsjcgk,00:23:38.517
cpb-aacip-225-83xsjcgk_03860823_01608008_01608006.jpg,https://americanarchive.org/catalog/cpb-aacip-225-83xsjcgk,00:26:48.006
cpb-aacip-225-83xsjcgk_03860823_01864531_01864529.jpg,https://americanarchive.org/catalog/cpb-aacip-225-83xsjcgk,00:31:04.529
cpb-aacip-225-83xsjcgk_03860823_02405506_02405503.jpg,https://americanarchive.org/catalog/cpb-aacip-225-83xsjcgk,00:40:05.503
cpb-aacip-225-83xsjcgk_03860823_02748148_02748145.jpg,https://americanarchive.org/catalog/cpb-aacip-225-83xsjcgk,00:45:48.145
cpb-aacip-225-83xsjcgk_03860823_02939273_02939269.jpg,https://americanarchive.org/catalog/cpb-aacip-225-83xsjcgk,00:48:59.269
cpb-aacip-225-83xsjcgk_03860823_03284017_03284014.jpg,https://americanarchive.org/catalog/cpb-aacip-225-83xsjcgk,00:54:44.014
cpb-aacip-225-83xsjcgk_03860823_03643510_03643506.jpg,https://americanarchive.org/catalog/cpb-aacip-225-83xsjcgk,01:00:43.506
cpb-aacip-225-83xsjcgk_03860823_03750150_03750146.jpg,https://americanarchive.org/catalog/cpb-aacip-225-83xsjcgk,01:02:30.146
cpb-aacip-225-848pk819_03755918_00242643_00242642.jpg,https://americanarchive.org/catalog/cpb-aacip-225-848pk819,00:04:02.642
cpb-aacip-225-848pk819_03755918_00360394_00360393.jpg,https://americanarchive.org/catalog/cpb-aacip-225-848pk819,00:06:00.393
cpb-aacip-225-848pk819_03755918_00562029_00562028.jpg,https://americanarchive.org/catalog/cpb-aacip-225-848pk819,00:09:22.028
cpb-aacip-225-848pk819_03755918_00749016_00749014.jpg,https://americanarchive.org/catalog/cpb-aacip-225-848pk819,00:12:29.014
cpb-aacip-225-848pk819_03755918_00828529_00828527.jpg,https://americanarchive.org/catalog/cpb-aacip-225-848pk819,00:13:48.527
cpb-aacip-225-848pk819_03755918_00969136_00969134.jpg,https://americanarchive.org/catalog/cpb-aacip-225-848pk819,00:16:09.134
cpb-aacip-225-848pk819_03755918_01303504_01303502.jpg,https://americanarchive.org/catalog/cpb-aacip-225-848pk819,00:21:43.502
cpb-aacip-225-848pk819_03755918_01374908_01374906.jpg,https://americanarchive.org/catalog/cpb-aacip-225-848pk819,00:22:54.906
cpb-aacip-225-848pk819_03755918_01493527_01493525.jpg,https://americanarchive.org/catalog/cpb-aacip-225-848pk819,00:24:53.525
cpb-aacip-225-848pk819_03755918_01610143_01610141.jpg,https://americanarchive.org/catalog/cpb-aacip-225-848pk819,00:26:50.141
cpb-aacip-225-848pk819_03755918_01894027_01894025.jpg,https://americanarchive.org/catalog/cpb-aacip-225-848pk819,00:31:34.025
cpb-aacip-225-848pk819_03755918_01987754_01987752.jpg,https://americanarchive.org/catalog/cpb-aacip-225-848pk819,00:33:07.752
cpb-aacip-225-848pk819_03755918_02490390_02490387.jpg,https://americanarchive.org/catalog/cpb-aacip-225-848pk819,00:41:30.387
cpb-aacip-225-848pk819_03755918_02623757_02623754.jpg,https://americanarchive.org/catalog/cpb-aacip-225-848pk819,00:43:43.754
cpb-aacip-225-848pk819_03755918_02738906_02738902.jpg,https://americanarchive.org/catalog/cpb-aacip-225-848pk819,00:45:38.902
cpb-aacip-225-848pk819_03755918_02938772_02938769.jpg,https://americanarchive.org/catalog/cpb-aacip-225-848pk819,00:48:58.769
cpb-aacip-225-848pk819_03755918_03034635_03034631.jpg,https://americanarchive.org/catalog/cpb-aacip-225-848pk819,00:50:34.631
cpb-aacip-225-848pk819_03755918_03089022_03089019.jpg,https://americanarchive.org/catalog/cpb-aacip-225-848pk819,00:51:29.019
cpb-aacip-225-848pk821_01813478_00096396_00096396.jpg,https://americanarchive.org/catalog/cpb-aacip-225-848pk821,00:01:36.396
cpb-aacip-225-848pk821_01813478_00619386_00619385.jpg,https://americanarchive.org/catalog/cpb-aacip-225-848pk821,00:10:19.385
cpb-aacip-225-848pk821_01813478_00975509_00975507.jpg,https://americanarchive.org/catalog/cpb-aacip-225-848pk821,00:16:15.507
cpb-aacip-225-848pk821_01813478_01342376_01342374.jpg,https://americanarchive.org/catalog/cpb-aacip-225-848pk821,00:22:22.374
cpb-aacip-225-84zgn1v5_01802367_00582149_00582148.jpg,https://americanarchive.org/catalog/cpb-aacip-225-84zgn1v5,00:09:42.148
cpb-aacip-225-84zgn1v5_01802367_00966266_00966265.jpg,https://americanarchive.org/catalog/cpb-aacip-225-84zgn1v5,00:16:06.265
cpb-aacip-225-84zgn1v5_01802367_01335903_01335901.jpg,https://americanarchive.org/catalog/cpb-aacip-225-84zgn1v5,00:22:15.901
cpb-aacip-225-86b2rm9c_01738503_00247881_00247880.jpg,https://americanarchive.org/catalog/cpb-aacip-225-86b2rm9c,00:04:07.880
cpb-aacip-225-86b2rm9c_01738503_00616149_00616148.jpg,https://americanarchive.org/catalog/cpb-aacip-225-86b2rm9c,00:10:16.148
cpb-aacip-225-86b2rm9c_01738503_01330130_01330128.jpg,https://americanarchive.org/catalog/cpb-aacip-225-86b2rm9c,00:22:10.128
cpb-aacip-225-86b2rm9c_01738503_01376777_01376775.jpg,https://americanarchive.org/catalog/cpb-aacip-225-86b2rm9c,00:22:56.775
cpb-aacip-225-881jx2zw_01931663_00437638_00437637.jpg,https://americanarchive.org/catalog/cpb-aacip-225-881jx2zw,00:07:17.637
cpb-aacip-225-881jx2zw_01931663_00559626_00559625.jpg,https://americanarchive.org/catalog/cpb-aacip-225-881jx2zw,00:09:19.625
cpb-aacip-225-881jx2zw_01931663_00576777_00576776.jpg,https://americanarchive.org/catalog/cpb-aacip-225-881jx2zw,00:09:36.776
cpb-aacip-225-881jx2zw_01931663_01002269_01002267.jpg,https://americanarchive.org/catalog/cpb-aacip-225-881jx2zw,00:16:42.267
cpb-aacip-225-881jx2zw_01931663_01050751_01050749.jpg,https://americanarchive.org/catalog/cpb-aacip-225-881jx2zw,00:17:30.749
cpb-aacip-225-881jx2zw_01931663_01171905_01171904.jpg,https://americanarchive.org/catalog/cpb-aacip-225-881jx2zw,00:19:31.904
cpb-aacip-225-88cfxzgp_01842407_00331031_00331030.jpg,https://americanarchive.org/catalog/cpb-aacip-225-88cfxzgp,00:05:31.030
cpb-aacip-225-88cfxzgp_01842407_01152753_01152751.jpg,https://americanarchive.org/catalog/cpb-aacip-225-88cfxzgp,00:19:12.751
cpb-aacip-225-88cfz00w_01800165_00092125_00092125.jpg,https://americanarchive.org/catalog/cpb-aacip-225-88cfz00w,00:01:32.125
cpb-aacip-225-88cfz00w_01800165_00152019_00152018.jpg,https://americanarchive.org/catalog/cpb-aacip-225-88cfz00w,00:02:32.018
cpb-aacip-225-88cfz00w_01800165_00181515_00181514.jpg,https://americanarchive.org/catalog/cpb-aacip-225-88cfz00w,00:03:01.514
cpb-aacip-225-88cfz00w_01800165_00204638_00204637.jpg,https://americanarchive.org/catalog/cpb-aacip-225-88cfz00w,00:03:24.637
cpb-aacip-225-88cfz00w_01800165_00235636_00235635.jpg,https://americanarchive.org/catalog/cpb-aacip-225-88cfz00w,00:03:55.635
cpb-aacip-225-88cfz00w_01800165_00302903_00302902.jpg,https://americanarchive.org/catalog/cpb-aacip-225-88cfz00w,00:05:02.902
cpb-aacip-225-88cfz00w_01800165_00375375_00375375.jpg,https://americanarchive.org/catalog/cpb-aacip-225-88cfz00w,00:06:15.375
cpb-aacip-225-88cfz00w_01800165_00398131_00398131.jpg,https://americanarchive.org/catalog/cpb-aacip-225-88cfz00w,00:06:38.131
cpb-aacip-225-88cfz00w_01800165_00435769_00435768.jpg,https://americanarchive.org/catalog/cpb-aacip-225-88cfz00w,00:07:15.768
cpb-aacip-225-88cfz00w_01800165_00518385_00518384.jpg,https://americanarchive.org/catalog/cpb-aacip-225-88cfz00w,00:08:38.384
cpb-aacip-225-88cfz00w_01800165_00558025_00558024.jpg,https://americanarchive.org/catalog/cpb-aacip-225-88cfz00w,00:09:18.024
cpb-aacip-225-88cfz00w_01800165_00572639_00572638.jpg,https://americanarchive.org/catalog/cpb-aacip-225-88cfz00w,00:09:32.638
cpb-aacip-225-88cfz00w_01800165_00591258_00591257.jpg,https://americanarchive.org/catalog/cpb-aacip-225-88cfz00w,00:09:51.257
cpb-aacip-225-88cfz00w_01800165_00618385_00618384.jpg,https://americanarchive.org/catalog/cpb-aacip-225-88cfz00w,00:10:18.384
cpb-aacip-225-88cfz00w_01800165_00702503_00702501.jpg,https://americanarchive.org/catalog/cpb-aacip-225-88cfz00w,00:11:42.501
cpb-aacip-225-88cfz00w_01800165_00757257_00757256.jpg,https://americanarchive.org/catalog/cpb-aacip-225-88cfz00w,00:12:37.256
cpb-aacip-225-88cfz00w_01800165_00796263_00796262.jpg,https://americanarchive.org/catalog/cpb-aacip-225-88cfz00w,00:13:16.262
cpb-aacip-225-88cfz00w_01800165_00831532_00831530.jpg,https://americanarchive.org/catalog/cpb-aacip-225-88cfz00w,00:13:51.530
cpb-aacip-225-88cfz00w_01800165_00903136_00903135.jpg,https://americanarchive.org/catalog/cpb-aacip-225-88cfz00w,00:15:03.135
cpb-aacip-225-88cfz00w_01800165_00944144_00944143.jpg,https://americanarchive.org/catalog/cpb-aacip-225-88cfz00w,00:15:44.143
cpb-aacip-225-88cfz00w_01800165_01021255_01021253.jpg,https://americanarchive.org/catalog/cpb-aacip-225-88cfz00w,00:17:01.253
cpb-aacip-225-88cfz00w_01800165_01048282_01048280.jpg,https://americanarchive.org/catalog/cpb-aacip-225-88cfz00w,00:17:28.280
cpb-aacip-225-88cfz00w_01800165_01067901_01067900.jpg,https://americanarchive.org/catalog/cpb-aacip-225-88cfz00w,00:17:47.900
cpb-aacip-225-88cfz00w_01800165_01093126_01093125.jpg,https://americanarchive.org/catalog/cpb-aacip-225-88cfz00w,00:18:13.125
cpb-aacip-225-88cfz00w_01800165_01189756_01189755.jpg,https://americanarchive.org/catalog/cpb-aacip-225-88cfz00w,00:19:49.755
cpb-aacip-225-88cfz00w_01800165_01241408_01241406.jpg,https://americanarchive.org/catalog/cpb-aacip-225-88cfz00w,00:20:41.406
cpb-aacip-225-88cfz00w_01800165_01279780_01279778.jpg,https://americanarchive.org/catalog/cpb-aacip-225-88cfz00w,00:21:19.778
cpb-aacip-225-88cfz00w_01800165_01360894_01360892.jpg,https://americanarchive.org/catalog/cpb-aacip-225-88cfz00w,00:22:40.892
cpb-aacip-225-88cfz00w_01800165_01403136_01403135.jpg,https://americanarchive.org/catalog/cpb-aacip-225-88cfz00w,00:23:23.135
cpb-aacip-225-88cfz00w_01800165_01443277_01443275.jpg,https://americanarchive.org/catalog/cpb-aacip-225-88cfz00w,00:24:03.275
cpb-aacip-225-88cfz00w_01800165_01474508_01474506.jpg,https://americanarchive.org/catalog/cpb-aacip-225-88cfz00w,00:24:34.506
cpb-aacip-225-88cfz00w_01800165_01504505_01504503.jpg,https://americanarchive.org/catalog/cpb-aacip-225-88cfz00w,00:25:04.503
cpb-aacip-225-88cfz00w_01800165_01550751_01550749.jpg,https://americanarchive.org/catalog/cpb-aacip-225-88cfz00w,00:25:50.749
cpb-aacip-225-88cfz00w_01800165_01586753_01586751.jpg,https://americanarchive.org/catalog/cpb-aacip-225-88cfz00w,00:26:26.751
cpb-aacip-225-88cfz00w_01800165_01637638_01637636.jpg,https://americanarchive.org/catalog/cpb-aacip-225-88cfz00w,00:27:17.636
cpb-aacip-225-88cfz00w_01800165_01658025_01658023.jpg,https://americanarchive.org/catalog/cpb-aacip-225-88cfz00w,00:27:38.023
cpb-aacip-225-88cfz00w_01800165_01684017_01684015.jpg,https://americanarchive.org/catalog/cpb-aacip-225-88cfz00w,00:28:04.015
cpb-aacip-225-89280rcv_01800131_00240407_00240406.jpg,https://americanarchive.org/catalog/cpb-aacip-225-89280rcv,00:04:00.406
cpb-aacip-225-89280rcv_01800131_00341642_00341641.jpg,https://americanarchive.org/catalog/cpb-aacip-225-89280rcv,00:05:41.641
cpb-aacip-225-89280rcv_01800131_00396029_00396028.jpg,https://americanarchive.org/catalog/cpb-aacip-225-89280rcv,00:06:36.028
cpb-aacip-225-89280rcv_01800131_00406640_00406639.jpg,https://americanarchive.org/catalog/cpb-aacip-225-89280rcv,00:06:46.639
cpb-aacip-225-89280rcv_01800131_00425626_00425625.jpg,https://americanarchive.org/catalog/cpb-aacip-225-89280rcv,00:07:05.625
cpb-aacip-225-89280rcv_01800131_00451251_00451250.jpg,https://americanarchive.org/catalog/cpb-aacip-225-89280rcv,00:07:31.250
cpb-aacip-225-89280rcv_01800131_00472139_00472138.jpg,https://americanarchive.org/catalog/cpb-aacip-225-89280rcv,00:07:52.138
cpb-aacip-225-89280rcv_01800131_00557257_00557256.jpg,https://americanarchive.org/catalog/cpb-aacip-225-89280rcv,00:09:17.256
cpb-aacip-225-89280rcv_01800131_00607007_00607006.jpg,https://americanarchive.org/catalog/cpb-aacip-225-89280rcv,00:10:07.006
cpb-aacip-225-89280rcv_01800131_00692759_00692758.jpg,https://americanarchive.org/catalog/cpb-aacip-225-89280rcv,00:11:32.758
cpb-aacip-225-89280rcv_01800131_00772773_00772772.jpg,https://americanarchive.org/catalog/cpb-aacip-225-89280rcv,00:12:52.772
cpb-aacip-225-89280rcv_01800131_00933400_00933399.jpg,https://americanarchive.org/catalog/cpb-aacip-225-89280rcv,00:15:33.399
cpb-aacip-225-89280rcv_01800131_01002002_01002001.jpg,https://americanarchive.org/catalog/cpb-aacip-225-89280rcv,00:16:42.001
cpb-aacip-225-89280rcv_01800131_01060127_01060125.jpg,https://americanarchive.org/catalog/cpb-aacip-225-89280rcv,00:17:40.125
cpb-aacip-225-89280rcv_01800131_01119753_01119751.jpg,https://americanarchive.org/catalog/cpb-aacip-225-89280rcv,00:18:39.751
cpb-aacip-225-89280rcv_01800131_01264031_01264029.jpg,https://americanarchive.org/catalog/cpb-aacip-225-89280rcv,00:21:04.029
cpb-aacip-225-89280rcv_01800131_01413146_01413145.jpg,https://americanarchive.org/catalog/cpb-aacip-225-89280rcv,00:23:33.145
cpb-aacip-225-89280rcv_01800131_01448882_01448880.jpg,https://americanarchive.org/catalog/cpb-aacip-225-89280rcv,00:24:08.880
cpb-aacip-225-89280rcv_01800131_01627394_01627392.jpg,https://americanarchive.org/catalog/cpb-aacip-225-89280rcv,00:27:07.392
cpb-aacip-225-89r22hxx_01731730_00243877_00243876.jpg,https://americanarchive.org/catalog/cpb-aacip-225-89r22hxx,00:04:03.876
cpb-aacip-225-89r22hxx_01731730_00645512_00645511.jpg,https://americanarchive.org/catalog/cpb-aacip-225-89r22hxx,00:10:45.511
cpb-aacip-225-89r22hxx_01731730_01016650_01016648.jpg,https://americanarchive.org/catalog/cpb-aacip-225-89r22hxx,00:16:56.648
cpb-aacip-225-902z3dxg_03232996_00759760_00759759.jpg,https://americanarchive.org/catalog/cpb-aacip-225-902z3dxg,00:12:39.759
cpb-aacip-225-902z3dxg_03232996_01156890_01156889.jpg,https://americanarchive.org/catalog/cpb-aacip-225-902z3dxg,00:19:16.889
cpb-aacip-225-902z3dxg_03232996_01542509_01542507.jpg,https://americanarchive.org/catalog/cpb-aacip-225-902z3dxg,00:25:42.507
cpb-aacip-225-902z3dxg_03232996_02059526_02059524.jpg,https://americanarchive.org/catalog/cpb-aacip-225-902z3dxg,00:34:19.524
cpb-aacip-225-902z3dxg_03232996_02254388_02254385.jpg,https://americanarchive.org/catalog/cpb-aacip-225-902z3dxg,00:37:34.385
cpb-aacip-225-902z3dxg_03232996_03091658_03091655.jpg,https://americanarchive.org/catalog/cpb-aacip-225-902z3dxg,00:51:31.655
cpb-aacip-225-902z3f8d_01939704_00506773_00506772.jpg,https://americanarchive.org/catalog/cpb-aacip-225-902z3f8d,00:08:26.772
cpb-aacip-225-902z3f8d_01939704_00628629_00628628.jpg,https://americanarchive.org/catalog/cpb-aacip-225-902z3f8d,00:10:28.628
cpb-aacip-225-90dv49tw_02131462_00268268_00268268.jpg,https://americanarchive.org/catalog/cpb-aacip-225-90dv49tw,00:04:28.268
cpb-aacip-225-913n63bg_01716081_00281281_00281281.jpg,https://americanarchive.org/catalog/cpb-aacip-225-913n63bg,00:04:41.281
cpb-aacip-225-913n63bg_01716081_00559126_00559125.jpg,https://americanarchive.org/catalog/cpb-aacip-225-913n63bg,00:09:19.125
cpb-aacip-225-913n63kj_03585014_00198131_00198131.jpg,https://americanarchive.org/catalog/cpb-aacip-225-913n63kj,00:03:18.131
cpb-aacip-225-913n63kj_03585014_00270270_00270270.jpg,https://americanarchive.org/catalog/cpb-aacip-225-913n63kj,00:04:30.270
cpb-aacip-225-913n63kj_03585014_00327027_00327026.jpg,https://americanarchive.org/catalog/cpb-aacip-225-913n63kj,00:05:27.026
cpb-aacip-225-913n63kj_03585014_00423023_00423022.jpg,https://americanarchive.org/catalog/cpb-aacip-225-913n63kj,00:07:03.022
cpb-aacip-225-913n63kj_03585014_00446013_00446012.jpg,https://americanarchive.org/catalog/cpb-aacip-225-913n63kj,00:07:26.012
cpb-aacip-225-913n63kj_03585014_00537771_00537770.jpg,https://americanarchive.org/catalog/cpb-aacip-225-913n63kj,00:08:57.770
cpb-aacip-225-913n63kj_03585014_00563130_00563129.jpg,https://americanarchive.org/catalog/cpb-aacip-225-913n63kj,00:09:23.129
cpb-aacip-225-913n63kj_03585014_00643277_00643275.jpg,https://americanarchive.org/catalog/cpb-aacip-225-913n63kj,00:10:43.275
cpb-aacip-225-913n63kj_03585014_00654888_00654887.jpg,https://americanarchive.org/catalog/cpb-aacip-225-913n63kj,00:10:54.887
cpb-aacip-225-913n63kj_03585014_00787387_00787386.jpg,https://americanarchive.org/catalog/cpb-aacip-225-913n63kj,00:13:07.386
cpb-aacip-225-913n63kj_03585014_00805506_00805504.jpg,https://americanarchive.org/catalog/cpb-aacip-225-913n63kj,00:13:25.504
cpb-aacip-225-913n63kj_03585014_00835135_00835134.jpg,https://americanarchive.org/catalog/cpb-aacip-225-913n63kj,00:13:55.134
cpb-aacip-225-913n63kj_03585014_00879513_00879511.jpg,https://americanarchive.org/catalog/cpb-aacip-225-913n63kj,00:14:39.511
cpb-aacip-225-913n63kj_03585014_00899132_00899131.jpg,https://americanarchive.org/catalog/cpb-aacip-225-913n63kj,00:14:59.131
cpb-aacip-225-913n63kj_03585014_00971004_00971003.jpg,https://americanarchive.org/catalog/cpb-aacip-225-913n63kj,00:16:11.003
cpb-aacip-225-913n63kj_03585014_00998031_00998030.jpg,https://americanarchive.org/catalog/cpb-aacip-225-913n63kj,00:16:38.030
cpb-aacip-225-913n63kj_03585014_01084885_01084883.jpg,https://americanarchive.org/catalog/cpb-aacip-225-913n63kj,00:18:04.883
cpb-aacip-225-913n63kj_03585014_01098532_01098530.jpg,https://americanarchive.org/catalog/cpb-aacip-225-913n63kj,00:18:18.530
cpb-aacip-225-913n63kj_03585014_01215649_01215647.jpg,https://americanarchive.org/catalog/cpb-aacip-225-913n63kj,00:20:15.647
cpb-aacip-225-913n63kj_03585014_01251151_01251149.jpg,https://americanarchive.org/catalog/cpb-aacip-225-913n63kj,00:20:51.149
cpb-aacip-225-913n63kj_03585014_01291391_01291390.jpg,https://americanarchive.org/catalog/cpb-aacip-225-913n63kj,00:21:31.390
cpb-aacip-225-913n63kj_03585014_01409276_01409274.jpg,https://americanarchive.org/catalog/cpb-aacip-225-913n63kj,00:23:29.274
cpb-aacip-225-913n63kj_03585014_01475142_01475140.jpg,https://americanarchive.org/catalog/cpb-aacip-225-913n63kj,00:24:35.140
cpb-aacip-225-913n63kj_03585014_01574641_01574639.jpg,https://americanarchive.org/catalog/cpb-aacip-225-913n63kj,00:26:14.639
cpb-aacip-225-913n63kj_03585014_01611144_01611142.jpg,https://americanarchive.org/catalog/cpb-aacip-225-913n63kj,00:26:51.142
cpb-aacip-225-913n63kj_03585014_02274408_02274405.jpg,https://americanarchive.org/catalog/cpb-aacip-225-913n63kj,00:37:54.405
cpb-aacip-225-913n63kj_03585014_02587888_02587885.jpg,https://americanarchive.org/catalog/cpb-aacip-225-913n63kj,00:43:07.885
cpb-aacip-225-913n63kj_03585014_02884384_02884381.jpg,https://americanarchive.org/catalog/cpb-aacip-225-913n63kj,00:48:04.381
cpb-aacip-225-913n63kj_03585014_03202135_03202132.jpg,https://americanarchive.org/catalog/cpb-aacip-225-913n63kj,00:53:22.132
cpb-aacip-225-913n63kj_03585014_03273273_03273270.jpg,https://americanarchive.org/catalog/cpb-aacip-225-913n63kj,00:54:33.270
cpb-aacip-225-913n63kj_03585014_03333901_03333897.jpg,https://americanarchive.org/catalog/cpb-aacip-225-913n63kj,00:55:33.897
cpb-aacip-225-913n63kj_03585014_03400501_03400497.jpg,https://americanarchive.org/catalog/cpb-aacip-225-913n63kj,00:56:40.497
cpb-aacip-225-91sf7w98_03750146_00648515_00648514.jpg,https://americanarchive.org/catalog/cpb-aacip-225-91sf7w98,00:10:48.514
cpb-aacip-225-91sf7w98_03750146_01214014_01214012.jpg,https://americanarchive.org/catalog/cpb-aacip-225-91sf7w98,00:20:14.012
cpb-aacip-225-92t4bjr9_01876441_00098632_00098631.jpg,https://americanarchive.org/catalog/cpb-aacip-225-92t4bjr9,00:01:38.631
cpb-aacip-225-92t4bjr9_01876441_00177644_00177644.jpg,https://americanarchive.org/catalog/cpb-aacip-225-92t4bjr9,00:02:57.644
cpb-aacip-225-92t4bjr9_01876441_00196129_00196129.jpg,https://americanarchive.org/catalog/cpb-aacip-225-92t4bjr9,00:03:16.129
cpb-aacip-225-92t4bjr9_01876441_00452886_00452885.jpg,https://americanarchive.org/catalog/cpb-aacip-225-92t4bjr9,00:07:32.885
cpb-aacip-225-92t4bjr9_01876441_00509510_00509509.jpg,https://americanarchive.org/catalog/cpb-aacip-225-92t4bjr9,00:08:29.509
cpb-aacip-225-92t4bjr9_01876441_00774408_00774406.jpg,https://americanarchive.org/catalog/cpb-aacip-225-92t4bjr9,00:12:54.406
cpb-aacip-225-92t4bjr9_01876441_00961762_00961760.jpg,https://americanarchive.org/catalog/cpb-aacip-225-92t4bjr9,00:16:01.760
cpb-aacip-225-92t4bjr9_01876441_01028262_01028260.jpg,https://americanarchive.org/catalog/cpb-aacip-225-92t4bjr9,00:17:08.260
cpb-aacip-225-92t4bjr9_01876441_01215015_01215013.jpg,https://americanarchive.org/catalog/cpb-aacip-225-92t4bjr9,00:20:15.013
cpb-aacip-225-92t4bjr9_01876441_01548782_01548780.jpg,https://americanarchive.org/catalog/cpb-aacip-225-92t4bjr9,00:25:48.780
cpb-aacip-225-92t4bjr9_01876441_01633634_01633632.jpg,https://americanarchive.org/catalog/cpb-aacip-225-92t4bjr9,00:27:13.632
cpb-aacip-225-92t4bjs1_01730795_00206640_00206639.jpg,https://americanarchive.org/catalog/cpb-aacip-225-92t4bjs1,00:03:26.639
cpb-aacip-225-92t4bjs1_01730795_00476643_00476642.jpg,https://americanarchive.org/catalog/cpb-aacip-225-92t4bjs1,00:07:56.642
cpb-aacip-225-92t4bjs1_01730795_00811512_00811510.jpg,https://americanarchive.org/catalog/cpb-aacip-225-92t4bjs1,00:13:31.510
cpb-aacip-225-92t4bjs1_01730795_00851151_00851150.jpg,https://americanarchive.org/catalog/cpb-aacip-225-92t4bjs1,00:14:11.150
cpb-aacip-225-92t4bjs1_01730795_01204404_01204403.jpg,https://americanarchive.org/catalog/cpb-aacip-225-92t4bjs1,00:20:04.403
cpb-aacip-225-93gxdbd6_02505002_00099132_00099132.jpg,https://americanarchive.org/catalog/cpb-aacip-225-93gxdbd6,00:01:39.132
cpb-aacip-225-93gxdbd6_02505002_00142776_00142775.jpg,https://americanarchive.org/catalog/cpb-aacip-225-93gxdbd6,00:02:22.775
cpb-aacip-225-93gxdbd6_02505002_00339406_00339405.jpg,https://americanarchive.org/catalog/cpb-aacip-225-93gxdbd6,00:05:39.405
cpb-aacip-225-93gxdbd6_02505002_00476777_00476776.jpg,https://americanarchive.org/catalog/cpb-aacip-225-93gxdbd6,00:07:56.776
cpb-aacip-225-93gxdbd6_02505002_00618385_00618384.jpg,https://americanarchive.org/catalog/cpb-aacip-225-93gxdbd6,00:10:18.384
cpb-aacip-225-93gxdbd6_02505002_01086253_01086251.jpg,https://americanarchive.org/catalog/cpb-aacip-225-93gxdbd6,00:18:06.251
cpb-aacip-225-93gxdbd6_02505002_01469136_01469134.jpg,https://americanarchive.org/catalog/cpb-aacip-225-93gxdbd6,00:24:29.134
cpb-aacip-225-93gxdbd6_02505002_01576143_01576141.jpg,https://americanarchive.org/catalog/cpb-aacip-225-93gxdbd6,00:26:16.141
cpb-aacip-225-93gxdbd6_02505002_01639273_01639270.jpg,https://americanarchive.org/catalog/cpb-aacip-225-93gxdbd6,00:27:19.270
cpb-aacip-225-93gxdbgn_01845109_00106907_00106906.jpg,https://americanarchive.org/catalog/cpb-aacip-225-93gxdbgn,00:01:46.906
cpb-aacip-225-93gxdbgn_01845109_00150751_00150750.jpg,https://americanarchive.org/catalog/cpb-aacip-225-93gxdbgn,00:02:30.750
cpb-aacip-225-93gxdbgn_01845109_00155522_00155522.jpg,https://americanarchive.org/catalog/cpb-aacip-225-93gxdbgn,00:02:35.522
cpb-aacip-225-93gxdbgn_01845109_00175509_00175508.jpg,https://americanarchive.org/catalog/cpb-aacip-225-93gxdbgn,00:02:55.508
cpb-aacip-225-93gxdbgn_01845109_00199399_00199399.jpg,https://americanarchive.org/catalog/cpb-aacip-225-93gxdbgn,00:03:19.399
cpb-aacip-225-93gxdbgn_01845109_00228896_00228895.jpg,https://americanarchive.org/catalog/cpb-aacip-225-93gxdbgn,00:03:48.895
cpb-aacip-225-93gxdbgn_01845109_00251652_00251651.jpg,https://americanarchive.org/catalog/cpb-aacip-225-93gxdbgn,00:04:11.651
cpb-aacip-225-93gxdbgn_01845109_00265265_00265265.jpg,https://americanarchive.org/catalog/cpb-aacip-225-93gxdbgn,00:04:25.265
cpb-aacip-225-93gxdbgn_01845109_00304771_00304771.jpg,https://americanarchive.org/catalog/cpb-aacip-225-93gxdbgn,00:05:04.771
cpb-aacip-225-93gxdbgn_01845109_00315382_00315381.jpg,https://americanarchive.org/catalog/cpb-aacip-225-93gxdbgn,00:05:15.381
cpb-aacip-225-93gxdbgn_01845109_00361528_00361527.jpg,https://americanarchive.org/catalog/cpb-aacip-225-93gxdbgn,00:06:01.527
cpb-aacip-225-93gxdbgn_01845109_00401268_00401267.jpg,https://americanarchive.org/catalog/cpb-aacip-225-93gxdbgn,00:06:41.267
cpb-aacip-225-93gxdbgn_01845109_00429630_00429629.jpg,https://americanarchive.org/catalog/cpb-aacip-225-93gxdbgn,00:07:09.629
cpb-aacip-225-93gxdbgn_01845109_00447014_00447013.jpg,https://americanarchive.org/catalog/cpb-aacip-225-93gxdbgn,00:07:27.013
cpb-aacip-225-93gxdbgn_01845109_00453387_00453386.jpg,https://americanarchive.org/catalog/cpb-aacip-225-93gxdbgn,00:07:33.386
cpb-aacip-225-93gxdbgn_01845109_00501134_00501133.jpg,https://americanarchive.org/catalog/cpb-aacip-225-93gxdbgn,00:08:21.133
cpb-aacip-225-93gxdbgn_01845109_00520387_00520386.jpg,https://americanarchive.org/catalog/cpb-aacip-225-93gxdbgn,00:08:40.386
cpb-aacip-225-93gxdbgn_01845109_01133767_01133765.jpg,https://americanarchive.org/catalog/cpb-aacip-225-93gxdbgn,00:18:53.765
cpb-aacip-225-93gxdbgn_01845109_01230531_01230529.jpg,https://americanarchive.org/catalog/cpb-aacip-225-93gxdbgn,00:20:30.529
cpb-aacip-225-93gxdbgn_01845109_01245779_01245777.jpg,https://americanarchive.org/catalog/cpb-aacip-225-93gxdbgn,00:20:45.777
cpb-aacip-225-93gxdbgn_01845109_01436136_01436134.jpg,https://americanarchive.org/catalog/cpb-aacip-225-93gxdbgn,00:23:56.134
cpb-aacip-225-93gxdbgn_01845109_01512279_01512277.jpg,https://americanarchive.org/catalog/cpb-aacip-225-93gxdbgn,00:25:12.277
cpb-aacip-225-945qg46k_01736935_00275642_00275642.jpg,https://americanarchive.org/catalog/cpb-aacip-225-945qg46k,00:04:35.642
cpb-aacip-225-945qg46k_01736935_00570137_00570136.jpg,https://americanarchive.org/catalog/cpb-aacip-225-945qg46k,00:09:30.136
cpb-aacip-225-945qg46k_01736935_01169503_01169501.jpg,https://americanarchive.org/catalog/cpb-aacip-225-945qg46k,00:19:29.501
cpb-aacip-225-945qg479_01735533_00861628_00861627.jpg,https://americanarchive.org/catalog/cpb-aacip-225-945qg479,00:14:21.627
cpb-aacip-225-945qg479_01735533_01061128_01061126.jpg,https://americanarchive.org/catalog/cpb-aacip-225-945qg479,00:17:41.126
cpb-aacip-225-945qg481_01741473_00242509_00242508.jpg,https://americanarchive.org/catalog/cpb-aacip-225-945qg481,00:04:02.508
cpb-aacip-225-945qg481_01741473_00689156_00689155.jpg,https://americanarchive.org/catalog/cpb-aacip-225-945qg481,00:11:29.155
cpb-aacip-225-945qg481_01741473_00995128_00995127.jpg,https://americanarchive.org/catalog/cpb-aacip-225-945qg481,00:16:35.127
cpb-aacip-225-945qg481_01741473_01362262_01362260.jpg,https://americanarchive.org/catalog/cpb-aacip-225-945qg481,00:22:42.260
cpb-aacip-225-94vhhwww_01708440_00279780_00279779.jpg,https://americanarchive.org/catalog/cpb-aacip-225-94vhhwww,00:04:39.779
cpb-aacip-225-94vhhwww_01708440_01313780_01313779.jpg,https://americanarchive.org/catalog/cpb-aacip-225-94vhhwww,00:21:53.779
cpb-aacip-225-94vhhwww_01708440_01327761_01327759.jpg,https://americanarchive.org/catalog/cpb-aacip-225-94vhhwww,00:22:07.759
cpb-aacip-225-956djsw1_01905436_00148148_00148148.jpg,https://americanarchive.org/catalog/cpb-aacip-225-956djsw1,00:02:28.148
cpb-aacip-225-956djsw1_01905436_00195262_00195261.jpg,https://americanarchive.org/catalog/cpb-aacip-225-956djsw1,00:03:15.261
cpb-aacip-225-956djsw1_01905436_00255756_00255755.jpg,https://americanarchive.org/catalog/cpb-aacip-225-956djsw1,00:04:15.755
cpb-aacip-225-956djsw1_01905436_00288889_00288888.jpg,https://americanarchive.org/catalog/cpb-aacip-225-956djsw1,00:04:48.888
cpb-aacip-225-956djsw1_01905436_00318385_00318384.jpg,https://americanarchive.org/catalog/cpb-aacip-225-956djsw1,00:05:18.384
cpb-aacip-225-956djsw1_01905436_00350017_00350016.jpg,https://americanarchive.org/catalog/cpb-aacip-225-956djsw1,00:05:50.016
cpb-aacip-225-956djsw1_01905436_00362629_00362628.jpg,https://americanarchive.org/catalog/cpb-aacip-225-956djsw1,00:06:02.628
cpb-aacip-225-956djsw1_01905436_00388255_00388254.jpg,https://americanarchive.org/catalog/cpb-aacip-225-956djsw1,00:06:28.254
cpb-aacip-225-956djsw1_01905436_00452386_00452385.jpg,https://americanarchive.org/catalog/cpb-aacip-225-956djsw1,00:07:32.385
cpb-aacip-225-956djsw1_01905436_00488655_00488654.jpg,https://americanarchive.org/catalog/cpb-aacip-225-956djsw1,00:08:08.654
cpb-aacip-225-956djsw1_01905436_00531765_00531764.jpg,https://americanarchive.org/catalog/cpb-aacip-225-956djsw1,00:08:51.764
cpb-aacip-225-956djsw1_01905436_00559626_00559625.jpg,https://americanarchive.org/catalog/cpb-aacip-225-956djsw1,00:09:19.625
cpb-aacip-225-956djsw1_01905436_00620654_00620653.jpg,https://americanarchive.org/catalog/cpb-aacip-225-956djsw1,00:10:20.653
cpb-aacip-225-956djsw1_01905436_00719887_00719885.jpg,https://americanarchive.org/catalog/cpb-aacip-225-956djsw1,00:11:59.885
cpb-aacip-225-956djsw1_01905436_00766767_00766766.jpg,https://americanarchive.org/catalog/cpb-aacip-225-956djsw1,00:12:46.766
cpb-aacip-225-956djsw1_01905436_00985018_00985017.jpg,https://americanarchive.org/catalog/cpb-aacip-225-956djsw1,00:16:25.017
cpb-aacip-225-956djsw1_01905436_01042876_01042875.jpg,https://americanarchive.org/catalog/cpb-aacip-225-956djsw1,00:17:22.875
cpb-aacip-225-956djsw1_01905436_01096530_01096528.jpg,https://americanarchive.org/catalog/cpb-aacip-225-956djsw1,00:18:16.528
cpb-aacip-225-956djsw1_01905436_01189523_01189521.jpg,https://americanarchive.org/catalog/cpb-aacip-225-956djsw1,00:19:49.521
cpb-aacip-225-956djsw1_01905436_01194895_01194893.jpg,https://americanarchive.org/catalog/cpb-aacip-225-956djsw1,00:19:54.893
cpb-aacip-225-956djsw1_01905436_01204004_01204002.jpg,https://americanarchive.org/catalog/cpb-aacip-225-956djsw1,00:20:04.002
cpb-aacip-225-956djsw1_01905436_01209510_01209508.jpg,https://americanarchive.org/catalog/cpb-aacip-225-956djsw1,00:20:09.508
cpb-aacip-225-956djsw1_01905436_01230898_01230896.jpg,https://americanarchive.org/catalog/cpb-aacip-225-956djsw1,00:20:30.896
cpb-aacip-225-956djsw1_01905436_01243143_01243141.jpg,https://americanarchive.org/catalog/cpb-aacip-225-956djsw1,00:20:43.141
cpb-aacip-225-956djsw1_01905436_01255656_01255654.jpg,https://americanarchive.org/catalog/cpb-aacip-225-956djsw1,00:20:55.654
cpb-aacip-225-956djsw1_01905436_01316283_01316281.jpg,https://americanarchive.org/catalog/cpb-aacip-225-956djsw1,00:21:56.281
cpb-aacip-225-956djsw1_01905436_01333901_01333899.jpg,https://americanarchive.org/catalog/cpb-aacip-225-956djsw1,00:22:13.899
cpb-aacip-225-956djsw1_01905436_01361395_01361393.jpg,https://americanarchive.org/catalog/cpb-aacip-225-956djsw1,00:22:41.393
cpb-aacip-225-956djsw1_01905436_01395262_01395260.jpg,https://americanarchive.org/catalog/cpb-aacip-225-956djsw1,00:23:15.260
cpb-aacip-225-956djsw1_01905436_01469636_01469634.jpg,https://americanarchive.org/catalog/cpb-aacip-225-956djsw1,00:24:29.634
cpb-aacip-225-956djsw1_01905436_01505138_01505136.jpg,https://americanarchive.org/catalog/cpb-aacip-225-956djsw1,00:25:05.136
cpb-aacip-225-95j9kphn_01728159_00246513_00246512.jpg,https://americanarchive.org/catalog/cpb-aacip-225-95j9kphn,00:04:06.512
cpb-aacip-225-95j9kphn_01728159_00348782_00348781.jpg,https://americanarchive.org/catalog/cpb-aacip-225-95j9kphn,00:05:48.781
cpb-aacip-225-95j9kphn_01728159_00764398_00764396.jpg,https://americanarchive.org/catalog/cpb-aacip-225-95j9kphn,00:12:44.396
cpb-aacip-225-95j9kphn_01728159_01313380_01313378.jpg,https://americanarchive.org/catalog/cpb-aacip-225-95j9kphn,00:21:53.378
cpb-aacip-225-95w6mkcb_01770401_00099266_00099265.jpg,https://americanarchive.org/catalog/cpb-aacip-225-95w6mkcb,00:01:39.265
cpb-aacip-225-95w6mkcb_01770401_00245012_00245011.jpg,https://americanarchive.org/catalog/cpb-aacip-225-95w6mkcb,00:04:05.011
cpb-aacip-225-95w6mkcb_01770401_00541775_00541774.jpg,https://americanarchive.org/catalog/cpb-aacip-225-95w6mkcb,00:09:01.774
cpb-aacip-225-95w6mkcb_01770401_01244645_01244643.jpg,https://americanarchive.org/catalog/cpb-aacip-225-95w6mkcb,00:20:44.643
cpb-aacip-225-9673nggn_01702834_00265399_00265398.jpg,https://americanarchive.org/catalog/cpb-aacip-225-9673nggn,00:04:25.398
cpb-aacip-225-9673nggn_01702834_00583650_00583649.jpg,https://americanarchive.org/catalog/cpb-aacip-225-9673nggn,00:09:43.649
cpb-aacip-225-9673nggn_01702834_00915015_00915014.jpg,https://americanarchive.org/catalog/cpb-aacip-225-9673nggn,00:15:15.014
cpb-aacip-225-9673nggn_01702834_01243377_01243375.jpg,https://americanarchive.org/catalog/cpb-aacip-225-9673nggn,00:20:43.375
cpb-aacip-225-977sr4x3_01875139_00090390_00090390.jpg,https://americanarchive.org/catalog/cpb-aacip-225-977sr4x3,00:01:30.390
cpb-aacip-225-977sr4x3_01875139_00235002_00235001.jpg,https://americanarchive.org/catalog/cpb-aacip-225-977sr4x3,00:03:55.001
cpb-aacip-225-977sr4x3_01875139_00319253_00319252.jpg,https://americanarchive.org/catalog/cpb-aacip-225-977sr4x3,00:05:19.252
cpb-aacip-225-977sr4x3_01875139_00501768_00501767.jpg,https://americanarchive.org/catalog/cpb-aacip-225-977sr4x3,00:08:21.767
cpb-aacip-225-977sr4x3_01875139_00637004_00637003.jpg,https://americanarchive.org/catalog/cpb-aacip-225-977sr4x3,00:10:37.003
cpb-aacip-225-977sr4x3_01875139_00993393_00993392.jpg,https://americanarchive.org/catalog/cpb-aacip-225-977sr4x3,00:16:33.392
cpb-aacip-225-977sr4x3_01875139_01039907_01039905.jpg,https://americanarchive.org/catalog/cpb-aacip-225-977sr4x3,00:17:19.905
cpb-aacip-225-977sr4x3_01875139_01168635_01168634.jpg,https://americanarchive.org/catalog/cpb-aacip-225-977sr4x3,00:19:28.634
cpb-aacip-225-977sr4x3_01875139_01230397_01230395.jpg,https://americanarchive.org/catalog/cpb-aacip-225-977sr4x3,00:20:30.395
cpb-aacip-225-977sr4x3_01875139_01530631_01530629.jpg,https://americanarchive.org/catalog/cpb-aacip-225-977sr4x3,00:25:30.629
cpb-aacip-225-977sr4x3_01875139_01552019_01552017.jpg,https://americanarchive.org/catalog/cpb-aacip-225-977sr4x3,00:25:52.017
cpb-aacip-225-977sr507_01765663_00278512_00278511.jpg,https://americanarchive.org/catalog/cpb-aacip-225-977sr507,00:04:38.511
cpb-aacip-225-977sr507_01765663_00697631_00697630.jpg,https://americanarchive.org/catalog/cpb-aacip-225-977sr507,00:11:37.630
cpb-aacip-225-977sr507_01765663_01217651_01217649.jpg,https://americanarchive.org/catalog/cpb-aacip-225-977sr507,00:20:17.649
cpb-aacip-225-977sr51z_01697362_00262896_00262895.jpg,https://americanarchive.org/catalog/cpb-aacip-225-977sr51z,00:04:22.895
cpb-aacip-225-977sr51z_01697362_00578645_00578644.jpg,https://americanarchive.org/catalog/cpb-aacip-225-977sr51z,00:09:38.644
cpb-aacip-225-977sr51z_01697362_01230631_01230629.jpg,https://americanarchive.org/catalog/cpb-aacip-225-977sr51z,00:20:30.629
cpb-aacip-225-988gttgb_05509470_00103136_00103136.jpg,https://americanarchive.org/catalog/cpb-aacip-225-988gttgb,00:01:43.136
cpb-aacip-225-988gttgb_05509470_00559026_00559025.jpg,https://americanarchive.org/catalog/cpb-aacip-225-988gttgb,00:09:19.025
cpb-aacip-225-988gttgb_05509470_00988522_00988520.jpg,https://americanarchive.org/catalog/cpb-aacip-225-988gttgb,00:16:28.520
cpb-aacip-225-988gttgb_05509470_01459893_01459891.jpg,https://americanarchive.org/catalog/cpb-aacip-225-988gttgb,00:24:19.891
cpb-aacip-225-988gttgb_05509470_01892392_01892390.jpg,https://americanarchive.org/catalog/cpb-aacip-225-988gttgb,00:31:32.390
cpb-aacip-225-988gttgb_05509470_02480881_02480878.jpg,https://americanarchive.org/catalog/cpb-aacip-225-988gttgb,00:41:20.878
cpb-aacip-225-988gttgb_05509470_02772005_02772002.jpg,https://americanarchive.org/catalog/cpb-aacip-225-988gttgb,00:46:12.002
cpb-aacip-225-988gttgb_05509470_03770404_03770399.jpg,https://americanarchive.org/catalog/cpb-aacip-225-988gttgb,01:02:50.399
cpb-aacip-225-988gttgb_05509470_04406273_04406268.jpg,https://americanarchive.org/catalog/cpb-aacip-225-988gttgb,01:13:26.268
cpb-aacip-225-988gttgb_05509470_04781281_04781276.jpg,https://americanarchive.org/catalog/cpb-aacip-225-988gttgb,01:19:41.276
cpb-aacip-225-988gttpp_01835333_00081148_00081147.jpg,https://americanarchive.org/catalog/cpb-aacip-225-988gttpp,00:01:21.147
cpb-aacip-225-988gttpp_01835333_00169269_00169269.jpg,https://americanarchive.org/catalog/cpb-aacip-225-988gttpp,00:02:49.269
cpb-aacip-225-988gttpp_01835333_00189523_00189522.jpg,https://americanarchive.org/catalog/cpb-aacip-225-988gttpp,00:03:09.522
cpb-aacip-225-988gttpp_01835333_00308375_00308374.jpg,https://americanarchive.org/catalog/cpb-aacip-225-988gttpp,00:05:08.374
cpb-aacip-225-988gttpp_01835333_00321655_00321654.jpg,https://americanarchive.org/catalog/cpb-aacip-225-988gttpp,00:05:21.654
cpb-aacip-225-988gttpp_01835333_00349650_00349649.jpg,https://americanarchive.org/catalog/cpb-aacip-225-988gttpp,00:05:49.649
cpb-aacip-225-988gttpp_01835333_00423156_00423156.jpg,https://americanarchive.org/catalog/cpb-aacip-225-988gttpp,00:07:03.156
cpb-aacip-225-988gttpp_01835333_00434134_00434133.jpg,https://americanarchive.org/catalog/cpb-aacip-225-988gttpp,00:07:14.133
cpb-aacip-225-988gttpp_01835333_00499633_00499632.jpg,https://americanarchive.org/catalog/cpb-aacip-225-988gttpp,00:08:19.632
cpb-aacip-225-988gttpp_01835333_00606640_00606639.jpg,https://americanarchive.org/catalog/cpb-aacip-225-988gttpp,00:10:06.639
cpb-aacip-225-988gttpp_01835333_00712012_00712011.jpg,https://americanarchive.org/catalog/cpb-aacip-225-988gttpp,00:11:52.011
cpb-aacip-225-988gttpp_01835333_00931265_00931263.jpg,https://americanarchive.org/catalog/cpb-aacip-225-988gttpp,00:15:31.263
cpb-aacip-225-988gttpp_01835333_00942376_00942374.jpg,https://americanarchive.org/catalog/cpb-aacip-225-988gttpp,00:15:42.374
cpb-aacip-225-988gttpp_01835333_00986386_00986385.jpg,https://americanarchive.org/catalog/cpb-aacip-225-988gttpp,00:16:26.385
cpb-aacip-225-988gttpp_01835333_01023156_01023155.jpg,https://americanarchive.org/catalog/cpb-aacip-225-988gttpp,00:17:03.155
cpb-aacip-225-988gttpp_01835333_01064264_01064263.jpg,https://americanarchive.org/catalog/cpb-aacip-225-988gttpp,00:17:44.263
cpb-aacip-225-988gttpp_01835333_01121021_01121019.jpg,https://americanarchive.org/catalog/cpb-aacip-225-988gttpp,00:18:41.019
cpb-aacip-225-988gttpp_01835333_01149283_01149281.jpg,https://americanarchive.org/catalog/cpb-aacip-225-988gttpp,00:19:09.281
cpb-aacip-225-988gttpp_01835333_01186019_01186018.jpg,https://americanarchive.org/catalog/cpb-aacip-225-988gttpp,00:19:46.018
cpb-aacip-225-988gttpp_01835333_01262529_01262527.jpg,https://americanarchive.org/catalog/cpb-aacip-225-988gttpp,00:21:02.527
cpb-aacip-225-988gttpp_01835333_01453253_01453251.jpg,https://americanarchive.org/catalog/cpb-aacip-225-988gttpp,00:24:13.251
cpb-aacip-225-988gttpp_01835333_01644378_01644376.jpg,https://americanarchive.org/catalog/cpb-aacip-225-988gttpp,00:27:24.376
cpb-aacip-225-99n2zd03_01605470_00199266_00199265.jpg,https://americanarchive.org/catalog/cpb-aacip-225-99n2zd03,00:03:19.265
cpb-aacip-225-99n2zd03_01605470_00638005_00638004.jpg,https://americanarchive.org/catalog/cpb-aacip-225-99n2zd03,00:10:38.004
cpb-aacip-225-99n2zd03_01605470_00866266_00866265.jpg,https://americanarchive.org/catalog/cpb-aacip-225-99n2zd03,00:14:26.265
cpb-aacip-2f864418e19_03615044_00068902_00068902.jpg,https://americanarchive.org/catalog/cpb-aacip-2f864418e19,00:01:08.902
cpb-aacip-2f864418e19_03615044_00126026_00126025.jpg,https://americanarchive.org/catalog/cpb-aacip-2f864418e19,00:02:06.025
cpb-aacip-2f864418e19_03615044_00165766_00165765.jpg,https://americanarchive.org/catalog/cpb-aacip-2f864418e19,00:02:45.765
cpb-aacip-2f864418e19_03615044_00202503_00202502.jpg,https://americanarchive.org/catalog/cpb-aacip-2f864418e19,00:03:22.502
cpb-aacip-2f864418e19_03615044_00521889_00521888.jpg,https://americanarchive.org/catalog/cpb-aacip-2f864418e19,00:08:41.888
cpb-aacip-2f864418e19_03615044_00552252_00552251.jpg,https://americanarchive.org/catalog/cpb-aacip-2f864418e19,00:09:12.251
cpb-aacip-2f864418e19_03615044_00567501_00567500.jpg,https://americanarchive.org/catalog/cpb-aacip-2f864418e19,00:09:27.500
cpb-aacip-2f864418e19_03615044_00596029_00596028.jpg,https://americanarchive.org/catalog/cpb-aacip-2f864418e19,00:09:56.028
cpb-aacip-2f864418e19_03615044_00614381_00614380.jpg,https://americanarchive.org/catalog/cpb-aacip-2f864418e19,00:10:14.380
cpb-aacip-2f864418e19_03615044_00643010_00643009.jpg,https://americanarchive.org/catalog/cpb-aacip-2f864418e19,00:10:43.009
cpb-aacip-2f864418e19_03615044_00686386_00686385.jpg,https://americanarchive.org/catalog/cpb-aacip-2f864418e19,00:11:26.385
cpb-aacip-2f864418e19_03615044_00741275_00741273.jpg,https://americanarchive.org/catalog/cpb-aacip-2f864418e19,00:12:21.273
cpb-aacip-2f864418e19_03615044_00814515_00814513.jpg,https://americanarchive.org/catalog/cpb-aacip-2f864418e19,00:13:34.513
cpb-aacip-2f864418e19_03615044_00857391_00857389.jpg,https://americanarchive.org/catalog/cpb-aacip-2f864418e19,00:14:17.389
cpb-aacip-2f864418e19_03615044_00875876_00875875.jpg,https://americanarchive.org/catalog/cpb-aacip-2f864418e19,00:14:35.875
cpb-aacip-2f864418e19_03615044_00917518_00917516.jpg,https://americanarchive.org/catalog/cpb-aacip-2f864418e19,00:15:17.516
cpb-aacip-2f864418e19_03615044_00938772_00938771.jpg,https://americanarchive.org/catalog/cpb-aacip-2f864418e19,00:15:38.771
cpb-aacip-2f864418e19_03615044_00973407_00973405.jpg,https://americanarchive.org/catalog/cpb-aacip-2f864418e19,00:16:13.405
cpb-aacip-2f864418e19_03615044_01015015_01015014.jpg,https://americanarchive.org/catalog/cpb-aacip-2f864418e19,00:16:55.014
cpb-aacip-2f864418e19_03615044_01073774_01073772.jpg,https://americanarchive.org/catalog/cpb-aacip-2f864418e19,00:17:53.772
cpb-aacip-2f864418e19_03615044_01096396_01096395.jpg,https://americanarchive.org/catalog/cpb-aacip-2f864418e19,00:18:16.395
cpb-aacip-2f864418e19_03615044_01121889_01121887.jpg,https://americanarchive.org/catalog/cpb-aacip-2f864418e19,00:18:41.887
cpb-aacip-2f864418e19_03615044_01172906_01172905.jpg,https://americanarchive.org/catalog/cpb-aacip-2f864418e19,00:19:32.905
cpb-aacip-2f864418e19_03615044_01207641_01207639.jpg,https://americanarchive.org/catalog/cpb-aacip-2f864418e19,00:20:07.639
cpb-aacip-2f864418e19_03615044_01232533_01232531.jpg,https://americanarchive.org/catalog/cpb-aacip-2f864418e19,00:20:32.531
cpb-aacip-2f864418e19_03615044_01262129_01262127.jpg,https://americanarchive.org/catalog/cpb-aacip-2f864418e19,00:21:02.127
cpb-aacip-2f864418e19_03615044_01296630_01296628.jpg,https://americanarchive.org/catalog/cpb-aacip-2f864418e19,00:21:36.628
cpb-aacip-2f864418e19_03615044_01312513_01312511.jpg,https://americanarchive.org/catalog/cpb-aacip-2f864418e19,00:21:52.511
cpb-aacip-2f864418e19_03615044_01366400_01366398.jpg,https://americanarchive.org/catalog/cpb-aacip-2f864418e19,00:22:46.398
cpb-aacip-2f864418e19_03615044_01388755_01388754.jpg,https://americanarchive.org/catalog/cpb-aacip-2f864418e19,00:23:08.754
cpb-aacip-2f864418e19_03615044_01480647_01480645.jpg,https://americanarchive.org/catalog/cpb-aacip-2f864418e19,00:24:40.645
cpb-aacip-2f864418e19_03615044_01522890_01522888.jpg,https://americanarchive.org/catalog/cpb-aacip-2f864418e19,00:25:22.888
cpb-aacip-2f864418e19_03615044_01540274_01540272.jpg,https://americanarchive.org/catalog/cpb-aacip-2f864418e19,00:25:40.272
cpb-aacip-2f864418e19_03615044_01598265_01598263.jpg,https://americanarchive.org/catalog/cpb-aacip-2f864418e19,00:26:38.263
cpb-aacip-2f864418e19_03615044_01622756_01622754.jpg,https://americanarchive.org/catalog/cpb-aacip-2f864418e19,00:27:02.754
cpb-aacip-2f864418e19_03615044_01669503_01669501.jpg,https://americanarchive.org/catalog/cpb-aacip-2f864418e19,00:27:49.501
cpb-aacip-2f864418e19_03615044_01748515_01748513.jpg,https://americanarchive.org/catalog/cpb-aacip-2f864418e19,00:29:08.513
cpb-aacip-2f864418e19_03615044_01778145_01778143.jpg,https://americanarchive.org/catalog/cpb-aacip-2f864418e19,00:29:38.143
cpb-aacip-2f864418e19_03615044_01812779_01812777.jpg,https://americanarchive.org/catalog/cpb-aacip-2f864418e19,00:30:12.777
cpb-aacip-2f864418e19_03615044_01872773_01872770.jpg,https://americanarchive.org/catalog/cpb-aacip-2f864418e19,00:31:12.770
cpb-aacip-2f864418e19_03615044_01931265_01931262.jpg,https://americanarchive.org/catalog/cpb-aacip-2f864418e19,00:32:11.262
cpb-aacip-2f864418e19_03615044_02012145_02012143.jpg,https://americanarchive.org/catalog/cpb-aacip-2f864418e19,00:33:32.143
cpb-aacip-2f864418e19_03615044_02073407_02073404.jpg,https://americanarchive.org/catalog/cpb-aacip-2f864418e19,00:34:33.404
cpb-aacip-2f864418e19_03615044_02096029_02096027.jpg,https://americanarchive.org/catalog/cpb-aacip-2f864418e19,00:34:56.027
cpb-aacip-2f864418e19_03615044_02156890_02156888.jpg,https://americanarchive.org/catalog/cpb-aacip-2f864418e19,00:35:56.888
cpb-aacip-2f864418e19_03615044_02220254_02220251.jpg,https://americanarchive.org/catalog/cpb-aacip-2f864418e19,00:37:00.251
cpb-aacip-2f864418e19_03615044_02274775_02274772.jpg,https://americanarchive.org/catalog/cpb-aacip-2f864418e19,00:37:54.772
cpb-aacip-2f864418e19_03615044_02300767_02300765.jpg,https://americanarchive.org/catalog/cpb-aacip-2f864418e19,00:38:20.765
cpb-aacip-2f864418e19_03615044_02353520_02353517.jpg,https://americanarchive.org/catalog/cpb-aacip-2f864418e19,00:39:13.517
cpb-aacip-2f864418e19_03615044_02369636_02369633.jpg,https://americanarchive.org/catalog/cpb-aacip-2f864418e19,00:39:29.633
cpb-aacip-2f864418e19_03615044_02413647_02413644.jpg,https://americanarchive.org/catalog/cpb-aacip-2f864418e19,00:40:13.644
cpb-aacip-2f864418e19_03615044_02488021_02488018.jpg,https://americanarchive.org/catalog/cpb-aacip-2f864418e19,00:41:28.018
cpb-aacip-2f864418e19_03615044_02531532_02531529.jpg,https://americanarchive.org/catalog/cpb-aacip-2f864418e19,00:42:11.529
cpb-aacip-2f864418e19_03615044_02568402_02568399.jpg,https://americanarchive.org/catalog/cpb-aacip-2f864418e19,00:42:48.399
cpb-aacip-2f864418e19_03615044_02619887_02619883.jpg,https://americanarchive.org/catalog/cpb-aacip-2f864418e19,00:43:39.883
cpb-aacip-2f864418e19_03615044_02638639_02638636.jpg,https://americanarchive.org/catalog/cpb-aacip-2f864418e19,00:43:58.636
cpb-aacip-2f864418e19_03615044_02675375_02675372.jpg,https://americanarchive.org/catalog/cpb-aacip-2f864418e19,00:44:35.372
cpb-aacip-2f864418e19_03615044_02712880_02712876.jpg,https://americanarchive.org/catalog/cpb-aacip-2f864418e19,00:45:12.876
cpb-aacip-2f864418e19_03615044_02749883_02749880.jpg,https://americanarchive.org/catalog/cpb-aacip-2f864418e19,00:45:49.880
cpb-aacip-2f864418e19_03615044_02781648_02781645.jpg,https://americanarchive.org/catalog/cpb-aacip-2f864418e19,00:46:21.645
cpb-aacip-2f864418e19_03615044_02840507_02840504.jpg,https://americanarchive.org/catalog/cpb-aacip-2f864418e19,00:47:20.504
cpb-aacip-2f864418e19_03615044_02897030_02897027.jpg,https://americanarchive.org/catalog/cpb-aacip-2f864418e19,00:48:17.027
cpb-aacip-2f864418e19_03615044_02917017_02917014.jpg,https://americanarchive.org/catalog/cpb-aacip-2f864418e19,00:48:37.014
cpb-aacip-2f864418e19_03615044_02940407_02940404.jpg,https://americanarchive.org/catalog/cpb-aacip-2f864418e19,00:49:00.404
cpb-aacip-2f864418e19_03615044_02996530_02996526.jpg,https://americanarchive.org/catalog/cpb-aacip-2f864418e19,00:49:56.526
cpb-aacip-2f864418e19_03615044_03014648_03014644.jpg,https://americanarchive.org/catalog/cpb-aacip-2f864418e19,00:50:14.644
cpb-aacip-2f864418e19_03615044_03051518_03051515.jpg,https://americanarchive.org/catalog/cpb-aacip-2f864418e19,00:50:51.515
cpb-aacip-2f864418e19_03615044_03112779_03112776.jpg,https://americanarchive.org/catalog/cpb-aacip-2f864418e19,00:51:52.776
cpb-aacip-2f864418e19_03615044_03176376_03176373.jpg,https://americanarchive.org/catalog/cpb-aacip-2f864418e19,00:52:56.373
cpb-aacip-2f864418e19_03615044_03212513_03212509.jpg,https://americanarchive.org/catalog/cpb-aacip-2f864418e19,00:53:32.509
cpb-aacip-2f864418e19_03615044_03244778_03244774.jpg,https://americanarchive.org/catalog/cpb-aacip-2f864418e19,00:54:04.774
cpb-aacip-2f864418e19_03615044_03287387_03287384.jpg,https://americanarchive.org/catalog/cpb-aacip-2f864418e19,00:54:47.384
cpb-aacip-2f864418e19_03615044_03324258_03324254.jpg,https://americanarchive.org/catalog/cpb-aacip-2f864418e19,00:55:24.254
cpb-aacip-2f864418e19_03615044_03375876_03375872.jpg,https://americanarchive.org/catalog/cpb-aacip-2f864418e19,00:56:15.872
cpb-aacip-2f864418e19_03615044_03398031_03398027.jpg,https://americanarchive.org/catalog/cpb-aacip-2f864418e19,00:56:38.027
cpb-aacip-2f864418e19_03615044_03417251_03417247.jpg,https://americanarchive.org/catalog/cpb-aacip-2f864418e19,00:56:57.247
cpb-aacip-2f864418e19_03615044_03525392_03525388.jpg,https://americanarchive.org/catalog/cpb-aacip-2f864418e19,00:58:45.388
cpb-aacip-2f864418e19_03615044_03588522_03588518.jpg,https://americanarchive.org/catalog/cpb-aacip-2f864418e19,00:59:48.518
cpb-aacip-46e8446d567_03750246_00073907_00073907.jpg,https://americanarchive.org/catalog/cpb-aacip-46e8446d567,00:01:13.907
cpb-aacip-46e8446d567_03750246_00097130_00097130.jpg,https://americanarchive.org/catalog/cpb-aacip-46e8446d567,00:01:37.130
cpb-aacip-46e8446d567_03750246_00132132_00132132.jpg,https://americanarchive.org/catalog/cpb-aacip-46e8446d567,00:02:12.132
cpb-aacip-46e8446d567_03750246_00252152_00252151.jpg,https://americanarchive.org/catalog/cpb-aacip-46e8446d567,00:04:12.151
cpb-aacip-46e8446d567_03750246_00375008_00375007.jpg,https://americanarchive.org/catalog/cpb-aacip-46e8446d567,00:06:15.007
cpb-aacip-46e8446d567_03750246_00404271_00404270.jpg,https://americanarchive.org/catalog/cpb-aacip-46e8446d567,00:06:44.270
cpb-aacip-46e8446d567_03750246_00437638_00437637.jpg,https://americanarchive.org/catalog/cpb-aacip-46e8446d567,00:07:17.637
cpb-aacip-46e8446d567_03750246_00453654_00453653.jpg,https://americanarchive.org/catalog/cpb-aacip-46e8446d567,00:07:33.653
cpb-aacip-46e8446d567_03750246_00464264_00464263.jpg,https://americanarchive.org/catalog/cpb-aacip-46e8446d567,00:07:44.263
cpb-aacip-46e8446d567_03750246_00491525_00491524.jpg,https://americanarchive.org/catalog/cpb-aacip-46e8446d567,00:08:11.524
cpb-aacip-46e8446d567_03750246_00507274_00507273.jpg,https://americanarchive.org/catalog/cpb-aacip-46e8446d567,00:08:27.273
cpb-aacip-46e8446d567_03750246_00537404_00537403.jpg,https://americanarchive.org/catalog/cpb-aacip-46e8446d567,00:08:57.403
cpb-aacip-46e8446d567_03750246_00578512_00578511.jpg,https://americanarchive.org/catalog/cpb-aacip-46e8446d567,00:09:38.511
cpb-aacip-46e8446d567_03750246_00680514_00680513.jpg,https://americanarchive.org/catalog/cpb-aacip-46e8446d567,00:11:20.513
cpb-aacip-46e8446d567_03750246_00723657_00723656.jpg,https://americanarchive.org/catalog/cpb-aacip-46e8446d567,00:12:03.656
cpb-aacip-46e8446d567_03750246_00836503_00836502.jpg,https://americanarchive.org/catalog/cpb-aacip-46e8446d567,00:13:56.502
cpb-aacip-46e8446d567_03750246_00866133_00866131.jpg,https://americanarchive.org/catalog/cpb-aacip-46e8446d567,00:14:26.131
cpb-aacip-46e8446d567_03750246_00884151_00884149.jpg,https://americanarchive.org/catalog/cpb-aacip-46e8446d567,00:14:44.149
cpb-aacip-5e99ee61039_03480009_00067401_00067400.jpg,https://americanarchive.org/catalog/cpb-aacip-5e99ee61039,00:01:07.400
cpb-aacip-5e99ee61039_03480009_00088755_00088755.jpg,https://americanarchive.org/catalog/cpb-aacip-5e99ee61039,00:01:28.755
cpb-aacip-5e99ee61039_03480009_00099399_00099399.jpg,https://americanarchive.org/catalog/cpb-aacip-5e99ee61039,00:01:39.399
cpb-aacip-5e99ee61039_03480009_00123023_00123022.jpg,https://americanarchive.org/catalog/cpb-aacip-5e99ee61039,00:02:03.022
cpb-aacip-5e99ee61039_03480009_00157758_00157757.jpg,https://americanarchive.org/catalog/cpb-aacip-5e99ee61039,00:02:37.757
cpb-aacip-5e99ee61039_03480009_00193527_00193526.jpg,https://americanarchive.org/catalog/cpb-aacip-5e99ee61039,00:03:13.526
cpb-aacip-5e99ee61039_03480009_00239506_00239505.jpg,https://americanarchive.org/catalog/cpb-aacip-5e99ee61039,00:03:59.505
cpb-aacip-5e99ee61039_03480009_00265265_00265265.jpg,https://americanarchive.org/catalog/cpb-aacip-5e99ee61039,00:04:25.265
cpb-aacip-5e99ee61039_03480009_00299399_00299399.jpg,https://americanarchive.org/catalog/cpb-aacip-5e99ee61039,00:04:59.399
cpb-aacip-5e99ee61039_03480009_00618385_00618384.jpg,https://americanarchive.org/catalog/cpb-aacip-5e99ee61039,00:10:18.384
cpb-aacip-5e99ee61039_03480009_00628629_00628628.jpg,https://americanarchive.org/catalog/cpb-aacip-5e99ee61039,00:10:28.628
cpb-aacip-5e99ee61039_03480009_00663530_00663529.jpg,https://americanarchive.org/catalog/cpb-aacip-5e99ee61039,00:11:03.529
cpb-aacip-5e99ee61039_03480009_00687154_00687153.jpg,https://americanarchive.org/catalog/cpb-aacip-5e99ee61039,00:11:27.153
cpb-aacip-5e99ee61039_03480009_00727895_00727893.jpg,https://americanarchive.org/catalog/cpb-aacip-5e99ee61039,00:12:07.893
cpb-aacip-5e99ee61039_03480009_00774641_00774640.jpg,https://americanarchive.org/catalog/cpb-aacip-5e99ee61039,00:12:54.640
cpb-aacip-5e99ee61039_03480009_00789890_00789889.jpg,https://americanarchive.org/catalog/cpb-aacip-5e99ee61039,00:13:09.889
cpb-aacip-5e99ee61039_03480009_00805906_00805905.jpg,https://americanarchive.org/catalog/cpb-aacip-5e99ee61039,00:13:25.905
cpb-aacip-5e99ee61039_03480009_00843877_00843876.jpg,https://americanarchive.org/catalog/cpb-aacip-5e99ee61039,00:14:03.876
cpb-aacip-c361a8d7683_01349915_00367401_00367400.jpg,https://americanarchive.org/catalog/cpb-aacip-c361a8d7683,00:06:07.400
cpb-aacip-c361a8d7683_01349915_00416884_00416883.jpg,https://americanarchive.org/catalog/cpb-aacip-c361a8d7683,00:06:56.883
cpb-aacip-c361a8d7683_01349915_00457157_00457156.jpg,https://americanarchive.org/catalog/cpb-aacip-c361a8d7683,00:07:37.156
cpb-aacip-c361a8d7683_01349915_00502269_00502268.jpg,https://americanarchive.org/catalog/cpb-aacip-c361a8d7683,00:08:22.268
cpb-aacip-c361a8d7683_01349915_00583150_00583149.jpg,https://americanarchive.org/catalog/cpb-aacip-c361a8d7683,00:09:43.149
cpb-aacip-04d843e1df3_03233333_00298131_00298131.jpg,https://americanarchive.org/catalog/cpb-aacip-04d843e1df3,00:04:58.131
cpb-aacip-04d843e1df3_03233333_00331398_00331398.jpg,https://americanarchive.org/catalog/cpb-aacip-04d843e1df3,00:05:31.398
cpb-aacip-04d843e1df3_03233333_00464631_00464631.jpg,https://americanarchive.org/catalog/cpb-aacip-04d843e1df3,00:07:44.631
cpb-aacip-04d843e1df3_03233333_00497264_00497263.jpg,https://americanarchive.org/catalog/cpb-aacip-04d843e1df3,00:08:17.263
cpb-aacip-04d843e1df3_03233333_00781515_00781514.jpg,https://americanarchive.org/catalog/cpb-aacip-04d843e1df3,00:13:01.514
cpb-aacip-04d843e1df3_03233333_00834401_00834401.jpg,https://americanarchive.org/catalog/cpb-aacip-04d843e1df3,00:13:54.401
cpb-aacip-04d843e1df3_03233333_00874408_00874407.jpg,https://americanarchive.org/catalog/cpb-aacip-04d843e1df3,00:14:34.407
cpb-aacip-04d843e1df3_03233333_01094394_01094394.jpg,https://americanarchive.org/catalog/cpb-aacip-04d843e1df3,00:18:14.394
cpb-aacip-04d843e1df3_03233333_01266266_01266266.jpg,https://americanarchive.org/catalog/cpb-aacip-04d843e1df3,00:21:06.266
cpb-aacip-04d843e1df3_03233333_01292025_01292025.jpg,https://americanarchive.org/catalog/cpb-aacip-04d843e1df3,00:21:32.025
cpb-aacip-04d843e1df3_03233333_01431899_01431898.jpg,https://americanarchive.org/catalog/cpb-aacip-04d843e1df3,00:23:51.898
cpb-aacip-04d843e1df3_03233333_01500901_01500900.jpg,https://americanarchive.org/catalog/cpb-aacip-04d843e1df3,00:25:00.900
cpb-aacip-04d843e1df3_03233333_01576643_01576643.jpg,https://americanarchive.org/catalog/cpb-aacip-04d843e1df3,00:26:16.643
cpb-aacip-04d843e1df3_03233333_02136770_02136770.jpg,https://americanarchive.org/catalog/cpb-aacip-04d843e1df3,00:35:36.770
cpb-aacip-04d843e1df3_03233333_02251251_02251251.jpg,https://americanarchive.org/catalog/cpb-aacip-04d843e1df3,00:37:31.251
cpb-aacip-04d843e1df3_03233333_02318252_02318251.jpg,https://americanarchive.org/catalog/cpb-aacip-04d843e1df3,00:38:38.251
cpb-aacip-04d843e1df3_03233333_02527628_02527627.jpg,https://americanarchive.org/catalog/cpb-aacip-04d843e1df3,00:42:07.627
cpb-aacip-04d843e1df3_03233333_02534501_02534501.jpg,https://americanarchive.org/catalog/cpb-aacip-04d843e1df3,00:42:14.501
cpb-aacip-191-0644j29q_01677142_00186753_00186753.jpg,https://americanarchive.org/catalog/cpb-aacip-191-0644j29q,00:03:06.753
cpb-aacip-191-0644j29q_01677142_00228762_00228761.jpg,https://americanarchive.org/catalog/cpb-aacip-191-0644j29q,00:03:48.761
cpb-aacip-191-0644j29q_01677142_00244011_00244010.jpg,https://americanarchive.org/catalog/cpb-aacip-191-0644j29q,00:04:04.010
cpb-aacip-191-0644j29q_01677142_00345646_00345645.jpg,https://americanarchive.org/catalog/cpb-aacip-191-0644j29q,00:05:45.645
cpb-aacip-191-0644j29q_01677142_00441141_00441140.jpg,https://americanarchive.org/catalog/cpb-aacip-191-0644j29q,00:07:21.140
cpb-aacip-191-0644j29q_01677142_00456757_00456756.jpg,https://americanarchive.org/catalog/cpb-aacip-191-0644j29q,00:07:36.756
cpb-aacip-191-0644j29q_01677142_00750150_00750149.jpg,https://americanarchive.org/catalog/cpb-aacip-191-0644j29q,00:12:30.149
cpb-aacip-191-0644j29q_01677142_00925025_00925024.jpg,https://americanarchive.org/catalog/cpb-aacip-191-0644j29q,00:15:25.024
cpb-aacip-191-0644j29q_01677142_01134902_01134900.jpg,https://americanarchive.org/catalog/cpb-aacip-191-0644j29q,00:18:54.900
cpb-aacip-191-0644j29q_01677142_01231632_01231630.jpg,https://americanarchive.org/catalog/cpb-aacip-191-0644j29q,00:20:31.630
cpb-aacip-191-0644j29q_01677142_01268769_01268767.jpg,https://americanarchive.org/catalog/cpb-aacip-191-0644j29q,00:21:08.767
cpb-aacip-191-0644j29q_01677142_01329630_01329628.jpg,https://americanarchive.org/catalog/cpb-aacip-191-0644j29q,00:22:09.628
cpb-aacip-191-0644j29q_01677142_01441775_01441773.jpg,https://americanarchive.org/catalog/cpb-aacip-191-0644j29q,00:24:01.773
cpb-aacip-257-54kkwq87_03556219_00086019_00086019.jpg,https://americanarchive.org/catalog/cpb-aacip-257-54kkwq87,00:01:26.019
cpb-aacip-257-54kkwq87_03556219_00181782_00181781.jpg,https://americanarchive.org/catalog/cpb-aacip-257-54kkwq87,00:03:01.781
cpb-aacip-257-54kkwq87_03556219_00236136_00236135.jpg,https://americanarchive.org/catalog/cpb-aacip-257-54kkwq87,00:03:56.135
cpb-aacip-257-54kkwq87_03556219_00348382_00348381.jpg,https://americanarchive.org/catalog/cpb-aacip-257-54kkwq87,00:05:48.381
cpb-aacip-257-54kkwq87_03556219_00434268_00434267.jpg,https://americanarchive.org/catalog/cpb-aacip-257-54kkwq87,00:07:14.267
cpb-aacip-257-54kkwq87_03556219_00569002_00569001.jpg,https://americanarchive.org/catalog/cpb-aacip-257-54kkwq87,00:09:29.001
cpb-aacip-257-54kkwq87_03556219_01023657_01023655.jpg,https://americanarchive.org/catalog/cpb-aacip-257-54kkwq87,00:17:03.655
cpb-aacip-257-54kkwq87_03556219_01697397_01697395.jpg,https://americanarchive.org/catalog/cpb-aacip-257-54kkwq87,00:28:17.395
cpb-aacip-257-54kkwq87_03556219_01969403_01969400.jpg,https://americanarchive.org/catalog/cpb-aacip-257-54kkwq87,00:32:49.400
cpb-aacip-257-54kkwq87_03556219_02042776_02042774.jpg,https://americanarchive.org/catalog/cpb-aacip-257-54kkwq87,00:34:02.774
cpb-aacip-257-54kkwq87_03556219_02208141_02208139.jpg,https://americanarchive.org/catalog/cpb-aacip-257-54kkwq87,00:36:48.139
cpb-aacip-257-54kkwq87_03556219_02679780_02679777.jpg,https://americanarchive.org/catalog/cpb-aacip-257-54kkwq87,00:44:39.777
cpb-aacip-257-54kkwq87_03556219_02869002_02868999.jpg,https://americanarchive.org/catalog/cpb-aacip-257-54kkwq87,00:47:48.999
cpb-aacip-257-54kkwq87_03556219_03059526_03059523.jpg,https://americanarchive.org/catalog/cpb-aacip-257-54kkwq87,00:50:59.523
cpb-aacip-260-27mpg7z1_03196960_00046013_00046012.jpg,https://americanarchive.org/catalog/cpb-aacip-260-27mpg7z1,00:00:46.012
cpb-aacip-260-27mpg7z1_03196960_00556523_00556522.jpg,https://americanarchive.org/catalog/cpb-aacip-260-27mpg7z1,00:09:16.522
cpb-aacip-260-27mpg7z1_03196960_01372005_01372003.jpg,https://americanarchive.org/catalog/cpb-aacip-260-27mpg7z1,00:22:52.003
cpb-aacip-29-98z8wm0p_01800033_00204905_00204904.jpg,https://americanarchive.org/catalog/cpb-aacip-29-98z8wm0p,00:03:24.904
cpb-aacip-29-98z8wm0p_01800033_00283650_00283650.jpg,https://americanarchive.org/catalog/cpb-aacip-29-98z8wm0p,00:04:43.650
cpb-aacip-29-98z8wm0p_01800033_00415282_00415281.jpg,https://americanarchive.org/catalog/cpb-aacip-29-98z8wm0p,00:06:55.281
cpb-aacip-29-98z8wm0p_01800033_00624658_00624657.jpg,https://americanarchive.org/catalog/cpb-aacip-29-98z8wm0p,00:10:24.657
cpb-aacip-29-98z8wm0p_01800033_00724024_00724024.jpg,https://americanarchive.org/catalog/cpb-aacip-29-98z8wm0p,00:12:04.024
cpb-aacip-29-98z8wm0p_01800033_00750884_00750884.jpg,https://americanarchive.org/catalog/cpb-aacip-29-98z8wm0p,00:12:30.884
cpb-aacip-29-98z8wm0p_01800033_00831765_00831765.jpg,https://americanarchive.org/catalog/cpb-aacip-29-98z8wm0p,00:13:51.765
cpb-aacip-29-98z8wm0p_01800033_00957257_00957257.jpg,https://americanarchive.org/catalog/cpb-aacip-29-98z8wm0p,00:15:57.257
cpb-aacip-29-98z8wm0p_01800033_01029530_01029529.jpg,https://americanarchive.org/catalog/cpb-aacip-29-98z8wm0p,00:17:09.529
cpb-aacip-29-98z8wm0p_01800033_01117150_01117150.jpg,https://americanarchive.org/catalog/cpb-aacip-29-98z8wm0p,00:18:37.150
cpb-aacip-29-98z8wm0p_01800033_01199533_01199532.jpg,https://americanarchive.org/catalog/cpb-aacip-29-98z8wm0p,00:19:59.532
cpb-aacip-29-98z8wm0p_01800033_01275008_01275008.jpg,https://americanarchive.org/catalog/cpb-aacip-29-98z8wm0p,00:21:15.008
cpb-aacip-29-98z8wm0p_01800033_01370137_01370136.jpg,https://americanarchive.org/catalog/cpb-aacip-29-98z8wm0p,00:22:50.136
cpb-aacip-29-98z8wm0p_01800033_01426126_01426126.jpg,https://americanarchive.org/catalog/cpb-aacip-29-98z8wm0p,00:23:46.126
cpb-aacip-29-qr4nk3780q_01800033_00116884_00116883.jpg,https://americanarchive.org/catalog/cpb-aacip-29-qr4nk3780q,00:01:56.883
cpb-aacip-29-qr4nk3780q_01800033_00177878_00177877.jpg,https://americanarchive.org/catalog/cpb-aacip-29-qr4nk3780q,00:02:57.877
cpb-aacip-29-qr4nk3780q_01800033_00352653_00352652.jpg,https://americanarchive.org/catalog/cpb-aacip-29-qr4nk3780q,00:05:52.652
cpb-aacip-29-qr4nk3780q_01800033_00434268_00434267.jpg,https://americanarchive.org/catalog/cpb-aacip-29-qr4nk3780q,00:07:14.267
cpb-aacip-29-qr4nk3780q_01800033_00462262_00462262.jpg,https://americanarchive.org/catalog/cpb-aacip-29-qr4nk3780q,00:07:42.262
cpb-aacip-29-qr4nk3780q_01800033_00610377_00610377.jpg,https://americanarchive.org/catalog/cpb-aacip-29-qr4nk3780q,00:10:10.377
cpb-aacip-29-qr4nk3780q_01800033_00685519_00685518.jpg,https://americanarchive.org/catalog/cpb-aacip-29-qr4nk3780q,00:11:25.518
cpb-aacip-29-qr4nk3780q_01800033_00721889_00721888.jpg,https://americanarchive.org/catalog/cpb-aacip-29-qr4nk3780q,00:12:01.888
cpb-aacip-29-qr4nk3780q_01800033_00958625_00958625.jpg,https://americanarchive.org/catalog/cpb-aacip-29-qr4nk3780q,00:15:58.625
cpb-aacip-29-qr4nk3780q_01800033_00987254_00987253.jpg,https://americanarchive.org/catalog/cpb-aacip-29-qr4nk3780q,00:16:27.253
cpb-aacip-29-qr4nk3780q_01800033_01063263_01063263.jpg,https://americanarchive.org/catalog/cpb-aacip-29-qr4nk3780q,00:17:43.263
cpb-aacip-29-qr4nk3780q_01800033_01385152_01385151.jpg,https://americanarchive.org/catalog/cpb-aacip-29-qr4nk3780q,00:23:05.151
cpb-aacip-29-qr4nk3780q_01800033_01426527_01426526.jpg,https://americanarchive.org/catalog/cpb-aacip-29-qr4nk3780q,00:23:46.526
cpb-aacip-29-qr4nk3780q_01800033_01477377_01477377.jpg,https://americanarchive.org/catalog/cpb-aacip-29-qr4nk3780q,00:24:37.377
cpb-aacip-293-24wh739f_03441805_00073774_00073773.jpg,https://americanarchive.org/catalog/cpb-aacip-293-24wh739f,00:01:13.773
cpb-aacip-293-24wh739f_03441805_00228629_00228628.jpg,https://americanarchive.org/catalog/cpb-aacip-293-24wh739f,00:03:48.628
cpb-aacip-293-24wh739f_03441805_00271505_00271504.jpg,https://americanarchive.org/catalog/cpb-aacip-293-24wh739f,00:04:31.504
cpb-aacip-293-24wh739f_03441805_00558392_00558391.jpg,https://americanarchive.org/catalog/cpb-aacip-293-24wh739f,00:09:18.391
cpb-aacip-293-24wh739f_03441805_01089256_01089254.jpg,https://americanarchive.org/catalog/cpb-aacip-293-24wh739f,00:18:09.254
cpb-aacip-293-24wh739f_03441805_01253020_01253018.jpg,https://americanarchive.org/catalog/cpb-aacip-293-24wh739f,00:20:53.018
cpb-aacip-293-24wh739f_03441805_01305005_01305003.jpg,https://americanarchive.org/catalog/cpb-aacip-293-24wh739f,00:21:45.003
cpb-aacip-293-24wh739f_03441805_01341141_01341139.jpg,https://americanarchive.org/catalog/cpb-aacip-293-24wh739f,00:22:21.139
cpb-aacip-293-24wh739f_03441805_01407774_01407773.jpg,https://americanarchive.org/catalog/cpb-aacip-293-24wh739f,00:23:27.773
cpb-aacip-293-24wh739f_03441805_01478278_01478276.jpg,https://americanarchive.org/catalog/cpb-aacip-293-24wh739f,00:24:38.276
cpb-aacip-293-24wh739f_03441805_01682516_01682514.jpg,https://americanarchive.org/catalog/cpb-aacip-293-24wh739f,00:28:02.514
cpb-aacip-293-24wh739f_03441805_01730764_01730762.jpg,https://americanarchive.org/catalog/cpb-aacip-293-24wh739f,00:28:50.762
cpb-aacip-293-24wh739f_03441805_01966266_01966264.jpg,https://americanarchive.org/catalog/cpb-aacip-293-24wh739f,00:32:46.264
cpb-aacip-293-24wh739f_03441805_02106907_02106904.jpg,https://americanarchive.org/catalog/cpb-aacip-293-24wh739f,00:35:06.904
cpb-aacip-293-24wh739f_03441805_02818652_02818649.jpg,https://americanarchive.org/catalog/cpb-aacip-293-24wh739f,00:46:58.649
cpb-aacip-293-24wh739f_03441805_02951518_02951515.jpg,https://americanarchive.org/catalog/cpb-aacip-293-24wh739f,00:49:11.515
cpb-aacip-293-24wh739f_03441805_03142009_03142005.jpg,https://americanarchive.org/catalog/cpb-aacip-293-24wh739f,00:52:22.005
cpb-aacip-293-68kd583c_03658855_00509142_00509141.jpg,https://americanarchive.org/catalog/cpb-aacip-293-68kd583c,00:08:29.141
cpb-aacip-293-68kd583c_03658855_00647781_00647780.jpg,https://americanarchive.org/catalog/cpb-aacip-293-68kd583c,00:10:47.780
cpb-aacip-293-68kd583c_03658855_00823390_00823389.jpg,https://americanarchive.org/catalog/cpb-aacip-293-68kd583c,00:13:43.389
cpb-aacip-293-68kd583c_03658855_00953020_00953018.jpg,https://americanarchive.org/catalog/cpb-aacip-293-68kd583c,00:15:53.018
cpb-aacip-293-68kd583c_03658855_01019253_01019251.jpg,https://americanarchive.org/catalog/cpb-aacip-293-68kd583c,00:16:59.251
cpb-aacip-293-68kd583c_03658855_01136003_01136001.jpg,https://americanarchive.org/catalog/cpb-aacip-293-68kd583c,00:18:56.001
cpb-aacip-293-68kd583c_03658855_01217751_01217749.jpg,https://americanarchive.org/catalog/cpb-aacip-293-68kd583c,00:20:17.749
cpb-aacip-293-68kd583c_03658855_01237905_01237903.jpg,https://americanarchive.org/catalog/cpb-aacip-293-68kd583c,00:20:37.903
cpb-aacip-293-68kd583c_03658855_01487254_01487252.jpg,https://americanarchive.org/catalog/cpb-aacip-293-68kd583c,00:24:47.252
cpb-aacip-293-68kd583c_03658855_01525526_01525524.jpg,https://americanarchive.org/catalog/cpb-aacip-293-68kd583c,00:25:25.524
cpb-aacip-293-68kd583c_03658855_01594394_01594392.jpg,https://americanarchive.org/catalog/cpb-aacip-293-68kd583c,00:26:34.392
cpb-aacip-293-68kd583c_03658855_01743777_01743775.jpg,https://americanarchive.org/catalog/cpb-aacip-293-68kd583c,00:29:03.775
cpb-aacip-293-68kd583c_03658855_01809776_01809774.jpg,https://americanarchive.org/catalog/cpb-aacip-293-68kd583c,00:30:09.774
cpb-aacip-293-68kd583c_03658855_01935269_01935266.jpg,https://americanarchive.org/catalog/cpb-aacip-293-68kd583c,00:32:15.266
cpb-aacip-293-68kd583c_03658855_02173907_02173905.jpg,https://americanarchive.org/catalog/cpb-aacip-293-68kd583c,00:36:13.905
cpb-aacip-293-68kd583c_03658855_02207007_02207004.jpg,https://americanarchive.org/catalog/cpb-aacip-293-68kd583c,00:36:47.004
cpb-aacip-293-68kd583c_03658855_02251251_02251249.jpg,https://americanarchive.org/catalog/cpb-aacip-293-68kd583c,00:37:31.249
cpb-aacip-293-68kd583c_03658855_02357257_02357254.jpg,https://americanarchive.org/catalog/cpb-aacip-293-68kd583c,00:39:17.254
cpb-aacip-293-68kd583c_03658855_02472406_02472403.jpg,https://americanarchive.org/catalog/cpb-aacip-293-68kd583c,00:41:12.403
cpb-aacip-293-68kd583c_03658855_02696263_02696260.jpg,https://americanarchive.org/catalog/cpb-aacip-293-68kd583c,00:44:56.260
cpb-aacip-293-68kd583c_03658855_02779880_02779877.jpg,https://americanarchive.org/catalog/cpb-aacip-293-68kd583c,00:46:19.877
cpb-aacip-293-68kd583c_03658855_03025526_03025522.jpg,https://americanarchive.org/catalog/cpb-aacip-293-68kd583c,00:50:25.522
cpb-aacip-293-68kd583c_03658855_03186386_03186383.jpg,https://americanarchive.org/catalog/cpb-aacip-293-68kd583c,00:53:06.383
cpb-aacip-293-b853f4m08q_03448711_00142509_00142509.jpg,https://americanarchive.org/catalog/cpb-aacip-293-b853f4m08q,00:02:22.509
cpb-aacip-293-b853f4m08q_03448711_00223657_00223656.jpg,https://americanarchive.org/catalog/cpb-aacip-293-b853f4m08q,00:03:43.656
cpb-aacip-293-b853f4m08q_03448711_00283383_00283383.jpg,https://americanarchive.org/catalog/cpb-aacip-293-b853f4m08q,00:04:43.383
cpb-aacip-293-b853f4m08q_03448711_00340641_00340640.jpg,https://americanarchive.org/catalog/cpb-aacip-293-b853f4m08q,00:05:40.640
cpb-aacip-293-b853f4m08q_03448711_00622022_00622021.jpg,https://americanarchive.org/catalog/cpb-aacip-293-b853f4m08q,00:10:22.021
cpb-aacip-293-b853f4m08q_03448711_00942142_00942141.jpg,https://americanarchive.org/catalog/cpb-aacip-293-b853f4m08q,00:15:42.141
cpb-aacip-293-b853f4m08q_03448711_01401502_01401500.jpg,https://americanarchive.org/catalog/cpb-aacip-293-b853f4m08q,00:23:21.500
cpb-aacip-293-b853f4m08q_03448711_01742376_01742373.jpg,https://americanarchive.org/catalog/cpb-aacip-293-b853f4m08q,00:29:02.373
cpb-aacip-293-b853f4m08q_03448711_02279880_02279877.jpg,https://americanarchive.org/catalog/cpb-aacip-293-b853f4m08q,00:37:59.877
cpb-aacip-293-b853f4m08q_03448711_02311011_02311008.jpg,https://americanarchive.org/catalog/cpb-aacip-293-b853f4m08q,00:38:31.008
cpb-aacip-293-b853f4m08q_03448711_02633133_02633130.jpg,https://americanarchive.org/catalog/cpb-aacip-293-b853f4m08q,00:43:53.130
cpb-aacip-293-b853f4m08q_03448711_03276376_03276373.jpg,https://americanarchive.org/catalog/cpb-aacip-293-b853f4m08q,00:54:36.373
cpb-aacip-304-73pvmx89_01719784_00063530_00063530.jpg,https://americanarchive.org/catalog/cpb-aacip-304-73pvmx89,00:01:03.530
cpb-aacip-304-73pvmx89_01719784_00103403_00103403.jpg,https://americanarchive.org/catalog/cpb-aacip-304-73pvmx89,00:01:43.403
cpb-aacip-304-73pvmx89_01719784_00216650_00216649.jpg,https://americanarchive.org/catalog/cpb-aacip-304-73pvmx89,00:03:36.649
cpb-aacip-304-73pvmx89_01719784_00250384_00250383.jpg,https://americanarchive.org/catalog/cpb-aacip-304-73pvmx89,00:04:10.383
cpb-aacip-304-73pvmx89_01719784_00303770_00303770.jpg,https://americanarchive.org/catalog/cpb-aacip-304-73pvmx89,00:05:03.770
cpb-aacip-304-73pvmx89_01719784_00407407_00407407.jpg,https://americanarchive.org/catalog/cpb-aacip-304-73pvmx89,00:06:47.407
cpb-aacip-304-73pvmx89_01719784_00475509_00475508.jpg,https://americanarchive.org/catalog/cpb-aacip-304-73pvmx89,00:07:55.508
cpb-aacip-304-73pvmx89_01719784_00513881_00513880.jpg,https://americanarchive.org/catalog/cpb-aacip-304-73pvmx89,00:08:33.880
cpb-aacip-304-73pvmx89_01719784_00675375_00675374.jpg,https://americanarchive.org/catalog/cpb-aacip-304-73pvmx89,00:11:15.374
cpb-aacip-304-73pvmx89_01719784_00730030_00730029.jpg,https://americanarchive.org/catalog/cpb-aacip-304-73pvmx89,00:12:10.029
cpb-aacip-304-73pvmx89_01719784_00766266_00766265.jpg,https://americanarchive.org/catalog/cpb-aacip-304-73pvmx89,00:12:46.265
cpb-aacip-304-73pvmx89_01719784_00820654_00820653.jpg,https://americanarchive.org/catalog/cpb-aacip-304-73pvmx89,00:13:40.653
cpb-aacip-304-73pvmx89_01719784_00879146_00879144.jpg,https://americanarchive.org/catalog/cpb-aacip-304-73pvmx89,00:14:39.144
cpb-aacip-304-73pvmx89_01719784_01070404_01070402.jpg,https://americanarchive.org/catalog/cpb-aacip-304-73pvmx89,00:17:50.402
cpb-aacip-304-73pvmx89_01719784_01310777_01310776.jpg,https://americanarchive.org/catalog/cpb-aacip-304-73pvmx89,00:21:50.776
cpb-aacip-304-977srddv_01733898_00156523_00156523.jpg,https://americanarchive.org/catalog/cpb-aacip-304-977srddv,00:02:36.523
cpb-aacip-304-977srddv_01733898_00368402_00368401.jpg,https://americanarchive.org/catalog/cpb-aacip-304-977srddv,00:06:08.401
cpb-aacip-304-977srddv_01733898_00375275_00375274.jpg,https://americanarchive.org/catalog/cpb-aacip-304-977srddv,00:06:15.274
cpb-aacip-304-977srddv_01733898_00418519_00418518.jpg,https://americanarchive.org/catalog/cpb-aacip-304-977srddv,00:06:58.518
cpb-aacip-304-977srddv_01733898_00545012_00545011.jpg,https://americanarchive.org/catalog/cpb-aacip-304-977srddv,00:09:05.011
cpb-aacip-304-977srddv_01733898_00582382_00582381.jpg,https://americanarchive.org/catalog/cpb-aacip-304-977srddv,00:09:42.381
cpb-aacip-304-977srddv_01733898_00647881_00647880.jpg,https://americanarchive.org/catalog/cpb-aacip-304-977srddv,00:10:47.880
cpb-aacip-304-977srddv_01733898_00703003_00703002.jpg,https://americanarchive.org/catalog/cpb-aacip-304-977srddv,00:11:43.002
cpb-aacip-304-977srddv_01733898_00811011_00811010.jpg,https://americanarchive.org/catalog/cpb-aacip-304-977srddv,00:13:31.010
cpb-aacip-304-977srddv_01733898_00829763_00829762.jpg,https://americanarchive.org/catalog/cpb-aacip-304-977srddv,00:13:49.762
cpb-aacip-304-977srddv_01733898_00905005_00905004.jpg,https://americanarchive.org/catalog/cpb-aacip-304-977srddv,00:15:05.004
cpb-aacip-304-977srddv_01733898_00976510_00976508.jpg,https://americanarchive.org/catalog/cpb-aacip-304-977srddv,00:16:16.508
cpb-aacip-304-977srddv_01733898_01134001_01133999.jpg,https://americanarchive.org/catalog/cpb-aacip-304-977srddv,00:18:53.999
cpb-aacip-304-977srddv_01733898_01165632_01165631.jpg,https://americanarchive.org/catalog/cpb-aacip-304-977srddv,00:19:25.631
cpb-aacip-304-977srddv_01733898_01233033_01233031.jpg,https://americanarchive.org/catalog/cpb-aacip-304-977srddv,00:20:33.031
cpb-aacip-304-977srddv_01733898_01343377_01343375.jpg,https://americanarchive.org/catalog/cpb-aacip-304-977srddv,00:22:23.375
cpb-aacip-304-977srddv_01733898_01365132_01365130.jpg,https://americanarchive.org/catalog/cpb-aacip-304-977srddv,00:22:45.130
cpb-aacip-304-977srddv_01733898_01394261_01394259.jpg,https://americanarchive.org/catalog/cpb-aacip-304-977srddv,00:23:14.259
cpb-aacip-304-977srddv_01733898_01422155_01422154.jpg,https://americanarchive.org/catalog/cpb-aacip-304-977srddv,00:23:42.154
cpb-aacip-304-977srddv_01733898_01465632_01465630.jpg,https://americanarchive.org/catalog/cpb-aacip-304-977srddv,00:24:25.630
cpb-aacip-322-0966t28m_01523488_00147381_00147380.jpg,https://americanarchive.org/catalog/cpb-aacip-322-0966t28m,00:02:27.380
cpb-aacip-322-0966t28m_01523488_00151885_00151885.jpg,https://americanarchive.org/catalog/cpb-aacip-322-0966t28m,00:02:31.885
cpb-aacip-322-0966t28m_01523488_00417150_00417150.jpg,https://americanarchive.org/catalog/cpb-aacip-322-0966t28m,00:06:57.150
cpb-aacip-322-0966t28m_01523488_00614882_00614880.jpg,https://americanarchive.org/catalog/cpb-aacip-322-0966t28m,00:10:14.880
cpb-aacip-322-0966t28m_01523488_00684251_00684250.jpg,https://americanarchive.org/catalog/cpb-aacip-322-0966t28m,00:11:24.250
cpb-aacip-322-0966t28m_01523488_01005005_01005004.jpg,https://americanarchive.org/catalog/cpb-aacip-322-0966t28m,00:16:45.004
cpb-aacip-322-0966t28m_01523488_01207641_01207639.jpg,https://americanarchive.org/catalog/cpb-aacip-322-0966t28m,00:20:07.639
cpb-aacip-322-0966t28m_01523488_01300133_01300132.jpg,https://americanarchive.org/catalog/cpb-aacip-322-0966t28m,00:21:40.132
cpb-aacip-322-21ghx687_03862124_00061762_00061761.jpg,https://americanarchive.org/catalog/cpb-aacip-322-21ghx687,00:01:01.761
cpb-aacip-322-21ghx687_03862124_00221755_00221754.jpg,https://americanarchive.org/catalog/cpb-aacip-322-21ghx687,00:03:41.754
cpb-aacip-322-21ghx687_03862124_00434001_00434000.jpg,https://americanarchive.org/catalog/cpb-aacip-322-21ghx687,00:07:14.000
cpb-aacip-322-21ghx687_03862124_00561395_00561394.jpg,https://americanarchive.org/catalog/cpb-aacip-322-21ghx687,00:09:21.394
cpb-aacip-322-21ghx687_03862124_00651752_00651751.jpg,https://americanarchive.org/catalog/cpb-aacip-322-21ghx687,00:10:51.751
cpb-aacip-322-21ghx687_03862124_00762763_00762762.jpg,https://americanarchive.org/catalog/cpb-aacip-322-21ghx687,00:12:42.762
cpb-aacip-322-21ghx687_03862124_01136904_01136902.jpg,https://americanarchive.org/catalog/cpb-aacip-322-21ghx687,00:18:56.902
cpb-aacip-322-21ghx687_03862124_01215015_01215013.jpg,https://americanarchive.org/catalog/cpb-aacip-322-21ghx687,00:20:15.013
cpb-aacip-322-21ghx687_03862124_01260761_01260759.jpg,https://americanarchive.org/catalog/cpb-aacip-322-21ghx687,00:21:00.759
cpb-aacip-322-21ghx687_03862124_01467401_01467399.jpg,https://americanarchive.org/catalog/cpb-aacip-322-21ghx687,00:24:27.399
cpb-aacip-322-21ghx687_03862124_01602269_01602267.jpg,https://americanarchive.org/catalog/cpb-aacip-322-21ghx687,00:26:42.267
cpb-aacip-322-21ghx687_03862124_01768635_01768633.jpg,https://americanarchive.org/catalog/cpb-aacip-322-21ghx687,00:29:28.633
cpb-aacip-322-21ghx687_03862124_01790891_01790889.jpg,https://americanarchive.org/catalog/cpb-aacip-322-21ghx687,00:29:50.889
cpb-aacip-322-21ghx687_03862124_02030764_02030762.jpg,https://americanarchive.org/catalog/cpb-aacip-322-21ghx687,00:33:50.762
cpb-aacip-322-21ghx687_03862124_02217885_02217882.jpg,https://americanarchive.org/catalog/cpb-aacip-322-21ghx687,00:36:57.882
cpb-aacip-322-21ghx687_03862124_02237638_02237635.jpg,https://americanarchive.org/catalog/cpb-aacip-322-21ghx687,00:37:17.635
cpb-aacip-322-21ghx687_03862124_02349283_02349280.jpg,https://americanarchive.org/catalog/cpb-aacip-322-21ghx687,00:39:09.280
cpb-aacip-322-21ghx687_03862124_02499132_02499129.jpg,https://americanarchive.org/catalog/cpb-aacip-322-21ghx687,00:41:39.129
cpb-aacip-322-21ghx687_03862124_02612646_02612643.jpg,https://americanarchive.org/catalog/cpb-aacip-322-21ghx687,00:43:32.643
cpb-aacip-322-21ghx687_03862124_02695262_02695259.jpg,https://americanarchive.org/catalog/cpb-aacip-322-21ghx687,00:44:55.259
cpb-aacip-322-21ghx687_03862124_02797264_02797261.jpg,https://americanarchive.org/catalog/cpb-aacip-322-21ghx687,00:46:37.261
cpb-aacip-322-21ghx687_03862124_03018886_03018882.jpg,https://americanarchive.org/catalog/cpb-aacip-322-21ghx687,00:50:18.882
cpb-aacip-322-21ghx687_03862124_03057658_03057654.jpg,https://americanarchive.org/catalog/cpb-aacip-322-21ghx687,00:50:57.654
cpb-aacip-322-21ghx687_03862124_03133634_03133630.jpg,https://americanarchive.org/catalog/cpb-aacip-322-21ghx687,00:52:13.630
cpb-aacip-322-21ghx687_03862124_03260527_03260523.jpg,https://americanarchive.org/catalog/cpb-aacip-322-21ghx687,00:54:20.523
cpb-aacip-322-29b5mp4z_01582847_00027628_00027627.jpg,https://americanarchive.org/catalog/cpb-aacip-322-29b5mp4z,00:00:27.627
cpb-aacip-322-29b5mp4z_01582847_00091758_00091758.jpg,https://americanarchive.org/catalog/cpb-aacip-322-29b5mp4z,00:01:31.758
cpb-aacip-322-29b5mp4z_01582847_00130030_00130029.jpg,https://americanarchive.org/catalog/cpb-aacip-322-29b5mp4z,00:02:10.029
cpb-aacip-322-29b5mp4z_01582847_00290657_00290657.jpg,https://americanarchive.org/catalog/cpb-aacip-322-29b5mp4z,00:04:50.657
cpb-aacip-322-29b5mp4z_01582847_00655255_00655254.jpg,https://americanarchive.org/catalog/cpb-aacip-322-29b5mp4z,00:10:55.254
cpb-aacip-322-29b5mp4z_01582847_00686253_00686252.jpg,https://americanarchive.org/catalog/cpb-aacip-322-29b5mp4z,00:11:26.252
cpb-aacip-322-29b5mp4z_01582847_00934635_00934633.jpg,https://americanarchive.org/catalog/cpb-aacip-322-29b5mp4z,00:15:34.633
cpb-aacip-322-29b5mp4z_01582847_01285652_01285651.jpg,https://americanarchive.org/catalog/cpb-aacip-322-29b5mp4z,00:21:25.651
cpb-aacip-322-29b5mp4z_01582847_01313146_01313145.jpg,https://americanarchive.org/catalog/cpb-aacip-322-29b5mp4z,00:21:53.145
cpb-aacip-322-36tx99km_01686751_00029029_00029029.jpg,https://americanarchive.org/catalog/cpb-aacip-322-36tx99km,00:00:29.029
cpb-aacip-322-36tx99km_01686751_00098765_00098765.jpg,https://americanarchive.org/catalog/cpb-aacip-322-36tx99km,00:01:38.765
cpb-aacip-322-36tx99km_01686751_00321755_00321754.jpg,https://americanarchive.org/catalog/cpb-aacip-322-36tx99km,00:05:21.754
cpb-aacip-322-36tx99km_01686751_00644378_00644377.jpg,https://americanarchive.org/catalog/cpb-aacip-322-36tx99km,00:10:44.377
cpb-aacip-322-36tx99km_01686751_00830397_00830396.jpg,https://americanarchive.org/catalog/cpb-aacip-322-36tx99km,00:13:50.396
cpb-aacip-322-36tx99km_01686751_00914147_00914146.jpg,https://americanarchive.org/catalog/cpb-aacip-322-36tx99km,00:15:14.146
cpb-aacip-322-36tx99km_01686751_01209142_01209141.jpg,https://americanarchive.org/catalog/cpb-aacip-322-36tx99km,00:20:09.141
cpb-aacip-322-36tx99km_01686751_01530764_01530762.jpg,https://americanarchive.org/catalog/cpb-aacip-322-36tx99km,00:25:30.762
cpb-aacip-322-36tx99km_01686751_01675008_01675006.jpg,https://americanarchive.org/catalog/cpb-aacip-322-36tx99km,00:27:55.006
cpb-aacip-322-569324rj_01689754_00029129_00029129.jpg,https://americanarchive.org/catalog/cpb-aacip-322-569324rj,00:00:29.129
cpb-aacip-322-569324rj_01689754_00077778_00077777.jpg,https://americanarchive.org/catalog/cpb-aacip-322-569324rj,00:01:17.777
cpb-aacip-322-569324rj_01689754_00337638_00337637.jpg,https://americanarchive.org/catalog/cpb-aacip-322-569324rj,00:05:37.637
cpb-aacip-322-569324rj_01689754_00661128_00661127.jpg,https://americanarchive.org/catalog/cpb-aacip-322-569324rj,00:11:01.127
cpb-aacip-322-569324rj_01689754_00893126_00893125.jpg,https://americanarchive.org/catalog/cpb-aacip-322-569324rj,00:14:53.125
cpb-aacip-322-569324rj_01689754_01049650_01049648.jpg,https://americanarchive.org/catalog/cpb-aacip-322-569324rj,00:17:29.648
cpb-aacip-322-569324rj_01689754_01381014_01381012.jpg,https://americanarchive.org/catalog/cpb-aacip-322-569324rj,00:23:01.012
cpb-aacip-322-61rfjd1l_01671436_00059893_00059893.jpg,https://americanarchive.org/catalog/cpb-aacip-322-61rfjd1l,00:00:59.893
cpb-aacip-322-61rfjd1l_01671436_00146780_00146779.jpg,https://americanarchive.org/catalog/cpb-aacip-322-61rfjd1l,00:02:26.779
cpb-aacip-322-61rfjd1l_01671436_00686520_00686519.jpg,https://americanarchive.org/catalog/cpb-aacip-322-61rfjd1l,00:11:26.519
cpb-aacip-322-61rfjd1l_01671436_00722890_00722888.jpg,https://americanarchive.org/catalog/cpb-aacip-322-61rfjd1l,00:12:02.888
cpb-aacip-322-61rfjd1l_01671436_01011879_01011877.jpg,https://americanarchive.org/catalog/cpb-aacip-322-61rfjd1l,00:16:51.877
cpb-aacip-322-61rfjd1l_01671436_01407407_01407406.jpg,https://americanarchive.org/catalog/cpb-aacip-322-61rfjd1l,00:23:27.406
cpb-aacip-322-61rfjd1l_01671436_01644378_01644376.jpg,https://americanarchive.org/catalog/cpb-aacip-322-61rfjd1l,00:27:24.376
cpb-aacip-322-644qrn25_01626324_00027261_00027260.jpg,https://americanarchive.org/catalog/cpb-aacip-322-644qrn25,00:00:27.260
cpb-aacip-322-644qrn25_01626324_00041508_00041508.jpg,https://americanarchive.org/catalog/cpb-aacip-322-644qrn25,00:00:41.508
cpb-aacip-322-644qrn25_01626324_00161128_00161127.jpg,https://americanarchive.org/catalog/cpb-aacip-322-644qrn25,00:02:41.127
cpb-aacip-322-644qrn25_01626324_00440507_00440506.jpg,https://americanarchive.org/catalog/cpb-aacip-322-644qrn25,00:07:20.506
cpb-aacip-322-644qrn25_01626324_00833400_00833399.jpg,https://americanarchive.org/catalog/cpb-aacip-322-644qrn25,00:13:53.399
cpb-aacip-322-644qrn25_01626324_01156023_01156021.jpg,https://americanarchive.org/catalog/cpb-aacip-322-644qrn25,00:19:16.021
cpb-aacip-322-644qrn25_01626324_01325626_01325624.jpg,https://americanarchive.org/catalog/cpb-aacip-322-644qrn25,00:22:05.624
cpb-aacip-322-644qrn25_01626324_01363263_01363261.jpg,https://americanarchive.org/catalog/cpb-aacip-322-644qrn25,00:22:43.261
cpb-aacip-322-83kwhg7z_01452317_00060027_00060026.jpg,https://americanarchive.org/catalog/cpb-aacip-322-83kwhg7z,00:01:00.026
cpb-aacip-322-83kwhg7z_01452317_00156256_00156256.jpg,https://americanarchive.org/catalog/cpb-aacip-322-83kwhg7z,00:02:36.256
cpb-aacip-322-83kwhg7z_01452317_00195762_00195762.jpg,https://americanarchive.org/catalog/cpb-aacip-322-83kwhg7z,00:03:15.762
cpb-aacip-322-83kwhg7z_01452317_00250751_00250750.jpg,https://americanarchive.org/catalog/cpb-aacip-322-83kwhg7z,00:04:10.750
cpb-aacip-322-83kwhg7z_01452317_00311278_00311277.jpg,https://americanarchive.org/catalog/cpb-aacip-322-83kwhg7z,00:05:11.277
cpb-aacip-322-83kwhg7z_01452317_00428262_00428261.jpg,https://americanarchive.org/catalog/cpb-aacip-322-83kwhg7z,00:07:08.261
cpb-aacip-322-83kwhg7z_01452317_00614781_00614780.jpg,https://americanarchive.org/catalog/cpb-aacip-322-83kwhg7z,00:10:14.780
cpb-aacip-322-83kwhg7z_01452317_00679780_00679779.jpg,https://americanarchive.org/catalog/cpb-aacip-322-83kwhg7z,00:11:19.779
cpb-aacip-322-83kwhg7z_01452317_00725893_00725891.jpg,https://americanarchive.org/catalog/cpb-aacip-322-83kwhg7z,00:12:05.891
cpb-aacip-322-83kwhg7z_01452317_00783383_00783382.jpg,https://americanarchive.org/catalog/cpb-aacip-322-83kwhg7z,00:13:03.382
cpb-aacip-322-83kwhg7z_01452317_00804771_00804770.jpg,https://americanarchive.org/catalog/cpb-aacip-322-83kwhg7z,00:13:24.770
cpb-aacip-322-83kwhg7z_01452317_00908876_00908874.jpg,https://americanarchive.org/catalog/cpb-aacip-322-83kwhg7z,00:15:08.874
cpb-aacip-322-83kwhg7z_01452317_01179146_01179144.jpg,https://americanarchive.org/catalog/cpb-aacip-322-83kwhg7z,00:19:39.144
cpb-aacip-322-83kwhg7z_01452317_01319520_01319518.jpg,https://americanarchive.org/catalog/cpb-aacip-322-83kwhg7z,00:21:59.518
cpb-aacip-322-92t4bjgj_01700665_00077144_00077143.jpg,https://americanarchive.org/catalog/cpb-aacip-322-92t4bjgj,00:01:17.143
cpb-aacip-322-92t4bjgj_01700665_00200501_00200500.jpg,https://americanarchive.org/catalog/cpb-aacip-322-92t4bjgj,00:03:20.500
cpb-aacip-322-92t4bjgj_01700665_00326393_00326392.jpg,https://americanarchive.org/catalog/cpb-aacip-322-92t4bjgj,00:05:26.392
cpb-aacip-322-92t4bjgj_01700665_00683150_00683149.jpg,https://americanarchive.org/catalog/cpb-aacip-322-92t4bjgj,00:11:23.149
cpb-aacip-322-92t4bjgj_01700665_00884651_00884650.jpg,https://americanarchive.org/catalog/cpb-aacip-322-92t4bjgj,00:14:44.650
cpb-aacip-322-92t4bjgj_01700665_00908141_00908140.jpg,https://americanarchive.org/catalog/cpb-aacip-322-92t4bjgj,00:15:08.140
cpb-aacip-322-92t4bjgj_01700665_01228629_01228627.jpg,https://americanarchive.org/catalog/cpb-aacip-322-92t4bjgj,00:20:28.627
cpb-aacip-322-92t4bjgj_01700665_01556523_01556521.jpg,https://americanarchive.org/catalog/cpb-aacip-322-92t4bjgj,00:25:56.521
cpb-aacip-322-92t4bjgj_01700665_01656156_01656154.jpg,https://americanarchive.org/catalog/cpb-aacip-322-92t4bjgj,00:27:36.154
cpb-aacip-394-12m641hc_01647245_00248515_00248514.jpg,https://americanarchive.org/catalog/cpb-aacip-394-12m641hc,00:04:08.514
cpb-aacip-394-12m641hc_01647245_00327528_00327527.jpg,https://americanarchive.org/catalog/cpb-aacip-394-12m641hc,00:05:27.527
cpb-aacip-394-12m641hc_01647245_00502503_00502502.jpg,https://americanarchive.org/catalog/cpb-aacip-394-12m641hc,00:08:22.502
cpb-aacip-394-12m641hc_01647245_00764765_00764764.jpg,https://americanarchive.org/catalog/cpb-aacip-394-12m641hc,00:12:44.764
cpb-aacip-394-12m641hc_01647245_00993260_00993258.jpg,https://americanarchive.org/catalog/cpb-aacip-394-12m641hc,00:16:33.258
cpb-aacip-394-12m641hc_01647245_01164531_01164530.jpg,https://americanarchive.org/catalog/cpb-aacip-394-12m641hc,00:19:24.530
cpb-aacip-394-12m641hc_01647245_01214014_01214012.jpg,https://americanarchive.org/catalog/cpb-aacip-394-12m641hc,00:20:14.012
cpb-aacip-394-27zkh5h9_01646544_00179379_00179379.jpg,https://americanarchive.org/catalog/cpb-aacip-394-27zkh5h9,00:02:59.379
cpb-aacip-394-27zkh5h9_01646544_00191158_00191157.jpg,https://americanarchive.org/catalog/cpb-aacip-394-27zkh5h9,00:03:11.157
cpb-aacip-394-27zkh5h9_01646544_00416884_00416883.jpg,https://americanarchive.org/catalog/cpb-aacip-394-27zkh5h9,00:06:56.883
cpb-aacip-394-27zkh5h9_01646544_00605772_00605771.jpg,https://americanarchive.org/catalog/cpb-aacip-394-27zkh5h9,00:10:05.771
cpb-aacip-394-27zkh5h9_01646544_00642009_00642008.jpg,https://americanarchive.org/catalog/cpb-aacip-394-27zkh5h9,00:10:42.008
cpb-aacip-394-27zkh5h9_01646544_00671638_00671637.jpg,https://americanarchive.org/catalog/cpb-aacip-394-27zkh5h9,00:11:11.637
cpb-aacip-394-27zkh5h9_01646544_00722890_00722888.jpg,https://americanarchive.org/catalog/cpb-aacip-394-27zkh5h9,00:12:02.888
cpb-aacip-394-27zkh5h9_01646544_00969636_00969635.jpg,https://americanarchive.org/catalog/cpb-aacip-394-27zkh5h9,00:16:09.635
cpb-aacip-394-27zkh5h9_01646544_01103504_01103502.jpg,https://americanarchive.org/catalog/cpb-aacip-394-27zkh5h9,00:18:23.502
cpb-aacip-394-27zkh5h9_01646544_01319253_01319251.jpg,https://americanarchive.org/catalog/cpb-aacip-394-27zkh5h9,00:21:59.251
cpb-aacip-394-27zkh5h9_01646544_01377878_01377876.jpg,https://americanarchive.org/catalog/cpb-aacip-394-27zkh5h9,00:22:57.876
cpb-aacip-394-81jhb90f_01751349_00184651_00184651.jpg,https://americanarchive.org/catalog/cpb-aacip-394-81jhb90f,00:03:04.651
cpb-aacip-394-81jhb90f_01751349_00258392_00258391.jpg,https://americanarchive.org/catalog/cpb-aacip-394-81jhb90f,00:04:18.391
cpb-aacip-394-81jhb90f_01751349_00409376_00409375.jpg,https://americanarchive.org/catalog/cpb-aacip-394-81jhb90f,00:06:49.375
cpb-aacip-394-81jhb90f_01751349_00739506_00739505.jpg,https://americanarchive.org/catalog/cpb-aacip-394-81jhb90f,00:12:19.505
cpb-aacip-394-81jhb90f_01751349_00906006_00906005.jpg,https://americanarchive.org/catalog/cpb-aacip-394-81jhb90f,00:15:06.005
cpb-aacip-394-81jhb90f_01751349_01145279_01145277.jpg,https://americanarchive.org/catalog/cpb-aacip-394-81jhb90f,00:19:05.277
cpb-aacip-394-81jhb90f_01751349_01208876_01208874.jpg,https://americanarchive.org/catalog/cpb-aacip-394-81jhb90f,00:20:08.874
cpb-aacip-394-81jhb90f_01751349_01323156_01323155.jpg,https://americanarchive.org/catalog/cpb-aacip-394-81jhb90f,00:22:03.155
cpb-aacip-394-81jhb90f_01751349_01342276_01342274.jpg,https://americanarchive.org/catalog/cpb-aacip-394-81jhb90f,00:22:22.274
cpb-aacip-3ecb2ef26a0_02407638_00134268_00134267.jpg,https://americanarchive.org/catalog/cpb-aacip-3ecb2ef26a0,00:02:14.267
cpb-aacip-3ecb2ef26a0_02407638_00203770_00203770.jpg,https://americanarchive.org/catalog/cpb-aacip-3ecb2ef26a0,00:03:23.770
cpb-aacip-3ecb2ef26a0_02407638_00246780_00246779.jpg,https://americanarchive.org/catalog/cpb-aacip-3ecb2ef26a0,00:04:06.779
cpb-aacip-3ecb2ef26a0_02407638_00275776_00275775.jpg,https://americanarchive.org/catalog/cpb-aacip-3ecb2ef26a0,00:04:35.775
cpb-aacip-3ecb2ef26a0_02407638_00321889_00321888.jpg,https://americanarchive.org/catalog/cpb-aacip-3ecb2ef26a0,00:05:21.888
cpb-aacip-3ecb2ef26a0_02407638_00350884_00350883.jpg,https://americanarchive.org/catalog/cpb-aacip-3ecb2ef26a0,00:05:50.883
cpb-aacip-3ecb2ef26a0_02407638_00401001_00401000.jpg,https://americanarchive.org/catalog/cpb-aacip-3ecb2ef26a0,00:06:41.000
cpb-aacip-3ecb2ef26a0_02407638_00478879_00478878.jpg,https://americanarchive.org/catalog/cpb-aacip-3ecb2ef26a0,00:07:58.878
cpb-aacip-3ecb2ef26a0_02407638_00521522_00521520.jpg,https://americanarchive.org/catalog/cpb-aacip-3ecb2ef26a0,00:08:41.520
cpb-aacip-3ecb2ef26a0_02407638_00558258_00558257.jpg,https://americanarchive.org/catalog/cpb-aacip-3ecb2ef26a0,00:09:18.257
cpb-aacip-3ecb2ef26a0_02407638_00577511_00577510.jpg,https://americanarchive.org/catalog/cpb-aacip-3ecb2ef26a0,00:09:37.510
cpb-aacip-3ecb2ef26a0_02407638_00651518_00651517.jpg,https://americanarchive.org/catalog/cpb-aacip-3ecb2ef26a0,00:10:51.517
cpb-aacip-3ecb2ef26a0_02407638_00692526_00692525.jpg,https://americanarchive.org/catalog/cpb-aacip-3ecb2ef26a0,00:11:32.525
cpb-aacip-3ecb2ef26a0_02407638_00709776_00709775.jpg,https://americanarchive.org/catalog/cpb-aacip-3ecb2ef26a0,00:11:49.775
cpb-aacip-3ecb2ef26a0_02407638_00785152_00785151.jpg,https://americanarchive.org/catalog/cpb-aacip-3ecb2ef26a0,00:13:05.151
cpb-aacip-3ecb2ef26a0_02407638_00812880_00812878.jpg,https://americanarchive.org/catalog/cpb-aacip-3ecb2ef26a0,00:13:32.878
cpb-aacip-3ecb2ef26a0_02407638_00840007_00840005.jpg,https://americanarchive.org/catalog/cpb-aacip-3ecb2ef26a0,00:14:00.005
cpb-aacip-3ecb2ef26a0_02407638_00967768_00967766.jpg,https://americanarchive.org/catalog/cpb-aacip-3ecb2ef26a0,00:16:07.766
cpb-aacip-3ecb2ef26a0_02407638_01006406_01006405.jpg,https://americanarchive.org/catalog/cpb-aacip-3ecb2ef26a0,00:16:46.405
cpb-aacip-3ecb2ef26a0_02407638_01030531_01030529.jpg,https://americanarchive.org/catalog/cpb-aacip-3ecb2ef26a0,00:17:10.529
cpb-aacip-3ecb2ef26a0_02407638_01045379_01045377.jpg,https://americanarchive.org/catalog/cpb-aacip-3ecb2ef26a0,00:17:25.377
cpb-aacip-3ecb2ef26a0_02407638_01088155_01088153.jpg,https://americanarchive.org/catalog/cpb-aacip-3ecb2ef26a0,00:18:08.153
cpb-aacip-3ecb2ef26a0_02407638_01165766_01165764.jpg,https://americanarchive.org/catalog/cpb-aacip-3ecb2ef26a0,00:19:25.764
cpb-aacip-3ecb2ef26a0_02407638_01198265_01198263.jpg,https://americanarchive.org/catalog/cpb-aacip-3ecb2ef26a0,00:19:58.263
cpb-aacip-3ecb2ef26a0_02407638_01239907_01239905.jpg,https://americanarchive.org/catalog/cpb-aacip-3ecb2ef26a0,00:20:39.905
cpb-aacip-3ecb2ef26a0_02407638_01313380_01313378.jpg,https://americanarchive.org/catalog/cpb-aacip-3ecb2ef26a0,00:21:53.378
cpb-aacip-3ecb2ef26a0_02407638_01443010_01443008.jpg,https://americanarchive.org/catalog/cpb-aacip-3ecb2ef26a0,00:24:03.008
cpb-aacip-3ecb2ef26a0_02407638_01451018_01451016.jpg,https://americanarchive.org/catalog/cpb-aacip-3ecb2ef26a0,00:24:11.016
cpb-aacip-3ecb2ef26a0_02407638_01553387_01553385.jpg,https://americanarchive.org/catalog/cpb-aacip-3ecb2ef26a0,00:25:53.385
cpb-aacip-46-741rnj7n_03303700_00354755_00354754.jpg,https://americanarchive.org/catalog/cpb-aacip-46-741rnj7n,00:05:54.754
cpb-aacip-46-741rnj7n_03303700_00591525_00591524.jpg,https://americanarchive.org/catalog/cpb-aacip-46-741rnj7n,00:09:51.524
cpb-aacip-46-741rnj7n_03303700_00688522_00688521.jpg,https://americanarchive.org/catalog/cpb-aacip-46-741rnj7n,00:11:28.521
cpb-aacip-46-741rnj7n_03303700_01224258_01224256.jpg,https://americanarchive.org/catalog/cpb-aacip-46-741rnj7n,00:20:24.256
cpb-aacip-46-741rnj7n_03303700_01534001_01533999.jpg,https://americanarchive.org/catalog/cpb-aacip-46-741rnj7n,00:25:33.999
cpb-aacip-46-741rnj7n_03303700_01549016_01549014.jpg,https://americanarchive.org/catalog/cpb-aacip-46-741rnj7n,00:25:49.014
cpb-aacip-46-741rnj7n_03303700_01683884_01683882.jpg,https://americanarchive.org/catalog/cpb-aacip-46-741rnj7n,00:28:03.882
cpb-aacip-46-741rnj7n_03303700_01691892_01691890.jpg,https://americanarchive.org/catalog/cpb-aacip-46-741rnj7n,00:28:11.890
cpb-aacip-46-741rnj7n_03303700_01704771_01704769.jpg,https://americanarchive.org/catalog/cpb-aacip-46-741rnj7n,00:28:24.769
cpb-aacip-46-741rnj7n_03303700_01821522_01821519.jpg,https://americanarchive.org/catalog/cpb-aacip-46-741rnj7n,00:30:21.519
cpb-aacip-46-741rnj7n_03303700_03228028_03228024.jpg,https://americanarchive.org/catalog/cpb-aacip-46-741rnj7n,00:53:48.024
cpb-aacip-46-741rnj7n_03303700_03246513_03246509.jpg,https://americanarchive.org/catalog/cpb-aacip-46-741rnj7n,00:54:06.509
cpb-aacip-46-741rnj7n_03303700_03259026_03259022.jpg,https://americanarchive.org/catalog/cpb-aacip-46-741rnj7n,00:54:19.022
cpb-aacip-46-741rnj7n_03303700_03272406_03272402.jpg,https://americanarchive.org/catalog/cpb-aacip-46-741rnj7n,00:54:32.402
cpb-aacip-48fc550e6d7_02502433_00162262_00162262.jpg,https://americanarchive.org/catalog/cpb-aacip-48fc550e6d7,00:02:42.262
cpb-aacip-48fc550e6d7_02502433_00211512_00211511.jpg,https://americanarchive.org/catalog/cpb-aacip-48fc550e6d7,00:03:31.511
cpb-aacip-48fc550e6d7_02502433_00237771_00237770.jpg,https://americanarchive.org/catalog/cpb-aacip-48fc550e6d7,00:03:57.770
cpb-aacip-48fc550e6d7_02502433_00318519_00318518.jpg,https://americanarchive.org/catalog/cpb-aacip-48fc550e6d7,00:05:18.518
cpb-aacip-48fc550e6d7_02502433_00341642_00341641.jpg,https://americanarchive.org/catalog/cpb-aacip-48fc550e6d7,00:05:41.641
cpb-aacip-48fc550e6d7_02502433_00404271_00404270.jpg,https://americanarchive.org/catalog/cpb-aacip-48fc550e6d7,00:06:44.270
cpb-aacip-48fc550e6d7_02502433_00467634_00467633.jpg,https://americanarchive.org/catalog/cpb-aacip-48fc550e6d7,00:07:47.633
cpb-aacip-48fc550e6d7_02502433_00556256_00556255.jpg,https://americanarchive.org/catalog/cpb-aacip-48fc550e6d7,00:09:16.255
cpb-aacip-48fc550e6d7_02502433_00647014_00647013.jpg,https://americanarchive.org/catalog/cpb-aacip-48fc550e6d7,00:10:47.013
cpb-aacip-48fc550e6d7_02502433_00678512_00678511.jpg,https://americanarchive.org/catalog/cpb-aacip-48fc550e6d7,00:11:18.511
cpb-aacip-48fc550e6d7_02502433_00703270_00703269.jpg,https://americanarchive.org/catalog/cpb-aacip-48fc550e6d7,00:11:43.269
cpb-aacip-48fc550e6d7_02502433_00737137_00737136.jpg,https://americanarchive.org/catalog/cpb-aacip-48fc550e6d7,00:12:17.136
cpb-aacip-48fc550e6d7_02502433_00920254_00920252.jpg,https://americanarchive.org/catalog/cpb-aacip-48fc550e6d7,00:15:20.252
cpb-aacip-48fc550e6d7_02502433_01064264_01064263.jpg,https://americanarchive.org/catalog/cpb-aacip-48fc550e6d7,00:17:44.263
cpb-aacip-48fc550e6d7_02502433_01108008_01108006.jpg,https://americanarchive.org/catalog/cpb-aacip-48fc550e6d7,00:18:28.006
cpb-aacip-48fc550e6d7_02502433_01158392_01158390.jpg,https://americanarchive.org/catalog/cpb-aacip-48fc550e6d7,00:19:18.390
cpb-aacip-48fc550e6d7_02502433_01526026_01526024.jpg,https://americanarchive.org/catalog/cpb-aacip-48fc550e6d7,00:25:26.024
cpb-aacip-48fc550e6d7_02502433_01640274_01640271.jpg,https://americanarchive.org/catalog/cpb-aacip-48fc550e6d7,00:27:20.271
cpb-aacip-48fc550e6d7_02502433_01695762_01695760.jpg,https://americanarchive.org/catalog/cpb-aacip-48fc550e6d7,00:28:15.760
cpb-aacip-48fc550e6d7_02502433_01745879_01745877.jpg,https://americanarchive.org/catalog/cpb-aacip-48fc550e6d7,00:29:05.877
cpb-aacip-48fc550e6d7_02502433_01794628_01794626.jpg,https://americanarchive.org/catalog/cpb-aacip-48fc550e6d7,00:29:54.626
cpb-aacip-48fc550e6d7_02502433_01878879_01878877.jpg,https://americanarchive.org/catalog/cpb-aacip-48fc550e6d7,00:31:18.877
cpb-aacip-48fc550e6d7_02502433_02017651_02017648.jpg,https://americanarchive.org/catalog/cpb-aacip-48fc550e6d7,00:33:37.648
cpb-aacip-48fc550e6d7_02502433_02078145_02078142.jpg,https://americanarchive.org/catalog/cpb-aacip-48fc550e6d7,00:34:38.142
cpb-aacip-48fc550e6d7_02502433_02202503_02202500.jpg,https://americanarchive.org/catalog/cpb-aacip-48fc550e6d7,00:36:42.500
cpb-aacip-48fc550e6d7_02502433_02388388_02388386.jpg,https://americanarchive.org/catalog/cpb-aacip-48fc550e6d7,00:39:48.386
cpb-aacip-48fc550e6d7_02502433_02438005_02438002.jpg,https://americanarchive.org/catalog/cpb-aacip-48fc550e6d7,00:40:38.002
cpb-aacip-60-53jwt13k_01652917_00087020_00087020.jpg,https://americanarchive.org/catalog/cpb-aacip-60-53jwt13k,00:01:27.020
cpb-aacip-60-53jwt13k_01652917_00204771_00204771.jpg,https://americanarchive.org/catalog/cpb-aacip-60-53jwt13k,00:03:24.771
cpb-aacip-60-53jwt13k_01652917_00250017_00250016.jpg,https://americanarchive.org/catalog/cpb-aacip-60-53jwt13k,00:04:10.016
cpb-aacip-60-53jwt13k_01652917_00523390_00523389.jpg,https://americanarchive.org/catalog/cpb-aacip-60-53jwt13k,00:08:43.389
cpb-aacip-c1f3d4eff9c_03496062_00275642_00275642.jpg,https://americanarchive.org/catalog/cpb-aacip-c1f3d4eff9c,00:04:35.642
cpb-aacip-c1f3d4eff9c_03496062_00425626_00425625.jpg,https://americanarchive.org/catalog/cpb-aacip-c1f3d4eff9c,00:07:05.625
cpb-aacip-c1f3d4eff9c_03496062_00541875_00541875.jpg,https://americanarchive.org/catalog/cpb-aacip-c1f3d4eff9c,00:09:01.875
cpb-aacip-c1f3d4eff9c_03496062_00596263_00596262.jpg,https://americanarchive.org/catalog/cpb-aacip-c1f3d4eff9c,00:09:56.262
cpb-aacip-c1f3d4eff9c_03496062_00638272_00638271.jpg,https://americanarchive.org/catalog/cpb-aacip-c1f3d4eff9c,00:10:38.271
cpb-aacip-c1f3d4eff9c_03496062_00696263_00696262.jpg,https://americanarchive.org/catalog/cpb-aacip-c1f3d4eff9c,00:11:36.262
cpb-aacip-c1f3d4eff9c_03496062_00708141_00708141.jpg,https://americanarchive.org/catalog/cpb-aacip-c1f3d4eff9c,00:11:48.141
cpb-aacip-c1f3d4eff9c_03496062_01141875_01141875.jpg,https://americanarchive.org/catalog/cpb-aacip-c1f3d4eff9c,00:19:01.875
cpb-aacip-c1f3d4eff9c_03496062_01315649_01315648.jpg,https://americanarchive.org/catalog/cpb-aacip-c1f3d4eff9c,00:21:55.648
cpb-aacip-c1f3d4eff9c_03496062_02235769_02235769.jpg,https://americanarchive.org/catalog/cpb-aacip-c1f3d4eff9c,00:37:15.769
cpb-aacip-c1f3d4eff9c_03496062_02511011_02511011.jpg,https://americanarchive.org/catalog/cpb-aacip-c1f3d4eff9c,00:41:51.011
cpb-aacip-c1f3d4eff9c_03496062_02730531_02730530.jpg,https://americanarchive.org/catalog/cpb-aacip-c1f3d4eff9c,00:45:30.530
cpb-aacip-c1f3d4eff9c_03496062_02920654_02920653.jpg,https://americanarchive.org/catalog/cpb-aacip-c1f3d4eff9c,00:48:40.653
cpb-aacip-c1f3d4eff9c_03496062_03102769_03102769.jpg,https://americanarchive.org/catalog/cpb-aacip-c1f3d4eff9c,00:51:42.769
cpb-aacip-c1f3d4eff9c_03496062_03318752_03318752.jpg,https://americanarchive.org/catalog/cpb-aacip-c1f3d4eff9c,00:55:18.752
cpb-aacip-e0b85025f6a_02186784_00118385_00118384.jpg,https://americanarchive.org/catalog/cpb-aacip-e0b85025f6a,00:01:58.384
cpb-aacip-e0b85025f6a_02186784_00174274_00174274.jpg,https://americanarchive.org/catalog/cpb-aacip-e0b85025f6a,00:02:54.274
cpb-aacip-e0b85025f6a_02186784_00203136_00203136.jpg,https://americanarchive.org/catalog/cpb-aacip-e0b85025f6a,00:03:23.136
cpb-aacip-e0b85025f6a_02186784_00219753_00219752.jpg,https://americanarchive.org/catalog/cpb-aacip-e0b85025f6a,00:03:39.752
cpb-aacip-e0b85025f6a_02186784_00252252_00252252.jpg,https://americanarchive.org/catalog/cpb-aacip-e0b85025f6a,00:04:12.252
cpb-aacip-e0b85025f6a_02186784_00344378_00344377.jpg,https://americanarchive.org/catalog/cpb-aacip-e0b85025f6a,00:05:44.377
cpb-aacip-e0b85025f6a_02186784_00397531_00397530.jpg,https://americanarchive.org/catalog/cpb-aacip-e0b85025f6a,00:06:37.530
cpb-aacip-e0b85025f6a_02186784_00478512_00478511.jpg,https://americanarchive.org/catalog/cpb-aacip-e0b85025f6a,00:07:58.511
cpb-aacip-e0b85025f6a_02186784_00534268_00534267.jpg,https://americanarchive.org/catalog/cpb-aacip-e0b85025f6a,00:08:54.267
cpb-aacip-e0b85025f6a_02186784_00558158_00558157.jpg,https://americanarchive.org/catalog/cpb-aacip-e0b85025f6a,00:09:18.157
cpb-aacip-e0b85025f6a_02186784_00598899_00598898.jpg,https://americanarchive.org/catalog/cpb-aacip-e0b85025f6a,00:09:58.898
cpb-aacip-e0b85025f6a_02186784_00679379_00679378.jpg,https://americanarchive.org/catalog/cpb-aacip-e0b85025f6a,00:11:19.378
cpb-aacip-e0b85025f6a_02186784_00749149_00749148.jpg,https://americanarchive.org/catalog/cpb-aacip-e0b85025f6a,00:12:29.148
cpb-aacip-e0b85025f6a_02186784_00871271_00871270.jpg,https://americanarchive.org/catalog/cpb-aacip-e0b85025f6a,00:14:31.270
cpb-aacip-e0b85025f6a_02186784_00933500_00933499.jpg,https://americanarchive.org/catalog/cpb-aacip-e0b85025f6a,00:15:33.499
cpb-aacip-e0b85025f6a_02186784_00975509_00975507.jpg,https://americanarchive.org/catalog/cpb-aacip-e0b85025f6a,00:16:15.507
cpb-aacip-e0b85025f6a_02186784_01028028_01028027.jpg,https://americanarchive.org/catalog/cpb-aacip-e0b85025f6a,00:17:08.027
cpb-aacip-e0b85025f6a_02186784_01058025_01058023.jpg,https://americanarchive.org/catalog/cpb-aacip-e0b85025f6a,00:17:38.023
cpb-aacip-e0b85025f6a_02186784_01162896_01162895.jpg,https://americanarchive.org/catalog/cpb-aacip-e0b85025f6a,00:19:22.895
cpb-aacip-e0b85025f6a_02186784_01216016_01216014.jpg,https://americanarchive.org/catalog/cpb-aacip-e0b85025f6a,00:20:16.014
cpb-aacip-e0b85025f6a_02186784_01296630_01296628.jpg,https://americanarchive.org/catalog/cpb-aacip-e0b85025f6a,00:21:36.628
cpb-aacip-e0b85025f6a_02186784_01453253_01453251.jpg,https://americanarchive.org/catalog/cpb-aacip-e0b85025f6a,00:24:13.251
cpb-aacip-e0b85025f6a_02186784_01479646_01479644.jpg,https://americanarchive.org/catalog/cpb-aacip-e0b85025f6a,00:24:39.644
cpb-aacip-e0b85025f6a_02186784_01695762_01695760.jpg,https://americanarchive.org/catalog/cpb-aacip-e0b85025f6a,00:28:15.760
cpb-aacip-e0b85025f6a_02186784_01711378_01711376.jpg,https://americanarchive.org/catalog/cpb-aacip-e0b85025f6a,00:28:31.376
cpb-aacip-e3f75a587ed_03496062_00401502_00401501.jpg,https://americanarchive.org/catalog/cpb-aacip-e3f75a587ed,00:06:41.501
cpb-aacip-e3f75a587ed_03496062_00560761_00560760.jpg,https://americanarchive.org/catalog/cpb-aacip-e3f75a587ed,00:09:20.760
cpb-aacip-e3f75a587ed_03496062_00862129_00862128.jpg,https://americanarchive.org/catalog/cpb-aacip-e3f75a587ed,00:14:22.128
cpb-aacip-e3f75a587ed_03496062_00918886_00918885.jpg,https://americanarchive.org/catalog/cpb-aacip-e3f75a587ed,00:15:18.885
cpb-aacip-e3f75a587ed_03496062_01206006_01206006.jpg,https://americanarchive.org/catalog/cpb-aacip-e3f75a587ed,00:20:06.006
cpb-aacip-e3f75a587ed_03496062_01278645_01278645.jpg,https://americanarchive.org/catalog/cpb-aacip-e3f75a587ed,00:21:18.645
cpb-aacip-e3f75a587ed_03496062_01681515_01681514.jpg,https://americanarchive.org/catalog/cpb-aacip-e3f75a587ed,00:28:01.514
cpb-aacip-e3f75a587ed_03496062_01772506_01772505.jpg,https://americanarchive.org/catalog/cpb-aacip-e3f75a587ed,00:29:32.505
cpb-aacip-e3f75a587ed_03496062_01804905_01804904.jpg,https://americanarchive.org/catalog/cpb-aacip-e3f75a587ed,00:30:04.904
cpb-aacip-e3f75a587ed_03496062_01973907_01973907.jpg,https://americanarchive.org/catalog/cpb-aacip-e3f75a587ed,00:32:53.907
cpb-aacip-e3f75a587ed_03496062_02050651_02050650.jpg,https://americanarchive.org/catalog/cpb-aacip-e3f75a587ed,00:34:10.650
cpb-aacip-e3f75a587ed_03496062_02104004_02104004.jpg,https://americanarchive.org/catalog/cpb-aacip-e3f75a587ed,00:35:04.004
cpb-aacip-e3f75a587ed_03496062_02206907_02206906.jpg,https://americanarchive.org/catalog/cpb-aacip-e3f75a587ed,00:36:46.906
cpb-aacip-e3f75a587ed_03496062_02240407_02240407.jpg,https://americanarchive.org/catalog/cpb-aacip-e3f75a587ed,00:37:20.407
cpb-aacip-e3f75a587ed_03496062_02337404_02337404.jpg,https://americanarchive.org/catalog/cpb-aacip-e3f75a587ed,00:38:57.404
cpb-aacip-e3f75a587ed_03496062_02462763_02462762.jpg,https://americanarchive.org/catalog/cpb-aacip-e3f75a587ed,00:41:02.762
cpb-aacip-e3f75a587ed_03496062_02594394_02594394.jpg,https://americanarchive.org/catalog/cpb-aacip-e3f75a587ed,00:43:14.394
cpb-aacip-e3f75a587ed_03496062_02691892_02691891.jpg,https://americanarchive.org/catalog/cpb-aacip-e3f75a587ed,00:44:51.891
cpb-aacip-e3f75a587ed_03496062_02828028_02828028.jpg,https://americanarchive.org/catalog/cpb-aacip-e3f75a587ed,00:47:08.028
cpb-aacip-e3f75a587ed_03496062_02958392_02958391.jpg,https://americanarchive.org/catalog/cpb-aacip-e3f75a587ed,00:49:18.391
cpb-aacip-e3f75a587ed_03496062_03240140_03240140.jpg,https://americanarchive.org/catalog/cpb-aacip-e3f75a587ed,00:54:00.140
cpb-aacip-00367782a98_03778775_00200501_00200500.jpg,https://americanarchive.org/catalog/cpb-aacip-00367782a98,00:03:20.500
cpb-aacip-00367782a98_03778775_00333033_00333032.jpg,https://americanarchive.org/catalog/cpb-aacip-00367782a98,00:05:33.032
cpb-aacip-00367782a98_03778775_00500501_00500500.jpg,https://americanarchive.org/catalog/cpb-aacip-00367782a98,00:08:20.500
cpb-aacip-00367782a98_03778775_00859126_00859124.jpg,https://americanarchive.org/catalog/cpb-aacip-00367782a98,00:14:19.124
cpb-aacip-00367782a98_03778775_00938772_00938771.jpg,https://americanarchive.org/catalog/cpb-aacip-00367782a98,00:15:38.771
cpb-aacip-00367782a98_03778775_01322890_01322888.jpg,https://americanarchive.org/catalog/cpb-aacip-00367782a98,00:22:02.888
cpb-aacip-00367782a98_03778775_01394127_01394126.jpg,https://americanarchive.org/catalog/cpb-aacip-00367782a98,00:23:14.126
cpb-aacip-00367782a98_03778775_01614147_01614145.jpg,https://americanarchive.org/catalog/cpb-aacip-00367782a98,00:26:54.145
cpb-aacip-00367782a98_03778775_02216650_02216647.jpg,https://americanarchive.org/catalog/cpb-aacip-00367782a98,00:36:56.647
cpb-aacip-00367782a98_03778775_02527027_02527024.jpg,https://americanarchive.org/catalog/cpb-aacip-00367782a98,00:42:07.024
cpb-aacip-00367782a98_03778775_02640140_02640137.jpg,https://americanarchive.org/catalog/cpb-aacip-00367782a98,00:44:00.137
cpb-aacip-00367782a98_03778775_02893126_02893123.jpg,https://americanarchive.org/catalog/cpb-aacip-00367782a98,00:48:13.123
cpb-aacip-00367782a98_03778775_03092626_03092622.jpg,https://americanarchive.org/catalog/cpb-aacip-00367782a98,00:51:32.622
cpb-aacip-00367782a98_03778775_03275509_03275505.jpg,https://americanarchive.org/catalog/cpb-aacip-00367782a98,00:54:35.505
cpb-aacip-00367782a98_03778775_03340507_03340503.jpg,https://americanarchive.org/catalog/cpb-aacip-00367782a98,00:55:40.503
cpb-aacip-00367782a98_03778775_03456256_03456252.jpg,https://americanarchive.org/catalog/cpb-aacip-00367782a98,00:57:36.252
cpb-aacip-00367782a98_03778775_03598899_03598895.jpg,https://americanarchive.org/catalog/cpb-aacip-00367782a98,00:59:58.895
cpb-aacip-04f4de5a4b0_01917849_00219253_00219252.jpg,https://americanarchive.org/catalog/cpb-aacip-04f4de5a4b0,00:03:39.252
cpb-aacip-04f4de5a4b0_01917849_00401401_00401401.jpg,https://americanarchive.org/catalog/cpb-aacip-04f4de5a4b0,00:06:41.401
cpb-aacip-04f4de5a4b0_01917849_00573507_00573506.jpg,https://americanarchive.org/catalog/cpb-aacip-04f4de5a4b0,00:09:33.506
cpb-aacip-04f4de5a4b0_01917849_00599399_00599398.jpg,https://americanarchive.org/catalog/cpb-aacip-04f4de5a4b0,00:09:59.398
cpb-aacip-04f4de5a4b0_01917849_00873407_00873405.jpg,https://americanarchive.org/catalog/cpb-aacip-04f4de5a4b0,00:14:33.405
cpb-aacip-04f4de5a4b0_01917849_01060394_01060392.jpg,https://americanarchive.org/catalog/cpb-aacip-04f4de5a4b0,00:17:40.392
cpb-aacip-04f4de5a4b0_01917849_01248015_01248013.jpg,https://americanarchive.org/catalog/cpb-aacip-04f4de5a4b0,00:20:48.013
cpb-aacip-04f4de5a4b0_01917849_01395262_01395260.jpg,https://americanarchive.org/catalog/cpb-aacip-04f4de5a4b0,00:23:15.260
cpb-aacip-04f4de5a4b0_01917849_01617017_01617015.jpg,https://americanarchive.org/catalog/cpb-aacip-04f4de5a4b0,00:26:57.015
cpb-aacip-04f4de5a4b0_01917849_01713881_01713878.jpg,https://americanarchive.org/catalog/cpb-aacip-04f4de5a4b0,00:28:33.878
cpb-aacip-065aa8aa34f_01756488_00194394_00194394.jpg,https://americanarchive.org/catalog/cpb-aacip-065aa8aa34f,00:03:14.394
cpb-aacip-065aa8aa34f_01756488_00224258_00224257.jpg,https://americanarchive.org/catalog/cpb-aacip-065aa8aa34f,00:03:44.257
cpb-aacip-065aa8aa34f_01756488_00313514_00313513.jpg,https://americanarchive.org/catalog/cpb-aacip-065aa8aa34f,00:05:13.513
cpb-aacip-065aa8aa34f_01756488_00363897_00363896.jpg,https://americanarchive.org/catalog/cpb-aacip-065aa8aa34f,00:06:03.896
cpb-aacip-065aa8aa34f_01756488_00488255_00488254.jpg,https://americanarchive.org/catalog/cpb-aacip-065aa8aa34f,00:08:08.254
cpb-aacip-065aa8aa34f_01756488_00501502_00501501.jpg,https://americanarchive.org/catalog/cpb-aacip-065aa8aa34f,00:08:21.501
cpb-aacip-065aa8aa34f_01756488_00556023_00556022.jpg,https://americanarchive.org/catalog/cpb-aacip-065aa8aa34f,00:09:16.022
cpb-aacip-065aa8aa34f_01756488_00616884_00616882.jpg,https://americanarchive.org/catalog/cpb-aacip-065aa8aa34f,00:10:16.882
cpb-aacip-065aa8aa34f_01756488_00674775_00674774.jpg,https://americanarchive.org/catalog/cpb-aacip-065aa8aa34f,00:11:14.774
cpb-aacip-065aa8aa34f_01756488_00724157_00724156.jpg,https://americanarchive.org/catalog/cpb-aacip-065aa8aa34f,00:12:04.156
cpb-aacip-065aa8aa34f_01756488_00816650_00816649.jpg,https://americanarchive.org/catalog/cpb-aacip-065aa8aa34f,00:13:36.649
cpb-aacip-065aa8aa34f_01756488_00897264_00897263.jpg,https://americanarchive.org/catalog/cpb-aacip-065aa8aa34f,00:14:57.263
cpb-aacip-065aa8aa34f_01756488_00970270_00970269.jpg,https://americanarchive.org/catalog/cpb-aacip-065aa8aa34f,00:16:10.269
cpb-aacip-065aa8aa34f_01756488_01009276_01009274.jpg,https://americanarchive.org/catalog/cpb-aacip-065aa8aa34f,00:16:49.274
cpb-aacip-065aa8aa34f_01756488_01042776_01042775.jpg,https://americanarchive.org/catalog/cpb-aacip-065aa8aa34f,00:17:22.775
cpb-aacip-065aa8aa34f_01756488_01193627_01193625.jpg,https://americanarchive.org/catalog/cpb-aacip-065aa8aa34f,00:19:53.625
cpb-aacip-065aa8aa34f_01756488_01315015_01315013.jpg,https://americanarchive.org/catalog/cpb-aacip-065aa8aa34f,00:21:55.013
cpb-aacip-065aa8aa34f_01756488_01409776_01409775.jpg,https://americanarchive.org/catalog/cpb-aacip-065aa8aa34f,00:23:29.775
cpb-aacip-065aa8aa34f_01756488_01481882_01481880.jpg,https://americanarchive.org/catalog/cpb-aacip-065aa8aa34f,00:24:41.880
cpb-aacip-065aa8aa34f_01756488_01554388_01554386.jpg,https://americanarchive.org/catalog/cpb-aacip-065aa8aa34f,00:25:54.386
cpb-aacip-065aa8aa34f_01756488_01576276_01576274.jpg,https://americanarchive.org/catalog/cpb-aacip-065aa8aa34f,00:26:16.274
cpb-aacip-065aa8aa34f_01756488_01624892_01624889.jpg,https://americanarchive.org/catalog/cpb-aacip-065aa8aa34f,00:27:04.889
cpb-aacip-065aa8aa34f_01756488_01668769_01668767.jpg,https://americanarchive.org/catalog/cpb-aacip-065aa8aa34f,00:27:48.767
cpb-aacip-0993868db29_03786516_00138772_00138771.jpg,https://americanarchive.org/catalog/cpb-aacip-0993868db29,00:02:18.771
cpb-aacip-0993868db29_03786516_00390657_00390656.jpg,https://americanarchive.org/catalog/cpb-aacip-0993868db29,00:06:30.656
cpb-aacip-0993868db29_03786516_00626894_00626892.jpg,https://americanarchive.org/catalog/cpb-aacip-0993868db29,00:10:26.892
cpb-aacip-0993868db29_03786516_01121154_01121153.jpg,https://americanarchive.org/catalog/cpb-aacip-0993868db29,00:18:41.153
cpb-aacip-0993868db29_03786516_01189523_01189521.jpg,https://americanarchive.org/catalog/cpb-aacip-0993868db29,00:19:49.521
cpb-aacip-0993868db29_03786516_02230264_02230261.jpg,https://americanarchive.org/catalog/cpb-aacip-0993868db29,00:37:10.261
cpb-aacip-0993868db29_03786516_02334001_02333998.jpg,https://americanarchive.org/catalog/cpb-aacip-0993868db29,00:38:53.998
cpb-aacip-0993868db29_03786516_02882649_02882646.jpg,https://americanarchive.org/catalog/cpb-aacip-0993868db29,00:48:02.646
cpb-aacip-0993868db29_03786516_03098031_03098028.jpg,https://americanarchive.org/catalog/cpb-aacip-0993868db29,00:51:38.028
cpb-aacip-0993868db29_03786516_03184885_03184881.jpg,https://americanarchive.org/catalog/cpb-aacip-0993868db29,00:53:04.881
cpb-aacip-09c99fe2555_03562225_00192626_00192625.jpg,https://americanarchive.org/catalog/cpb-aacip-09c99fe2555,00:03:12.625
cpb-aacip-09c99fe2555_03562225_00310878_00310877.jpg,https://americanarchive.org/catalog/cpb-aacip-09c99fe2555,00:05:10.877
cpb-aacip-09c99fe2555_03562225_00335002_00335001.jpg,https://americanarchive.org/catalog/cpb-aacip-09c99fe2555,00:05:35.001
cpb-aacip-09c99fe2555_03562225_00368502_00368501.jpg,https://americanarchive.org/catalog/cpb-aacip-09c99fe2555,00:06:08.501
cpb-aacip-09c99fe2555_03562225_00409376_00409375.jpg,https://americanarchive.org/catalog/cpb-aacip-09c99fe2555,00:06:49.375
cpb-aacip-09c99fe2555_03562225_00492526_00492525.jpg,https://americanarchive.org/catalog/cpb-aacip-09c99fe2555,00:08:12.525
cpb-aacip-09c99fe2555_03562225_00544278_00544277.jpg,https://americanarchive.org/catalog/cpb-aacip-09c99fe2555,00:09:04.277
cpb-aacip-09c99fe2555_03562225_00727761_00727760.jpg,https://americanarchive.org/catalog/cpb-aacip-09c99fe2555,00:12:07.760
cpb-aacip-09c99fe2555_03562225_00793894_00793893.jpg,https://americanarchive.org/catalog/cpb-aacip-09c99fe2555,00:13:13.893
cpb-aacip-09c99fe2555_03562225_01024157_01024156.jpg,https://americanarchive.org/catalog/cpb-aacip-09c99fe2555,00:17:04.156
cpb-aacip-09c99fe2555_03562225_01333634_01333632.jpg,https://americanarchive.org/catalog/cpb-aacip-09c99fe2555,00:22:13.632
cpb-aacip-09c99fe2555_03562225_01746647_01746644.jpg,https://americanarchive.org/catalog/cpb-aacip-09c99fe2555,00:29:06.644
cpb-aacip-09c99fe2555_03562225_02576777_02576774.jpg,https://americanarchive.org/catalog/cpb-aacip-09c99fe2555,00:42:56.774
cpb-aacip-09c99fe2555_03562225_02710777_02710774.jpg,https://americanarchive.org/catalog/cpb-aacip-09c99fe2555,00:45:10.774
cpb-aacip-09c99fe2555_03562225_02985385_02985382.jpg,https://americanarchive.org/catalog/cpb-aacip-09c99fe2555,00:49:45.382
cpb-aacip-09c99fe2555_03562225_03212880_03212876.jpg,https://americanarchive.org/catalog/cpb-aacip-09c99fe2555,00:53:32.876
cpb-aacip-09c99fe2555_03562225_03249016_03249012.jpg,https://americanarchive.org/catalog/cpb-aacip-09c99fe2555,00:54:09.012
cpb-aacip-09c99fe2555_03562225_03270270_03270267.jpg,https://americanarchive.org/catalog/cpb-aacip-09c99fe2555,00:54:30.267
cpb-aacip-09c99fe2555_03562225_03327628_03327624.jpg,https://americanarchive.org/catalog/cpb-aacip-09c99fe2555,00:55:27.624
cpb-aacip-0e77d6c31d0_01950181_00148282_00148281.jpg,https://americanarchive.org/catalog/cpb-aacip-0e77d6c31d0,00:02:28.281
cpb-aacip-0e77d6c31d0_01950181_00212880_00212879.jpg,https://americanarchive.org/catalog/cpb-aacip-0e77d6c31d0,00:03:32.879
cpb-aacip-0e77d6c31d0_01950181_00243377_00243376.jpg,https://americanarchive.org/catalog/cpb-aacip-0e77d6c31d0,00:04:03.376
cpb-aacip-0e77d6c31d0_01950181_00376143_00376142.jpg,https://americanarchive.org/catalog/cpb-aacip-0e77d6c31d0,00:06:16.142
cpb-aacip-0e77d6c31d0_01950181_00505005_00505004.jpg,https://americanarchive.org/catalog/cpb-aacip-0e77d6c31d0,00:08:25.004
cpb-aacip-0e77d6c31d0_01950181_00805138_00805137.jpg,https://americanarchive.org/catalog/cpb-aacip-0e77d6c31d0,00:13:25.137
cpb-aacip-0e77d6c31d0_01950181_00987020_00987019.jpg,https://americanarchive.org/catalog/cpb-aacip-0e77d6c31d0,00:16:27.019
cpb-aacip-0e77d6c31d0_01950181_01323891_01323889.jpg,https://americanarchive.org/catalog/cpb-aacip-0e77d6c31d0,00:22:03.889
cpb-aacip-0e77d6c31d0_01950181_01407407_01407406.jpg,https://americanarchive.org/catalog/cpb-aacip-0e77d6c31d0,00:23:27.406
cpb-aacip-0e77d6c31d0_01950181_01651652_01651650.jpg,https://americanarchive.org/catalog/cpb-aacip-0e77d6c31d0,00:27:31.650
cpb-aacip-15-dn3zs2kg63_03525588_00225626_00225625.jpg,https://americanarchive.org/catalog/cpb-aacip-15-dn3zs2kg63,00:03:45.625
cpb-aacip-15-dn3zs2kg63_03525588_00570637_00570636.jpg,https://americanarchive.org/catalog/cpb-aacip-15-dn3zs2kg63,00:09:30.636
cpb-aacip-15-dn3zs2kg63_03525588_00637137_00637136.jpg,https://americanarchive.org/catalog/cpb-aacip-15-dn3zs2kg63,00:10:37.136
cpb-aacip-15-dn3zs2kg63_03525588_00935402_00935401.jpg,https://americanarchive.org/catalog/cpb-aacip-15-dn3zs2kg63,00:15:35.401
cpb-aacip-15-dn3zs2kg63_03525588_01018752_01018751.jpg,https://americanarchive.org/catalog/cpb-aacip-15-dn3zs2kg63,00:16:58.751
cpb-aacip-15-dn3zs2kg63_03525588_01043777_01043776.jpg,https://americanarchive.org/catalog/cpb-aacip-15-dn3zs2kg63,00:17:23.776
cpb-aacip-15-dn3zs2kg63_03525588_01415148_01415147.jpg,https://americanarchive.org/catalog/cpb-aacip-15-dn3zs2kg63,00:23:35.147
cpb-aacip-15-dn3zs2kg63_03525588_01518385_01518383.jpg,https://americanarchive.org/catalog/cpb-aacip-15-dn3zs2kg63,00:25:18.383
cpb-aacip-15-dn3zs2kg63_03525588_01623156_01623154.jpg,https://americanarchive.org/catalog/cpb-aacip-15-dn3zs2kg63,00:27:03.154
cpb-aacip-15-dn3zs2kg63_03525588_01775275_01775273.jpg,https://americanarchive.org/catalog/cpb-aacip-15-dn3zs2kg63,00:29:35.273
cpb-aacip-15-dn3zs2kg63_03525588_01982149_01982146.jpg,https://americanarchive.org/catalog/cpb-aacip-15-dn3zs2kg63,00:33:02.146
cpb-aacip-15-dn3zs2kg63_03525588_02233400_02233397.jpg,https://americanarchive.org/catalog/cpb-aacip-15-dn3zs2kg63,00:37:13.397
cpb-aacip-15-dn3zs2kg63_03525588_02267134_02267131.jpg,https://americanarchive.org/catalog/cpb-aacip-15-dn3zs2kg63,00:37:47.131
cpb-aacip-15-dn3zs2kg63_03525588_02329630_02329627.jpg,https://americanarchive.org/catalog/cpb-aacip-15-dn3zs2kg63,00:38:49.627
cpb-aacip-15-dn3zs2kg63_03525588_02656023_02656020.jpg,https://americanarchive.org/catalog/cpb-aacip-15-dn3zs2kg63,00:44:16.020
cpb-aacip-15-dn3zs2kg63_03525588_02737771_02737768.jpg,https://americanarchive.org/catalog/cpb-aacip-15-dn3zs2kg63,00:45:37.768
cpb-aacip-15-dn3zs2kg63_03525588_02877778_02877774.jpg,https://americanarchive.org/catalog/cpb-aacip-15-dn3zs2kg63,00:47:57.774
cpb-aacip-15-dn3zs2kg63_03525588_03106406_03106403.jpg,https://americanarchive.org/catalog/cpb-aacip-15-dn3zs2kg63,00:51:46.403
cpb-aacip-15-dn3zs2kg63_03525588_03219152_03219149.jpg,https://americanarchive.org/catalog/cpb-aacip-15-dn3zs2kg63,00:53:39.149
cpb-aacip-15-dn3zs2kg63_03525588_03453520_03453516.jpg,https://americanarchive.org/catalog/cpb-aacip-15-dn3zs2kg63,00:57:33.516
cpb-aacip-153-17qnkc3t_03544974_00138138_00138138.jpg,https://americanarchive.org/catalog/cpb-aacip-153-17qnkc3t,00:02:18.138
cpb-aacip-153-17qnkc3t_03544974_00161395_00161394.jpg,https://americanarchive.org/catalog/cpb-aacip-153-17qnkc3t,00:02:41.394
cpb-aacip-153-17qnkc3t_03544974_00310377_00310376.jpg,https://americanarchive.org/catalog/cpb-aacip-153-17qnkc3t,00:05:10.376
cpb-aacip-153-17qnkc3t_03544974_00342643_00342642.jpg,https://americanarchive.org/catalog/cpb-aacip-153-17qnkc3t,00:05:42.642
cpb-aacip-153-17qnkc3t_03544974_00423657_00423656.jpg,https://americanarchive.org/catalog/cpb-aacip-153-17qnkc3t,00:07:03.656
cpb-aacip-153-17qnkc3t_03544974_00470404_00470403.jpg,https://americanarchive.org/catalog/cpb-aacip-153-17qnkc3t,00:07:50.403
cpb-aacip-153-17qnkc3t_03544974_00618018_00618017.jpg,https://americanarchive.org/catalog/cpb-aacip-153-17qnkc3t,00:10:18.017
cpb-aacip-153-17qnkc3t_03544974_00762529_00762528.jpg,https://americanarchive.org/catalog/cpb-aacip-153-17qnkc3t,00:12:42.528
cpb-aacip-153-17qnkc3t_03544974_00957391_00957389.jpg,https://americanarchive.org/catalog/cpb-aacip-153-17qnkc3t,00:15:57.389
cpb-aacip-153-17qnkc3t_03544974_01855756_01855753.jpg,https://americanarchive.org/catalog/cpb-aacip-153-17qnkc3t,00:30:55.753
cpb-aacip-153-17qnkc3t_03544974_01889656_01889654.jpg,https://americanarchive.org/catalog/cpb-aacip-153-17qnkc3t,00:31:29.654
cpb-aacip-153-17qnkc3t_03544974_01909276_01909274.jpg,https://americanarchive.org/catalog/cpb-aacip-153-17qnkc3t,00:31:49.274
cpb-aacip-153-17qnkc3t_03544974_02559626_02559623.jpg,https://americanarchive.org/catalog/cpb-aacip-153-17qnkc3t,00:42:39.623
cpb-aacip-153-17qnkc3t_03544974_02600901_02600898.jpg,https://americanarchive.org/catalog/cpb-aacip-153-17qnkc3t,00:43:20.898
cpb-aacip-153-17qnkc3t_03544974_02623891_02623887.jpg,https://americanarchive.org/catalog/cpb-aacip-153-17qnkc3t,00:43:43.887
cpb-aacip-153-17qnkc3t_03544974_02722256_02722252.jpg,https://americanarchive.org/catalog/cpb-aacip-153-17qnkc3t,00:45:22.252
cpb-aacip-153-17qnkc3t_03544974_02835636_02835632.jpg,https://americanarchive.org/catalog/cpb-aacip-153-17qnkc3t,00:47:15.632
cpb-aacip-153-17qnkc3t_03544974_02919152_02919149.jpg,https://americanarchive.org/catalog/cpb-aacip-153-17qnkc3t,00:48:39.149
cpb-aacip-153-17qnkc3t_03544974_02980514_02980510.jpg,https://americanarchive.org/catalog/cpb-aacip-153-17qnkc3t,00:49:40.510
cpb-aacip-153-17qnkc3t_03544974_03254521_03254517.jpg,https://americanarchive.org/catalog/cpb-aacip-153-17qnkc3t,00:54:14.517
cpb-aacip-153-17qnkc3t_03544974_03279780_03279776.jpg,https://americanarchive.org/catalog/cpb-aacip-153-17qnkc3t,00:54:39.776
cpb-aacip-153-48ffbpfc_03552048_00196763_00196763.jpg,https://americanarchive.org/catalog/cpb-aacip-153-48ffbpfc,00:03:16.763
cpb-aacip-153-48ffbpfc_03552048_00291158_00291157.jpg,https://americanarchive.org/catalog/cpb-aacip-153-48ffbpfc,00:04:51.157
cpb-aacip-153-48ffbpfc_03552048_00346780_00346779.jpg,https://americanarchive.org/catalog/cpb-aacip-153-48ffbpfc,00:05:46.779
cpb-aacip-153-48ffbpfc_03552048_00368135_00368134.jpg,https://americanarchive.org/catalog/cpb-aacip-153-48ffbpfc,00:06:08.134
cpb-aacip-153-48ffbpfc_03552048_00394394_00394394.jpg,https://americanarchive.org/catalog/cpb-aacip-153-48ffbpfc,00:06:34.394
cpb-aacip-153-48ffbpfc_03552048_00569403_00569402.jpg,https://americanarchive.org/catalog/cpb-aacip-153-48ffbpfc,00:09:29.402
cpb-aacip-153-48ffbpfc_03552048_00621889_00621887.jpg,https://americanarchive.org/catalog/cpb-aacip-153-48ffbpfc,00:10:21.887
cpb-aacip-153-48ffbpfc_03552048_00808008_00808007.jpg,https://americanarchive.org/catalog/cpb-aacip-153-48ffbpfc,00:13:28.007
cpb-aacip-153-48ffbpfc_03552048_01122523_01122521.jpg,https://americanarchive.org/catalog/cpb-aacip-153-48ffbpfc,00:18:42.521
cpb-aacip-153-48ffbpfc_03552048_01135002_01135000.jpg,https://americanarchive.org/catalog/cpb-aacip-153-48ffbpfc,00:18:55.000
cpb-aacip-153-48ffbpfc_03552048_01189389_01189388.jpg,https://americanarchive.org/catalog/cpb-aacip-153-48ffbpfc,00:19:49.388
cpb-aacip-153-48ffbpfc_03552048_01502002_01502000.jpg,https://americanarchive.org/catalog/cpb-aacip-153-48ffbpfc,00:25:02.000
cpb-aacip-153-48ffbpfc_03552048_01552019_01552017.jpg,https://americanarchive.org/catalog/cpb-aacip-153-48ffbpfc,00:25:52.017
cpb-aacip-153-48ffbpfc_03552048_01554388_01554386.jpg,https://americanarchive.org/catalog/cpb-aacip-153-48ffbpfc,00:25:54.386
cpb-aacip-153-48ffbpfc_03552048_01752152_01752150.jpg,https://americanarchive.org/catalog/cpb-aacip-153-48ffbpfc,00:29:12.150
cpb-aacip-153-48ffbpfc_03552048_01776009_01776007.jpg,https://americanarchive.org/catalog/cpb-aacip-153-48ffbpfc,00:29:36.007
cpb-aacip-153-48ffbpfc_03552048_01783650_01783648.jpg,https://americanarchive.org/catalog/cpb-aacip-153-48ffbpfc,00:29:43.648
cpb-aacip-153-48ffbpfc_03552048_01821522_01821519.jpg,https://americanarchive.org/catalog/cpb-aacip-153-48ffbpfc,00:30:21.519
cpb-aacip-153-48ffbpfc_03552048_03125125_03125122.jpg,https://americanarchive.org/catalog/cpb-aacip-153-48ffbpfc,00:52:05.122
cpb-aacip-153-601zd1tf_01661993_00101134_00101134.jpg,https://americanarchive.org/catalog/cpb-aacip-153-601zd1tf,00:01:41.134
cpb-aacip-153-601zd1tf_01661993_00770003_00770002.jpg,https://americanarchive.org/catalog/cpb-aacip-153-601zd1tf,00:12:50.002
cpb-aacip-153-601zd1tf_01661993_00884885_00884884.jpg,https://americanarchive.org/catalog/cpb-aacip-153-601zd1tf,00:14:44.884
cpb-aacip-153-601zd1tf_01661993_01012379_01012378.jpg,https://americanarchive.org/catalog/cpb-aacip-153-601zd1tf,00:16:52.378
cpb-aacip-153-601zd1tf_01661993_01255255_01255254.jpg,https://americanarchive.org/catalog/cpb-aacip-153-601zd1tf,00:20:55.254
cpb-aacip-153-601zd1tf_01661993_01357391_01357389.jpg,https://americanarchive.org/catalog/cpb-aacip-153-601zd1tf,00:22:37.389
cpb-aacip-153-601zd1tf_01661993_01371405_01371403.jpg,https://americanarchive.org/catalog/cpb-aacip-153-601zd1tf,00:22:51.403
cpb-aacip-153-601zd1tf_01661993_01382015_01382013.jpg,https://americanarchive.org/catalog/cpb-aacip-153-601zd1tf,00:23:02.013
cpb-aacip-153-719kdd0k_01760492_00157024_00157023.jpg,https://americanarchive.org/catalog/cpb-aacip-153-719kdd0k,00:02:37.023
cpb-aacip-153-719kdd0k_01760492_00343644_00343643.jpg,https://americanarchive.org/catalog/cpb-aacip-153-719kdd0k,00:05:43.643
cpb-aacip-153-719kdd0k_01760492_00391258_00391257.jpg,https://americanarchive.org/catalog/cpb-aacip-153-719kdd0k,00:06:31.257
cpb-aacip-153-719kdd0k_01760492_00462629_00462628.jpg,https://americanarchive.org/catalog/cpb-aacip-153-719kdd0k,00:07:42.628
cpb-aacip-153-719kdd0k_01760492_00469770_00469769.jpg,https://americanarchive.org/catalog/cpb-aacip-153-719kdd0k,00:07:49.769
cpb-aacip-153-719kdd0k_01760492_00769636_00769635.jpg,https://americanarchive.org/catalog/cpb-aacip-153-719kdd0k,00:12:49.635
cpb-aacip-153-719kdd0k_01760492_00790757_00790756.jpg,https://americanarchive.org/catalog/cpb-aacip-153-719kdd0k,00:13:10.756
cpb-aacip-153-719kdd0k_01760492_01318018_01318016.jpg,https://americanarchive.org/catalog/cpb-aacip-153-719kdd0k,00:21:58.016
cpb-aacip-153-87pnw7q1_03562225_00021889_00021888.jpg,https://americanarchive.org/catalog/cpb-aacip-153-87pnw7q1,00:00:21.888
cpb-aacip-153-87pnw7q1_03562225_00114147_00114147.jpg,https://americanarchive.org/catalog/cpb-aacip-153-87pnw7q1,00:01:54.147
cpb-aacip-153-87pnw7q1_03562225_00226627_00226626.jpg,https://americanarchive.org/catalog/cpb-aacip-153-87pnw7q1,00:03:46.626
cpb-aacip-153-87pnw7q1_03562225_00294761_00294761.jpg,https://americanarchive.org/catalog/cpb-aacip-153-87pnw7q1,00:04:54.761
cpb-aacip-153-87pnw7q1_03562225_00351752_00351751.jpg,https://americanarchive.org/catalog/cpb-aacip-153-87pnw7q1,00:05:51.751
cpb-aacip-153-87pnw7q1_03562225_00442276_00442275.jpg,https://americanarchive.org/catalog/cpb-aacip-153-87pnw7q1,00:07:22.275
cpb-aacip-153-87pnw7q1_03562225_00527394_00527393.jpg,https://americanarchive.org/catalog/cpb-aacip-153-87pnw7q1,00:08:47.393
cpb-aacip-153-87pnw7q1_03562225_00641508_00641507.jpg,https://americanarchive.org/catalog/cpb-aacip-153-87pnw7q1,00:10:41.507
cpb-aacip-153-87pnw7q1_03562225_00705639_00705638.jpg,https://americanarchive.org/catalog/cpb-aacip-153-87pnw7q1,00:11:45.638
cpb-aacip-153-87pnw7q1_03562225_00879379_00879378.jpg,https://americanarchive.org/catalog/cpb-aacip-153-87pnw7q1,00:14:39.378
cpb-aacip-153-87pnw7q1_03562225_00905506_00905504.jpg,https://americanarchive.org/catalog/cpb-aacip-153-87pnw7q1,00:15:05.504
cpb-aacip-153-87pnw7q1_03562225_01084384_01084383.jpg,https://americanarchive.org/catalog/cpb-aacip-153-87pnw7q1,00:18:04.383
cpb-aacip-153-87pnw7q1_03562225_01381281_01381279.jpg,https://americanarchive.org/catalog/cpb-aacip-153-87pnw7q1,00:23:01.279
cpb-aacip-153-87pnw7q1_03562225_01572906_01572904.jpg,https://americanarchive.org/catalog/cpb-aacip-153-87pnw7q1,00:26:12.904
cpb-aacip-153-87pnw7q1_03562225_01681648_01681646.jpg,https://americanarchive.org/catalog/cpb-aacip-153-87pnw7q1,00:28:01.646
cpb-aacip-153-87pnw7q1_03562225_01852152_01852150.jpg,https://americanarchive.org/catalog/cpb-aacip-153-87pnw7q1,00:30:52.150
cpb-aacip-153-87pnw7q1_03562225_02113280_02113277.jpg,https://americanarchive.org/catalog/cpb-aacip-153-87pnw7q1,00:35:13.277
cpb-aacip-153-87pnw7q1_03562225_02247281_02247278.jpg,https://americanarchive.org/catalog/cpb-aacip-153-87pnw7q1,00:37:27.278
cpb-aacip-153-87pnw7q1_03562225_02422155_02422153.jpg,https://americanarchive.org/catalog/cpb-aacip-153-87pnw7q1,00:40:22.153
cpb-aacip-153-87pnw7q1_03562225_02545145_02545142.jpg,https://americanarchive.org/catalog/cpb-aacip-153-87pnw7q1,00:42:25.142
cpb-aacip-153-87pnw7q1_03562225_02587254_02587251.jpg,https://americanarchive.org/catalog/cpb-aacip-153-87pnw7q1,00:43:07.251
cpb-aacip-153-87pnw7q1_03562225_02865532_02865529.jpg,https://americanarchive.org/catalog/cpb-aacip-153-87pnw7q1,00:47:45.529
cpb-aacip-153-87pnw7q1_03562225_03274141_03274137.jpg,https://americanarchive.org/catalog/cpb-aacip-153-87pnw7q1,00:54:34.137
cpb-aacip-153-87pnw7q1_03562225_03359026_03359022.jpg,https://americanarchive.org/catalog/cpb-aacip-153-87pnw7q1,00:55:59.022
cpb-aacip-17-601zdp0b_01699998_00153887_00153887.jpg,https://americanarchive.org/catalog/cpb-aacip-17-601zdp0b,00:02:33.887
cpb-aacip-17-601zdp0b_01699998_00258759_00258758.jpg,https://americanarchive.org/catalog/cpb-aacip-17-601zdp0b,00:04:18.758
cpb-aacip-17-601zdp0b_01699998_00501902_00501901.jpg,https://americanarchive.org/catalog/cpb-aacip-17-601zdp0b,00:08:21.901
cpb-aacip-17-601zdp0b_01699998_00933500_00933499.jpg,https://americanarchive.org/catalog/cpb-aacip-17-601zdp0b,00:15:33.499
cpb-aacip-17-601zdp0b_01699998_01424658_01424656.jpg,https://americanarchive.org/catalog/cpb-aacip-17-601zdp0b,00:23:44.656
cpb-aacip-189-27mpg71z_01804969_00076643_00076643.jpg,https://americanarchive.org/catalog/cpb-aacip-189-27mpg71z,00:01:16.643
cpb-aacip-189-27mpg71z_01804969_00316149_00316149.jpg,https://americanarchive.org/catalog/cpb-aacip-189-27mpg71z,00:05:16.149
cpb-aacip-189-27mpg71z_01804969_00586019_00586018.jpg,https://americanarchive.org/catalog/cpb-aacip-189-27mpg71z,00:09:46.018
cpb-aacip-189-27mpg71z_01804969_00963897_00963896.jpg,https://americanarchive.org/catalog/cpb-aacip-189-27mpg71z,00:16:03.896
cpb-aacip-189-27mpg71z_01804969_01127027_01127025.jpg,https://americanarchive.org/catalog/cpb-aacip-189-27mpg71z,00:18:47.025
cpb-aacip-189-27mpg71z_01804969_01274641_01274640.jpg,https://americanarchive.org/catalog/cpb-aacip-189-27mpg71z,00:21:14.640
cpb-aacip-189-27mpg71z_01804969_01389256_01389254.jpg,https://americanarchive.org/catalog/cpb-aacip-189-27mpg71z,00:23:09.254
cpb-aacip-189-27mpg71z_01804969_01483517_01483515.jpg,https://americanarchive.org/catalog/cpb-aacip-189-27mpg71z,00:24:43.515
cpb-aacip-189-27mpg71z_01804969_01644645_01644643.jpg,https://americanarchive.org/catalog/cpb-aacip-189-27mpg71z,00:27:24.643
cpb-aacip-1b2c0a55d1a_07455014_00061028_00061027.jpg,https://americanarchive.org/catalog/cpb-aacip-1b2c0a55d1a,00:01:01.027
cpb-aacip-1b2c0a55d1a_07455014_00098398_00098398.jpg,https://americanarchive.org/catalog/cpb-aacip-1b2c0a55d1a,00:01:38.398
cpb-aacip-1b2c0a55d1a_07455014_00214147_00214147.jpg,https://americanarchive.org/catalog/cpb-aacip-1b2c0a55d1a,00:03:34.147
cpb-aacip-1b2c0a55d1a_07455014_00460527_00460526.jpg,https://americanarchive.org/catalog/cpb-aacip-1b2c0a55d1a,00:07:40.526
cpb-aacip-1b2c0a55d1a_07455014_00861395_00861393.jpg,https://americanarchive.org/catalog/cpb-aacip-1b2c0a55d1a,00:14:21.393
cpb-aacip-1b2c0a55d1a_07455014_01101902_01101900.jpg,https://americanarchive.org/catalog/cpb-aacip-1b2c0a55d1a,00:18:21.900
cpb-aacip-1b2c0a55d1a_07455014_01218151_01218150.jpg,https://americanarchive.org/catalog/cpb-aacip-1b2c0a55d1a,00:20:18.150
cpb-aacip-1b2c0a55d1a_07455014_01822890_01822887.jpg,https://americanarchive.org/catalog/cpb-aacip-1b2c0a55d1a,00:30:22.887
cpb-aacip-1b2c0a55d1a_07455014_01903904_01903902.jpg,https://americanarchive.org/catalog/cpb-aacip-1b2c0a55d1a,00:31:43.902
cpb-aacip-1b2c0a55d1a_07455014_02125893_02125890.jpg,https://americanarchive.org/catalog/cpb-aacip-1b2c0a55d1a,00:35:25.890
cpb-aacip-1b2c0a55d1a_07455014_02494027_02494024.jpg,https://americanarchive.org/catalog/cpb-aacip-1b2c0a55d1a,00:41:34.024
cpb-aacip-1b2c0a55d1a_07455014_02618752_02618749.jpg,https://americanarchive.org/catalog/cpb-aacip-1b2c0a55d1a,00:43:38.749
cpb-aacip-1b2c0a55d1a_07455014_02675509_02675506.jpg,https://americanarchive.org/catalog/cpb-aacip-1b2c0a55d1a,00:44:35.506
cpb-aacip-1b2c0a55d1a_07455014_02841008_02841004.jpg,https://americanarchive.org/catalog/cpb-aacip-1b2c0a55d1a,00:47:21.004
cpb-aacip-1b2c0a55d1a_07455014_02875642_02875639.jpg,https://americanarchive.org/catalog/cpb-aacip-1b2c0a55d1a,00:47:55.639
cpb-aacip-1b2c0a55d1a_07455014_03267634_03267631.jpg,https://americanarchive.org/catalog/cpb-aacip-1b2c0a55d1a,00:54:27.631
cpb-aacip-1b2c0a55d1a_07455014_03312513_03312509.jpg,https://americanarchive.org/catalog/cpb-aacip-1b2c0a55d1a,00:55:12.509
cpb-aacip-1d64671922f_01789888_00053520_00053520.jpg,https://americanarchive.org/catalog/cpb-aacip-1d64671922f,00:00:53.520
cpb-aacip-1d64671922f_01789888_00102402_00102402.jpg,https://americanarchive.org/catalog/cpb-aacip-1d64671922f,00:01:42.402
cpb-aacip-1d64671922f_01789888_00134001_00134000.jpg,https://americanarchive.org/catalog/cpb-aacip-1d64671922f,00:02:14.000
cpb-aacip-1d64671922f_01789888_00191258_00191257.jpg,https://americanarchive.org/catalog/cpb-aacip-1d64671922f,00:03:11.257
cpb-aacip-1d64671922f_01789888_00248649_00248648.jpg,https://americanarchive.org/catalog/cpb-aacip-1d64671922f,00:04:08.648
cpb-aacip-1d64671922f_01789888_00316283_00316282.jpg,https://americanarchive.org/catalog/cpb-aacip-1d64671922f,00:05:16.282
cpb-aacip-1d64671922f_01789888_00432032_00432031.jpg,https://americanarchive.org/catalog/cpb-aacip-1d64671922f,00:07:12.031
cpb-aacip-1d64671922f_01789888_00479379_00479378.jpg,https://americanarchive.org/catalog/cpb-aacip-1d64671922f,00:07:59.378
cpb-aacip-1d64671922f_01789888_00535269_00535268.jpg,https://americanarchive.org/catalog/cpb-aacip-1d64671922f,00:08:55.268
cpb-aacip-1d64671922f_01789888_00650150_00650149.jpg,https://americanarchive.org/catalog/cpb-aacip-1d64671922f,00:10:50.149
cpb-aacip-1d64671922f_01789888_00687254_00687253.jpg,https://americanarchive.org/catalog/cpb-aacip-1d64671922f,00:11:27.253
cpb-aacip-1d64671922f_01789888_00731899_00731897.jpg,https://americanarchive.org/catalog/cpb-aacip-1d64671922f,00:12:11.897
cpb-aacip-1d64671922f_01789888_00862763_00862761.jpg,https://americanarchive.org/catalog/cpb-aacip-1d64671922f,00:14:22.761
cpb-aacip-1d64671922f_01789888_00940407_00940406.jpg,https://americanarchive.org/catalog/cpb-aacip-1d64671922f,00:15:40.406
cpb-aacip-1d64671922f_01789888_01054021_01054019.jpg,https://americanarchive.org/catalog/cpb-aacip-1d64671922f,00:17:34.019
cpb-aacip-1d64671922f_01789888_01087521_01087519.jpg,https://americanarchive.org/catalog/cpb-aacip-1d64671922f,00:18:07.519
cpb-aacip-1d64671922f_01789888_01156390_01156388.jpg,https://americanarchive.org/catalog/cpb-aacip-1d64671922f,00:19:16.388
cpb-aacip-1d64671922f_01789888_01354755_01354753.jpg,https://americanarchive.org/catalog/cpb-aacip-1d64671922f,00:22:34.753
cpb-aacip-1d64671922f_01789888_01386520_01386518.jpg,https://americanarchive.org/catalog/cpb-aacip-1d64671922f,00:23:06.518
cpb-aacip-1d64671922f_01789888_01412513_01412511.jpg,https://americanarchive.org/catalog/cpb-aacip-1d64671922f,00:23:32.511
cpb-aacip-1d64671922f_01789888_01490390_01490388.jpg,https://americanarchive.org/catalog/cpb-aacip-1d64671922f,00:24:50.388
cpb-aacip-1d64671922f_01789888_01508509_01508507.jpg,https://americanarchive.org/catalog/cpb-aacip-1d64671922f,00:25:08.507
cpb-aacip-1d64671922f_01789888_01536003_01536001.jpg,https://americanarchive.org/catalog/cpb-aacip-1d64671922f,00:25:36.001
cpb-aacip-1dd069712df_01764229_00244011_00244010.jpg,https://americanarchive.org/catalog/cpb-aacip-1dd069712df,00:04:04.010
cpb-aacip-1dd069712df_01764229_00301268_00301267.jpg,https://americanarchive.org/catalog/cpb-aacip-1dd069712df,00:05:01.267
cpb-aacip-1dd069712df_01764229_00489256_00489255.jpg,https://americanarchive.org/catalog/cpb-aacip-1dd069712df,00:08:09.255
cpb-aacip-1dd069712df_01764229_00727261_00727259.jpg,https://americanarchive.org/catalog/cpb-aacip-1dd069712df,00:12:07.259
cpb-aacip-1dd069712df_01764229_00851752_00851750.jpg,https://americanarchive.org/catalog/cpb-aacip-1dd069712df,00:14:11.750
cpb-aacip-1dd069712df_01764229_00896263_00896262.jpg,https://americanarchive.org/catalog/cpb-aacip-1dd069712df,00:14:56.262
cpb-aacip-1dd069712df_01764229_00942009_00942007.jpg,https://americanarchive.org/catalog/cpb-aacip-1dd069712df,00:15:42.007
cpb-aacip-1dd069712df_01764229_01014014_01014013.jpg,https://americanarchive.org/catalog/cpb-aacip-1dd069712df,00:16:54.013
cpb-aacip-1dd069712df_01764229_01265265_01265264.jpg,https://americanarchive.org/catalog/cpb-aacip-1dd069712df,00:21:05.264
cpb-aacip-1dd069712df_01764229_01287521_01287519.jpg,https://americanarchive.org/catalog/cpb-aacip-1dd069712df,00:21:27.519
cpb-aacip-1dd069712df_01764229_01449383_01449381.jpg,https://americanarchive.org/catalog/cpb-aacip-1dd069712df,00:24:09.381
cpb-aacip-21ed543b7fa_03813009_00291658_00291658.jpg,https://americanarchive.org/catalog/cpb-aacip-21ed543b7fa,00:04:51.658
cpb-aacip-21ed543b7fa_03813009_00358525_00358524.jpg,https://americanarchive.org/catalog/cpb-aacip-21ed543b7fa,00:05:58.524
cpb-aacip-21ed543b7fa_03813009_00415015_00415014.jpg,https://americanarchive.org/catalog/cpb-aacip-21ed543b7fa,00:06:55.014
cpb-aacip-21ed543b7fa_03813009_00463897_00463896.jpg,https://americanarchive.org/catalog/cpb-aacip-21ed543b7fa,00:07:43.896
cpb-aacip-21ed543b7fa_03813009_00490257_00490256.jpg,https://americanarchive.org/catalog/cpb-aacip-21ed543b7fa,00:08:10.256
cpb-aacip-21ed543b7fa_03813009_00510878_00510877.jpg,https://americanarchive.org/catalog/cpb-aacip-21ed543b7fa,00:08:30.877
cpb-aacip-21ed543b7fa_03813009_00567000_00566999.jpg,https://americanarchive.org/catalog/cpb-aacip-21ed543b7fa,00:09:26.999
cpb-aacip-21ed543b7fa_03813009_00629029_00629028.jpg,https://americanarchive.org/catalog/cpb-aacip-21ed543b7fa,00:10:29.028
cpb-aacip-21ed543b7fa_03813009_00744011_00744009.jpg,https://americanarchive.org/catalog/cpb-aacip-21ed543b7fa,00:12:24.009
cpb-aacip-21ed543b7fa_03813009_00847648_00847646.jpg,https://americanarchive.org/catalog/cpb-aacip-21ed543b7fa,00:14:07.646
cpb-aacip-21ed543b7fa_03813009_00900767_00900766.jpg,https://americanarchive.org/catalog/cpb-aacip-21ed543b7fa,00:15:00.766
cpb-aacip-21ed543b7fa_03813009_00978512_00978510.jpg,https://americanarchive.org/catalog/cpb-aacip-21ed543b7fa,00:16:18.510
cpb-aacip-21ed543b7fa_03813009_01034501_01034500.jpg,https://americanarchive.org/catalog/cpb-aacip-21ed543b7fa,00:17:14.500
cpb-aacip-21ed543b7fa_03813009_01081014_01081013.jpg,https://americanarchive.org/catalog/cpb-aacip-21ed543b7fa,00:18:01.013
cpb-aacip-21ed543b7fa_03813009_01137504_01137503.jpg,https://americanarchive.org/catalog/cpb-aacip-21ed543b7fa,00:18:57.503
cpb-aacip-21ed543b7fa_03813009_01202269_01202267.jpg,https://americanarchive.org/catalog/cpb-aacip-21ed543b7fa,00:20:02.267
cpb-aacip-21ed543b7fa_03813009_01271638_01271637.jpg,https://americanarchive.org/catalog/cpb-aacip-21ed543b7fa,00:21:11.637
cpb-aacip-21ed543b7fa_03813009_01331265_01331263.jpg,https://americanarchive.org/catalog/cpb-aacip-21ed543b7fa,00:22:11.263
cpb-aacip-21ed543b7fa_03813009_01397531_01397529.jpg,https://americanarchive.org/catalog/cpb-aacip-21ed543b7fa,00:23:17.529
cpb-aacip-21ed543b7fa_03813009_01503136_01503134.jpg,https://americanarchive.org/catalog/cpb-aacip-21ed543b7fa,00:25:03.134
cpb-aacip-21ed543b7fa_03813009_01620153_01620151.jpg,https://americanarchive.org/catalog/cpb-aacip-21ed543b7fa,00:27:00.151
cpb-aacip-21ed543b7fa_03813009_01691258_01691256.jpg,https://americanarchive.org/catalog/cpb-aacip-21ed543b7fa,00:28:11.256
cpb-aacip-21ed543b7fa_03813009_01778378_01778376.jpg,https://americanarchive.org/catalog/cpb-aacip-21ed543b7fa,00:29:38.376
cpb-aacip-21ed543b7fa_03813009_01829763_01829761.jpg,https://americanarchive.org/catalog/cpb-aacip-21ed543b7fa,00:30:29.761
cpb-aacip-21ed543b7fa_03813009_01876143_01876140.jpg,https://americanarchive.org/catalog/cpb-aacip-21ed543b7fa,00:31:16.140
cpb-aacip-21ed543b7fa_03813009_02023657_02023654.jpg,https://americanarchive.org/catalog/cpb-aacip-21ed543b7fa,00:33:43.654
cpb-aacip-21ed543b7fa_03813009_02119520_02119517.jpg,https://americanarchive.org/catalog/cpb-aacip-21ed543b7fa,00:35:19.517
cpb-aacip-21ed543b7fa_03813009_02177878_02177875.jpg,https://americanarchive.org/catalog/cpb-aacip-21ed543b7fa,00:36:17.875
cpb-aacip-21ed543b7fa_03813009_02233400_02233397.jpg,https://americanarchive.org/catalog/cpb-aacip-21ed543b7fa,00:37:13.397
cpb-aacip-21ed543b7fa_03813009_02271772_02271769.jpg,https://americanarchive.org/catalog/cpb-aacip-21ed543b7fa,00:37:51.769
cpb-aacip-21ed543b7fa_03813009_02341875_02341872.jpg,https://americanarchive.org/catalog/cpb-aacip-21ed543b7fa,00:39:01.872
cpb-aacip-21ed543b7fa_03813009_02440908_02440905.jpg,https://americanarchive.org/catalog/cpb-aacip-21ed543b7fa,00:40:40.905
cpb-aacip-21ed543b7fa_03813009_02590524_02590521.jpg,https://americanarchive.org/catalog/cpb-aacip-21ed543b7fa,00:43:10.521
cpb-aacip-21ed543b7fa_03813009_02623023_02623020.jpg,https://americanarchive.org/catalog/cpb-aacip-21ed543b7fa,00:43:43.020
cpb-aacip-21ed543b7fa_03813009_02697264_02697261.jpg,https://americanarchive.org/catalog/cpb-aacip-21ed543b7fa,00:44:57.261
cpb-aacip-21ed543b7fa_03813009_02828262_02828258.jpg,https://americanarchive.org/catalog/cpb-aacip-21ed543b7fa,00:47:08.258
cpb-aacip-21ed543b7fa_03813009_02962629_02962626.jpg,https://americanarchive.org/catalog/cpb-aacip-21ed543b7fa,00:49:22.626
cpb-aacip-21ed543b7fa_03813009_03011879_03011875.jpg,https://americanarchive.org/catalog/cpb-aacip-21ed543b7fa,00:50:11.875
cpb-aacip-21ed543b7fa_03813009_03029263_03029259.jpg,https://americanarchive.org/catalog/cpb-aacip-21ed543b7fa,00:50:29.259
cpb-aacip-21ed543b7fa_03813009_03093627_03093623.jpg,https://americanarchive.org/catalog/cpb-aacip-21ed543b7fa,00:51:33.623
cpb-aacip-21ed543b7fa_03813009_03130030_03130026.jpg,https://americanarchive.org/catalog/cpb-aacip-21ed543b7fa,00:52:10.026
cpb-aacip-21ed543b7fa_03813009_03149383_03149379.jpg,https://americanarchive.org/catalog/cpb-aacip-21ed543b7fa,00:52:29.379
cpb-aacip-21ed543b7fa_03813009_03216750_03216746.jpg,https://americanarchive.org/catalog/cpb-aacip-21ed543b7fa,00:53:36.746
cpb-aacip-21ed543b7fa_03813009_03359526_03359522.jpg,https://americanarchive.org/catalog/cpb-aacip-21ed543b7fa,00:55:59.522
cpb-aacip-21ed543b7fa_03813009_03387387_03387384.jpg,https://americanarchive.org/catalog/cpb-aacip-21ed543b7fa,00:56:27.384
cpb-aacip-21ed543b7fa_03813009_03438138_03438134.jpg,https://americanarchive.org/catalog/cpb-aacip-21ed543b7fa,00:57:18.134
cpb-aacip-21ed543b7fa_03813009_03529029_03529025.jpg,https://americanarchive.org/catalog/cpb-aacip-21ed543b7fa,00:58:49.025
cpb-aacip-221-11kh1frk_01728993_00116750_00116749.jpg,https://americanarchive.org/catalog/cpb-aacip-221-11kh1frk,00:01:56.749
cpb-aacip-221-11kh1frk_01728993_00128395_00128394.jpg,https://americanarchive.org/catalog/cpb-aacip-221-11kh1frk,00:02:08.394
cpb-aacip-221-11kh1frk_01728993_00150250_00150250.jpg,https://americanarchive.org/catalog/cpb-aacip-221-11kh1frk,00:02:30.250
cpb-aacip-221-11kh1frk_01728993_00168135_00168134.jpg,https://americanarchive.org/catalog/cpb-aacip-221-11kh1frk,00:02:48.134
cpb-aacip-221-11kh1frk_01728993_00231632_00231631.jpg,https://americanarchive.org/catalog/cpb-aacip-221-11kh1frk,00:03:51.631
cpb-aacip-221-11kh1frk_01728993_00287521_00287520.jpg,https://americanarchive.org/catalog/cpb-aacip-221-11kh1frk,00:04:47.520
cpb-aacip-221-11kh1frk_01728993_00368902_00368901.jpg,https://americanarchive.org/catalog/cpb-aacip-221-11kh1frk,00:06:08.901
cpb-aacip-221-11kh1frk_01728993_00405639_00405638.jpg,https://americanarchive.org/catalog/cpb-aacip-221-11kh1frk,00:06:45.638
cpb-aacip-221-11kh1frk_01728993_00514515_00514514.jpg,https://americanarchive.org/catalog/cpb-aacip-221-11kh1frk,00:08:34.514
cpb-aacip-221-11kh1frk_01728993_00638639_00638638.jpg,https://americanarchive.org/catalog/cpb-aacip-221-11kh1frk,00:10:38.638
cpb-aacip-221-11kh1frk_01728993_00809276_00809275.jpg,https://americanarchive.org/catalog/cpb-aacip-221-11kh1frk,00:13:29.275
cpb-aacip-221-11kh1frk_01728993_00921255_00921253.jpg,https://americanarchive.org/catalog/cpb-aacip-221-11kh1frk,00:15:21.253
cpb-aacip-221-11kh1frk_01728993_01383383_01383382.jpg,https://americanarchive.org/catalog/cpb-aacip-221-11kh1frk,00:23:03.382
cpb-aacip-221-11kh1frk_01728993_01461128_01461126.jpg,https://americanarchive.org/catalog/cpb-aacip-221-11kh1frk,00:24:21.126
cpb-aacip-221-11kh1frk_01728993_01519019_01519017.jpg,https://americanarchive.org/catalog/cpb-aacip-221-11kh1frk,00:25:19.017
cpb-aacip-221-11xd2bjt_01736334_00086019_00086019.jpg,https://americanarchive.org/catalog/cpb-aacip-221-11xd2bjt,00:01:26.019
cpb-aacip-221-11xd2bjt_01736334_00107908_00107907.jpg,https://americanarchive.org/catalog/cpb-aacip-221-11xd2bjt,00:01:47.907
cpb-aacip-221-11xd2bjt_01736334_00128128_00128127.jpg,https://americanarchive.org/catalog/cpb-aacip-221-11xd2bjt,00:02:08.127
cpb-aacip-221-11xd2bjt_01736334_00614281_00614280.jpg,https://americanarchive.org/catalog/cpb-aacip-221-11xd2bjt,00:10:14.280
cpb-aacip-221-11xd2bjt_01736334_00661628_00661627.jpg,https://americanarchive.org/catalog/cpb-aacip-221-11xd2bjt,00:11:01.627
cpb-aacip-221-11xd2bjt_01736334_01006507_01006505.jpg,https://americanarchive.org/catalog/cpb-aacip-221-11xd2bjt,00:16:46.505
cpb-aacip-221-11xd2bjt_01736334_01068135_01068133.jpg,https://americanarchive.org/catalog/cpb-aacip-221-11xd2bjt,00:17:48.133
cpb-aacip-221-11xd2bjt_01736334_01101502_01101500.jpg,https://americanarchive.org/catalog/cpb-aacip-221-11xd2bjt,00:18:21.500
cpb-aacip-221-19f4qz12_03515979_00158892_00158892.jpg,https://americanarchive.org/catalog/cpb-aacip-221-19f4qz12,00:02:38.892
cpb-aacip-221-19f4qz12_03515979_00177010_00177010.jpg,https://americanarchive.org/catalog/cpb-aacip-221-19f4qz12,00:02:57.010
cpb-aacip-221-19f4qz12_03515979_00193393_00193393.jpg,https://americanarchive.org/catalog/cpb-aacip-221-19f4qz12,00:03:13.393
cpb-aacip-221-19f4qz12_03515979_00229763_00229762.jpg,https://americanarchive.org/catalog/cpb-aacip-221-19f4qz12,00:03:49.762
cpb-aacip-221-19f4qz12_03515979_01013514_01013512.jpg,https://americanarchive.org/catalog/cpb-aacip-221-19f4qz12,00:16:53.512
cpb-aacip-221-19f4qz12_03515979_01086386_01086385.jpg,https://americanarchive.org/catalog/cpb-aacip-221-19f4qz12,00:18:06.385
cpb-aacip-221-19f4qz12_03515979_01203504_01203502.jpg,https://americanarchive.org/catalog/cpb-aacip-221-19f4qz12,00:20:03.502
cpb-aacip-221-19f4qz12_03515979_01230764_01230762.jpg,https://americanarchive.org/catalog/cpb-aacip-221-19f4qz12,00:20:30.762
cpb-aacip-221-19f4qz12_03515979_01267267_01267266.jpg,https://americanarchive.org/catalog/cpb-aacip-221-19f4qz12,00:21:07.266
cpb-aacip-221-19f4qz12_03515979_01286386_01286385.jpg,https://americanarchive.org/catalog/cpb-aacip-221-19f4qz12,00:21:26.385
cpb-aacip-221-19f4qz12_03515979_01376877_01376875.jpg,https://americanarchive.org/catalog/cpb-aacip-221-19f4qz12,00:22:56.875
cpb-aacip-221-19f4qz12_03515979_01809510_01809507.jpg,https://americanarchive.org/catalog/cpb-aacip-221-19f4qz12,00:30:09.507
cpb-aacip-221-19f4qz12_03515979_01984751_01984749.jpg,https://americanarchive.org/catalog/cpb-aacip-221-19f4qz12,00:33:04.749
cpb-aacip-221-19f4qz12_03515979_02073006_02073004.jpg,https://americanarchive.org/catalog/cpb-aacip-221-19f4qz12,00:34:33.004
cpb-aacip-221-19f4qz12_03515979_02099533_02099530.jpg,https://americanarchive.org/catalog/cpb-aacip-221-19f4qz12,00:34:59.530
cpb-aacip-221-19f4qz12_03515979_02278011_02278009.jpg,https://americanarchive.org/catalog/cpb-aacip-221-19f4qz12,00:37:58.009
cpb-aacip-221-19f4qz12_03515979_02334635_02334632.jpg,https://americanarchive.org/catalog/cpb-aacip-221-19f4qz12,00:38:54.632
cpb-aacip-221-19f4qz12_03515979_02478011_02478008.jpg,https://americanarchive.org/catalog/cpb-aacip-221-19f4qz12,00:41:18.008
cpb-aacip-221-19f4qz12_03515979_02677377_02677374.jpg,https://americanarchive.org/catalog/cpb-aacip-221-19f4qz12,00:44:37.374
cpb-aacip-221-19f4qz12_03515979_02715148_02715145.jpg,https://americanarchive.org/catalog/cpb-aacip-221-19f4qz12,00:45:15.145
cpb-aacip-221-19f4qz12_03515979_02850884_02850881.jpg,https://americanarchive.org/catalog/cpb-aacip-221-19f4qz12,00:47:30.881
cpb-aacip-221-19f4qz12_03515979_02967768_02967764.jpg,https://americanarchive.org/catalog/cpb-aacip-221-19f4qz12,00:49:27.764
cpb-aacip-221-19f4qz12_03515979_03017751_03017748.jpg,https://americanarchive.org/catalog/cpb-aacip-221-19f4qz12,00:50:17.748
cpb-aacip-221-19f4qz12_03515979_03122890_03122886.jpg,https://americanarchive.org/catalog/cpb-aacip-221-19f4qz12,00:52:02.886
cpb-aacip-221-41mgqxdm_03529092_00107641_00107640.jpg,https://americanarchive.org/catalog/cpb-aacip-221-41mgqxdm,00:01:47.640
cpb-aacip-221-41mgqxdm_03529092_00135135_00135135.jpg,https://americanarchive.org/catalog/cpb-aacip-221-41mgqxdm,00:02:15.135
cpb-aacip-221-41mgqxdm_03529092_00248649_00248648.jpg,https://americanarchive.org/catalog/cpb-aacip-221-41mgqxdm,00:04:08.648
cpb-aacip-221-41mgqxdm_03529092_00358759_00358758.jpg,https://americanarchive.org/catalog/cpb-aacip-221-41mgqxdm,00:05:58.758
cpb-aacip-221-41mgqxdm_03529092_00482516_00482515.jpg,https://americanarchive.org/catalog/cpb-aacip-221-41mgqxdm,00:08:02.515
cpb-aacip-221-41mgqxdm_03529092_00607407_00607406.jpg,https://americanarchive.org/catalog/cpb-aacip-221-41mgqxdm,00:10:07.406
cpb-aacip-221-41mgqxdm_03529092_01020387_01020386.jpg,https://americanarchive.org/catalog/cpb-aacip-221-41mgqxdm,00:17:00.386
cpb-aacip-221-41mgqxdm_03529092_01160027_01160025.jpg,https://americanarchive.org/catalog/cpb-aacip-221-41mgqxdm,00:19:20.025
cpb-aacip-221-41mgqxdm_03529092_01568635_01568633.jpg,https://americanarchive.org/catalog/cpb-aacip-221-41mgqxdm,00:26:08.633
cpb-aacip-221-41mgqxdm_03529092_01632633_01632631.jpg,https://americanarchive.org/catalog/cpb-aacip-221-41mgqxdm,00:27:12.631
cpb-aacip-221-41mgqxdm_03529092_02178779_02178776.jpg,https://americanarchive.org/catalog/cpb-aacip-221-41mgqxdm,00:36:18.776
cpb-aacip-221-41mgqxdm_03529092_02213380_02213377.jpg,https://americanarchive.org/catalog/cpb-aacip-221-41mgqxdm,00:36:53.377
cpb-aacip-221-41mgqxdm_03529092_03062529_03062526.jpg,https://americanarchive.org/catalog/cpb-aacip-221-41mgqxdm,00:51:02.526
cpb-aacip-221-41mgqxdm_03529092_03118519_03118515.jpg,https://americanarchive.org/catalog/cpb-aacip-221-41mgqxdm,00:51:58.515
cpb-aacip-221-88qc00qk_01737936_00057257_00057257.jpg,https://americanarchive.org/catalog/cpb-aacip-221-88qc00qk,00:00:57.257
cpb-aacip-221-88qc00qk_01737936_00094895_00094894.jpg,https://americanarchive.org/catalog/cpb-aacip-221-88qc00qk,00:01:34.894
cpb-aacip-221-88qc00qk_01737936_00111278_00111277.jpg,https://americanarchive.org/catalog/cpb-aacip-221-88qc00qk,00:01:51.277
cpb-aacip-221-88qc00qk_01737936_00125893_00125892.jpg,https://americanarchive.org/catalog/cpb-aacip-221-88qc00qk,00:02:05.892
cpb-aacip-221-88qc00qk_01737936_00502002_00502001.jpg,https://americanarchive.org/catalog/cpb-aacip-221-88qc00qk,00:08:22.001
cpb-aacip-221-88qc00qk_01737936_00633901_00633899.jpg,https://americanarchive.org/catalog/cpb-aacip-221-88qc00qk,00:10:33.899
cpb-aacip-221-88qc00qk_01737936_00823023_00823022.jpg,https://americanarchive.org/catalog/cpb-aacip-221-88qc00qk,00:13:43.022
cpb-aacip-221-88qc00qk_01737936_00994761_00994760.jpg,https://americanarchive.org/catalog/cpb-aacip-221-88qc00qk,00:16:34.760
cpb-aacip-221-88qc00qk_01737936_01186019_01186018.jpg,https://americanarchive.org/catalog/cpb-aacip-221-88qc00qk,00:19:46.018
cpb-aacip-221-88qc00qk_01737936_01344645_01344643.jpg,https://americanarchive.org/catalog/cpb-aacip-221-88qc00qk,00:22:24.643
cpb-aacip-221-98z8wqzx_01737235_00191758_00191758.jpg,https://americanarchive.org/catalog/cpb-aacip-221-98z8wqzx,00:03:11.758
cpb-aacip-221-98z8wqzx_01737235_00208275_00208274.jpg,https://americanarchive.org/catalog/cpb-aacip-221-98z8wqzx,00:03:28.274
cpb-aacip-221-98z8wqzx_01737235_00224658_00224657.jpg,https://americanarchive.org/catalog/cpb-aacip-221-98z8wqzx,00:03:44.657
cpb-aacip-221-98z8wqzx_01737235_00246780_00246779.jpg,https://americanarchive.org/catalog/cpb-aacip-221-98z8wqzx,00:04:06.779
cpb-aacip-221-98z8wqzx_01737235_00253654_00253653.jpg,https://americanarchive.org/catalog/cpb-aacip-221-98z8wqzx,00:04:13.653
cpb-aacip-221-98z8wqzx_01737235_00288155_00288154.jpg,https://americanarchive.org/catalog/cpb-aacip-221-98z8wqzx,00:04:48.154
cpb-aacip-221-98z8wqzx_01737235_00337504_00337503.jpg,https://americanarchive.org/catalog/cpb-aacip-221-98z8wqzx,00:05:37.503
cpb-aacip-221-98z8wqzx_01737235_00388889_00388888.jpg,https://americanarchive.org/catalog/cpb-aacip-221-98z8wqzx,00:06:28.888
cpb-aacip-221-98z8wqzx_01737235_00466533_00466532.jpg,https://americanarchive.org/catalog/cpb-aacip-221-98z8wqzx,00:07:46.532
cpb-aacip-221-98z8wqzx_01737235_00543377_00543376.jpg,https://americanarchive.org/catalog/cpb-aacip-221-98z8wqzx,00:09:03.376
cpb-aacip-221-98z8wqzx_01737235_00610010_00610009.jpg,https://americanarchive.org/catalog/cpb-aacip-221-98z8wqzx,00:10:10.009
cpb-aacip-221-98z8wqzx_01737235_01483750_01483748.jpg,https://americanarchive.org/catalog/cpb-aacip-221-98z8wqzx,00:24:43.748
cpb-aacip-221-98z8wqzx_01737235_01510511_01510509.jpg,https://americanarchive.org/catalog/cpb-aacip-221-98z8wqzx,00:25:10.509
cpb-aacip-221-98z8wqzx_01737235_01596630_01596628.jpg,https://americanarchive.org/catalog/cpb-aacip-221-98z8wqzx,00:26:36.628
cpb-aacip-221-98z8wqzx_01737235_01613146_01613144.jpg,https://americanarchive.org/catalog/cpb-aacip-221-98z8wqzx,00:26:53.144
cpb-aacip-221-98z8wqzx_01737235_01636770_01636768.jpg,https://americanarchive.org/catalog/cpb-aacip-221-98z8wqzx,00:27:16.768
cpb-aacip-221-98z8wqzx_01737235_01657157_01657155.jpg,https://americanarchive.org/catalog/cpb-aacip-221-98z8wqzx,00:27:37.155
cpb-aacip-22e3affd8f7_04846074_00079012_00079012.jpg,https://americanarchive.org/catalog/cpb-aacip-22e3affd8f7,00:01:19.012
cpb-aacip-22e3affd8f7_04846074_00178145_00178144.jpg,https://americanarchive.org/catalog/cpb-aacip-22e3affd8f7,00:02:58.144
cpb-aacip-22e3affd8f7_04846074_00302269_00302268.jpg,https://americanarchive.org/catalog/cpb-aacip-22e3affd8f7,00:05:02.268
cpb-aacip-22e3affd8f7_04846074_00572506_00572505.jpg,https://americanarchive.org/catalog/cpb-aacip-22e3affd8f7,00:09:32.505
cpb-aacip-22e3affd8f7_04846074_00640507_00640506.jpg,https://americanarchive.org/catalog/cpb-aacip-22e3affd8f7,00:10:40.506
cpb-aacip-22e3affd8f7_04846074_00730264_00730262.jpg,https://americanarchive.org/catalog/cpb-aacip-22e3affd8f7,00:12:10.262
cpb-aacip-22e3affd8f7_04846074_01063764_01063762.jpg,https://americanarchive.org/catalog/cpb-aacip-22e3affd8f7,00:17:43.762
cpb-aacip-22e3affd8f7_04846074_01170637_01170636.jpg,https://americanarchive.org/catalog/cpb-aacip-22e3affd8f7,00:19:30.636
cpb-aacip-22e3affd8f7_04846074_01221255_01221253.jpg,https://americanarchive.org/catalog/cpb-aacip-22e3affd8f7,00:20:21.253
cpb-aacip-22e3affd8f7_04846074_01277010_01277009.jpg,https://americanarchive.org/catalog/cpb-aacip-22e3affd8f7,00:21:17.009
cpb-aacip-22e3affd8f7_04846074_01504271_01504269.jpg,https://americanarchive.org/catalog/cpb-aacip-22e3affd8f7,00:25:04.269
cpb-aacip-22e3affd8f7_04846074_01547648_01547646.jpg,https://americanarchive.org/catalog/cpb-aacip-22e3affd8f7,00:25:47.646
cpb-aacip-22e3affd8f7_04846074_01593894_01593892.jpg,https://americanarchive.org/catalog/cpb-aacip-22e3affd8f7,00:26:33.892
cpb-aacip-22e3affd8f7_04846074_02362629_02362626.jpg,https://americanarchive.org/catalog/cpb-aacip-22e3affd8f7,00:39:22.626
cpb-aacip-22e3affd8f7_04846074_02438639_02438636.jpg,https://americanarchive.org/catalog/cpb-aacip-22e3affd8f7,00:40:38.636
cpb-aacip-22e3affd8f7_04846074_02508642_02508639.jpg,https://americanarchive.org/catalog/cpb-aacip-22e3affd8f7,00:41:48.639
cpb-aacip-22e3affd8f7_04846074_02587654_02587651.jpg,https://americanarchive.org/catalog/cpb-aacip-22e3affd8f7,00:43:07.651
cpb-aacip-22e3affd8f7_04846074_02619019_02619016.jpg,https://americanarchive.org/catalog/cpb-aacip-22e3affd8f7,00:43:39.016
cpb-aacip-22e3affd8f7_04846074_02761261_02761258.jpg,https://americanarchive.org/catalog/cpb-aacip-22e3affd8f7,00:46:01.258
cpb-aacip-22e3affd8f7_04846074_02803637_02803634.jpg,https://americanarchive.org/catalog/cpb-aacip-22e3affd8f7,00:46:43.634
cpb-aacip-22e3affd8f7_04846074_03044378_03044374.jpg,https://americanarchive.org/catalog/cpb-aacip-22e3affd8f7,00:50:44.374
cpb-aacip-22e3affd8f7_04846074_03097631_03097627.jpg,https://americanarchive.org/catalog/cpb-aacip-22e3affd8f7,00:51:37.627
cpb-aacip-22e3affd8f7_04846074_03258025_03258021.jpg,https://americanarchive.org/catalog/cpb-aacip-22e3affd8f7,00:54:18.021
cpb-aacip-22e3affd8f7_04846074_03346780_03346776.jpg,https://americanarchive.org/catalog/cpb-aacip-22e3affd8f7,00:55:46.776
cpb-aacip-22e3affd8f7_04846074_03431632_03431628.jpg,https://americanarchive.org/catalog/cpb-aacip-22e3affd8f7,00:57:11.628
cpb-aacip-22e3affd8f7_04846074_03545145_03545141.jpg,https://americanarchive.org/catalog/cpb-aacip-22e3affd8f7,00:59:05.141
cpb-aacip-22e3affd8f7_04846074_03798131_03798127.jpg,https://americanarchive.org/catalog/cpb-aacip-22e3affd8f7,01:03:18.127
cpb-aacip-22e3affd8f7_04846074_03905272_03905268.jpg,https://americanarchive.org/catalog/cpb-aacip-22e3affd8f7,01:05:05.268
cpb-aacip-22e3affd8f7_04846074_03933767_03933763.jpg,https://americanarchive.org/catalog/cpb-aacip-22e3affd8f7,01:05:33.763
cpb-aacip-22e3affd8f7_04846074_04066266_04066262.jpg,https://americanarchive.org/catalog/cpb-aacip-22e3affd8f7,01:07:46.262
cpb-aacip-22e3affd8f7_04846074_04105772_04105768.jpg,https://americanarchive.org/catalog/cpb-aacip-22e3affd8f7,01:08:25.768
cpb-aacip-22e3affd8f7_04846074_04301768_04301764.jpg,https://americanarchive.org/catalog/cpb-aacip-22e3affd8f7,01:11:41.764
cpb-aacip-22e3affd8f7_04846074_04344278_04344273.jpg,https://americanarchive.org/catalog/cpb-aacip-22e3affd8f7,01:12:24.273
cpb-aacip-22e3affd8f7_04846074_04666767_04666762.jpg,https://americanarchive.org/catalog/cpb-aacip-22e3affd8f7,01:17:46.762
cpb-aacip-22e3affd8f7_04846074_04718652_04718647.jpg,https://americanarchive.org/catalog/cpb-aacip-22e3affd8f7,01:18:38.647
cpb-aacip-23-4947ddxg_01745510_00211278_00211277.jpg,https://americanarchive.org/catalog/cpb-aacip-23-4947ddxg,00:03:31.277
cpb-aacip-23-4947ddxg_01745510_00278779_00278778.jpg,https://americanarchive.org/catalog/cpb-aacip-23-4947ddxg,00:04:38.778
cpb-aacip-23-4947ddxg_01745510_00304271_00304270.jpg,https://americanarchive.org/catalog/cpb-aacip-23-4947ddxg,00:05:04.270
cpb-aacip-23-4947ddxg_01745510_00343510_00343509.jpg,https://americanarchive.org/catalog/cpb-aacip-23-4947ddxg,00:05:43.509
cpb-aacip-23-4947ddxg_01745510_00494628_00494627.jpg,https://americanarchive.org/catalog/cpb-aacip-23-4947ddxg,00:08:14.627
cpb-aacip-23-4947ddxg_01745510_00512513_00512511.jpg,https://americanarchive.org/catalog/cpb-aacip-23-4947ddxg,00:08:32.511
cpb-aacip-23-4947ddxg_01745510_00525392_00525391.jpg,https://americanarchive.org/catalog/cpb-aacip-23-4947ddxg,00:08:45.391
cpb-aacip-23-4947ddxg_01745510_00554521_00554520.jpg,https://americanarchive.org/catalog/cpb-aacip-23-4947ddxg,00:09:14.520
cpb-aacip-23-4947ddxg_01745510_00807774_00807773.jpg,https://americanarchive.org/catalog/cpb-aacip-23-4947ddxg,00:13:27.773
cpb-aacip-23-4947ddxg_01745510_00883150_00883148.jpg,https://americanarchive.org/catalog/cpb-aacip-23-4947ddxg,00:14:43.148
cpb-aacip-23-4947ddxg_01745510_00920153_00920152.jpg,https://americanarchive.org/catalog/cpb-aacip-23-4947ddxg,00:15:20.152
cpb-aacip-23-4947ddxg_01745510_00966767_00966765.jpg,https://americanarchive.org/catalog/cpb-aacip-23-4947ddxg,00:16:06.765
cpb-aacip-23-4947ddxg_01745510_01001401_01001400.jpg,https://americanarchive.org/catalog/cpb-aacip-23-4947ddxg,00:16:41.400
cpb-aacip-23-4947ddxg_01745510_01064631_01064630.jpg,https://americanarchive.org/catalog/cpb-aacip-23-4947ddxg,00:17:44.630
cpb-aacip-23-4947ddxg_01745510_01079780_01079778.jpg,https://americanarchive.org/catalog/cpb-aacip-23-4947ddxg,00:17:59.778
cpb-aacip-23-4947ddxg_01745510_01092392_01092391.jpg,https://americanarchive.org/catalog/cpb-aacip-23-4947ddxg,00:18:12.391
cpb-aacip-23-4947ddxg_01745510_01170637_01170636.jpg,https://americanarchive.org/catalog/cpb-aacip-23-4947ddxg,00:19:30.636
cpb-aacip-23-4947ddxg_01745510_01289656_01289655.jpg,https://americanarchive.org/catalog/cpb-aacip-23-4947ddxg,00:21:29.655
cpb-aacip-23-4947ddxg_01745510_01381515_01381513.jpg,https://americanarchive.org/catalog/cpb-aacip-23-4947ddxg,00:23:01.513
cpb-aacip-23-55z61815_01770135_00221154_00221154.jpg,https://americanarchive.org/catalog/cpb-aacip-23-55z61815,00:03:41.154
cpb-aacip-23-55z61815_01770135_00253654_00253653.jpg,https://americanarchive.org/catalog/cpb-aacip-23-55z61815,00:04:13.653
cpb-aacip-23-55z61815_01770135_00306640_00306639.jpg,https://americanarchive.org/catalog/cpb-aacip-23-55z61815,00:05:06.639
cpb-aacip-23-55z61815_01770135_00382649_00382648.jpg,https://americanarchive.org/catalog/cpb-aacip-23-55z61815,00:06:22.648
cpb-aacip-23-55z61815_01770135_00406507_00406506.jpg,https://americanarchive.org/catalog/cpb-aacip-23-55z61815,00:06:46.506
cpb-aacip-23-55z61815_01770135_00413881_00413880.jpg,https://americanarchive.org/catalog/cpb-aacip-23-55z61815,00:06:53.880
cpb-aacip-23-55z61815_01770135_00487754_00487753.jpg,https://americanarchive.org/catalog/cpb-aacip-23-55z61815,00:08:07.753
cpb-aacip-23-55z61815_01770135_00633767_00633766.jpg,https://americanarchive.org/catalog/cpb-aacip-23-55z61815,00:10:33.766
cpb-aacip-23-55z61815_01770135_00651518_00651517.jpg,https://americanarchive.org/catalog/cpb-aacip-23-55z61815,00:10:51.517
cpb-aacip-23-55z61815_01770135_00734768_00734767.jpg,https://americanarchive.org/catalog/cpb-aacip-23-55z61815,00:12:14.767
cpb-aacip-23-55z61815_01770135_00751385_00751383.jpg,https://americanarchive.org/catalog/cpb-aacip-23-55z61815,00:12:31.383
cpb-aacip-23-55z61815_01770135_00806773_00806772.jpg,https://americanarchive.org/catalog/cpb-aacip-23-55z61815,00:13:26.772
cpb-aacip-23-55z61815_01770135_00898265_00898264.jpg,https://americanarchive.org/catalog/cpb-aacip-23-55z61815,00:14:58.264
cpb-aacip-23-55z61815_01770135_00913514_00913512.jpg,https://americanarchive.org/catalog/cpb-aacip-23-55z61815,00:15:13.512
cpb-aacip-23-55z61815_01770135_00933901_00933899.jpg,https://americanarchive.org/catalog/cpb-aacip-23-55z61815,00:15:33.899
cpb-aacip-23-55z61815_01770135_01058892_01058891.jpg,https://americanarchive.org/catalog/cpb-aacip-23-55z61815,00:17:38.891
cpb-aacip-23-55z61815_01770135_01092025_01092024.jpg,https://americanarchive.org/catalog/cpb-aacip-23-55z61815,00:18:12.024
cpb-aacip-23-55z61815_01770135_01114147_01114146.jpg,https://americanarchive.org/catalog/cpb-aacip-23-55z61815,00:18:34.146
cpb-aacip-23-55z61815_01770135_01152019_01152017.jpg,https://americanarchive.org/catalog/cpb-aacip-23-55z61815,00:19:12.017
cpb-aacip-23-55z61815_01770135_01162396_01162394.jpg,https://americanarchive.org/catalog/cpb-aacip-23-55z61815,00:19:22.394
cpb-aacip-23-55z61815_01770135_01182649_01182648.jpg,https://americanarchive.org/catalog/cpb-aacip-23-55z61815,00:19:42.648
cpb-aacip-23-55z61815_01770135_01191525_01191523.jpg,https://americanarchive.org/catalog/cpb-aacip-23-55z61815,00:19:51.523
cpb-aacip-23-55z61815_01770135_01228028_01228026.jpg,https://americanarchive.org/catalog/cpb-aacip-23-55z61815,00:20:28.026
cpb-aacip-23-55z61815_01770135_01302503_01302501.jpg,https://americanarchive.org/catalog/cpb-aacip-23-55z61815,00:21:42.501
cpb-aacip-23-55z61815_01770135_01400400_01400399.jpg,https://americanarchive.org/catalog/cpb-aacip-23-55z61815,00:23:20.399
cpb-aacip-23-55z61815_01770135_01421255_01421253.jpg,https://americanarchive.org/catalog/cpb-aacip-23-55z61815,00:23:41.253
cpb-aacip-23-55z61815_01770135_01433767_01433765.jpg,https://americanarchive.org/catalog/cpb-aacip-23-55z61815,00:23:53.765
cpb-aacip-23-55z61815_01770135_01471405_01471403.jpg,https://americanarchive.org/catalog/cpb-aacip-23-55z61815,00:24:31.403
cpb-aacip-23-55z61815_01770135_01502402_01502400.jpg,https://americanarchive.org/catalog/cpb-aacip-23-55z61815,00:25:02.400
cpb-aacip-23-55z61815_01770135_01519520_01519518.jpg,https://americanarchive.org/catalog/cpb-aacip-23-55z61815,00:25:19.518
cpb-aacip-23-55z61815_01770135_01531031_01531029.jpg,https://americanarchive.org/catalog/cpb-aacip-23-55z61815,00:25:31.029
cpb-aacip-23-55z61815_01770135_01599900_01599898.jpg,https://americanarchive.org/catalog/cpb-aacip-23-55z61815,00:26:39.898
cpb-aacip-23-55z61815_01770135_01612379_01612377.jpg,https://americanarchive.org/catalog/cpb-aacip-23-55z61815,00:26:52.377
cpb-aacip-23-7312jv7f_01751616_00255255_00255255.jpg,https://americanarchive.org/catalog/cpb-aacip-23-7312jv7f,00:04:15.255
cpb-aacip-23-7312jv7f_01751616_00286153_00286152.jpg,https://americanarchive.org/catalog/cpb-aacip-23-7312jv7f,00:04:46.152
cpb-aacip-23-7312jv7f_01751616_00349516_00349515.jpg,https://americanarchive.org/catalog/cpb-aacip-23-7312jv7f,00:05:49.515
cpb-aacip-23-7312jv7f_01751616_00369903_00369902.jpg,https://americanarchive.org/catalog/cpb-aacip-23-7312jv7f,00:06:09.902
cpb-aacip-23-7312jv7f_01751616_00419253_00419252.jpg,https://americanarchive.org/catalog/cpb-aacip-23-7312jv7f,00:06:59.252
cpb-aacip-23-7312jv7f_01751616_00454021_00454020.jpg,https://americanarchive.org/catalog/cpb-aacip-23-7312jv7f,00:07:34.020
cpb-aacip-23-7312jv7f_01751616_00509376_00509375.jpg,https://americanarchive.org/catalog/cpb-aacip-23-7312jv7f,00:08:29.375
cpb-aacip-23-7312jv7f_01751616_00524391_00524390.jpg,https://americanarchive.org/catalog/cpb-aacip-23-7312jv7f,00:08:44.390
cpb-aacip-23-7312jv7f_01751616_00618385_00618384.jpg,https://americanarchive.org/catalog/cpb-aacip-23-7312jv7f,00:10:18.384
cpb-aacip-23-7312jv7f_01751616_00677778_00677777.jpg,https://americanarchive.org/catalog/cpb-aacip-23-7312jv7f,00:11:17.777
cpb-aacip-23-7312jv7f_01751616_00736270_00736268.jpg,https://americanarchive.org/catalog/cpb-aacip-23-7312jv7f,00:12:16.268
cpb-aacip-23-7312jv7f_01751616_00754254_00754253.jpg,https://americanarchive.org/catalog/cpb-aacip-23-7312jv7f,00:12:34.253
cpb-aacip-23-7312jv7f_01751616_00768769_00768768.jpg,https://americanarchive.org/catalog/cpb-aacip-23-7312jv7f,00:12:48.768
cpb-aacip-23-7312jv7f_01751616_00806507_00806505.jpg,https://americanarchive.org/catalog/cpb-aacip-23-7312jv7f,00:13:26.505
cpb-aacip-23-7312jv7f_01751616_00894394_00894393.jpg,https://americanarchive.org/catalog/cpb-aacip-23-7312jv7f,00:14:54.393
cpb-aacip-23-7312jv7f_01751616_00991024_00991023.jpg,https://americanarchive.org/catalog/cpb-aacip-23-7312jv7f,00:16:31.023
cpb-aacip-23-7312jv7f_01751616_01097130_01097129.jpg,https://americanarchive.org/catalog/cpb-aacip-23-7312jv7f,00:18:17.129
cpb-aacip-23-7312jv7f_01751616_01121154_01121153.jpg,https://americanarchive.org/catalog/cpb-aacip-23-7312jv7f,00:18:41.153
cpb-aacip-23-7312jv7f_01751616_01187521_01187519.jpg,https://americanarchive.org/catalog/cpb-aacip-23-7312jv7f,00:19:47.519
cpb-aacip-23-7312jv7f_01751616_01217150_01217149.jpg,https://americanarchive.org/catalog/cpb-aacip-23-7312jv7f,00:20:17.149
cpb-aacip-23-7312jv7f_01751616_01359760_01359758.jpg,https://americanarchive.org/catalog/cpb-aacip-23-7312jv7f,00:22:39.758
cpb-aacip-23-7312jv7f_01751616_01377010_01377008.jpg,https://americanarchive.org/catalog/cpb-aacip-23-7312jv7f,00:22:57.008
cpb-aacip-23-7312jv7f_01751616_01480380_01480378.jpg,https://americanarchive.org/catalog/cpb-aacip-23-7312jv7f,00:24:40.378
cpb-aacip-23-7312jv7f_01751616_01514147_01514145.jpg,https://americanarchive.org/catalog/cpb-aacip-23-7312jv7f,00:25:14.145
cpb-aacip-23-7312jv7f_01751616_01522890_01522888.jpg,https://americanarchive.org/catalog/cpb-aacip-23-7312jv7f,00:25:22.888
cpb-aacip-23-7312jv7f_01751616_01588021_01588019.jpg,https://americanarchive.org/catalog/cpb-aacip-23-7312jv7f,00:26:28.019
cpb-aacip-23-7312jv7f_01751616_01650150_01650148.jpg,https://americanarchive.org/catalog/cpb-aacip-23-7312jv7f,00:27:30.148
cpb-aacip-23-87brv9n2_01790155_00226527_00226526.jpg,https://americanarchive.org/catalog/cpb-aacip-23-87brv9n2,00:03:46.526
cpb-aacip-23-87brv9n2_01790155_00362262_00362261.jpg,https://americanarchive.org/catalog/cpb-aacip-23-87brv9n2,00:06:02.261
cpb-aacip-23-87brv9n2_01790155_00404271_00404270.jpg,https://americanarchive.org/catalog/cpb-aacip-23-87brv9n2,00:06:44.270
cpb-aacip-23-87brv9n2_01790155_00462129_00462128.jpg,https://americanarchive.org/catalog/cpb-aacip-23-87brv9n2,00:07:42.128
cpb-aacip-23-87brv9n2_01790155_00528529_00528528.jpg,https://americanarchive.org/catalog/cpb-aacip-23-87brv9n2,00:08:48.528
cpb-aacip-23-87brv9n2_01790155_00571271_00571270.jpg,https://americanarchive.org/catalog/cpb-aacip-23-87brv9n2,00:09:31.270
cpb-aacip-23-87brv9n2_01790155_00643277_00643275.jpg,https://americanarchive.org/catalog/cpb-aacip-23-87brv9n2,00:10:43.275
cpb-aacip-23-87brv9n2_01790155_00730030_00730029.jpg,https://americanarchive.org/catalog/cpb-aacip-23-87brv9n2,00:12:10.029
cpb-aacip-23-87brv9n2_01790155_00775876_00775875.jpg,https://americanarchive.org/catalog/cpb-aacip-23-87brv9n2,00:12:55.875
cpb-aacip-23-87brv9n2_01790155_00839139_00839138.jpg,https://americanarchive.org/catalog/cpb-aacip-23-87brv9n2,00:13:59.138
cpb-aacip-23-87brv9n2_01790155_00867134_00867132.jpg,https://americanarchive.org/catalog/cpb-aacip-23-87brv9n2,00:14:27.132
cpb-aacip-23-87brv9n2_01790155_00877377_00877376.jpg,https://americanarchive.org/catalog/cpb-aacip-23-87brv9n2,00:14:37.376
cpb-aacip-23-87brv9n2_01790155_00947014_00947012.jpg,https://americanarchive.org/catalog/cpb-aacip-23-87brv9n2,00:15:47.012
cpb-aacip-23-87brv9n2_01790155_00997397_00997396.jpg,https://americanarchive.org/catalog/cpb-aacip-23-87brv9n2,00:16:37.396
cpb-aacip-23-87brv9n2_01790155_01059026_01059024.jpg,https://americanarchive.org/catalog/cpb-aacip-23-87brv9n2,00:17:39.024
cpb-aacip-23-87brv9n2_01790155_01121021_01121019.jpg,https://americanarchive.org/catalog/cpb-aacip-23-87brv9n2,00:18:41.019
cpb-aacip-23-87brv9n2_01790155_01309009_01309007.jpg,https://americanarchive.org/catalog/cpb-aacip-23-87brv9n2,00:21:49.007
cpb-aacip-23-87brv9n2_01790155_01360894_01360892.jpg,https://americanarchive.org/catalog/cpb-aacip-23-87brv9n2,00:22:40.892
cpb-aacip-23-87brv9n2_01790155_01379513_01379511.jpg,https://americanarchive.org/catalog/cpb-aacip-23-87brv9n2,00:22:59.511
cpb-aacip-23-87brv9n2_01790155_01406273_01406271.jpg,https://americanarchive.org/catalog/cpb-aacip-23-87brv9n2,00:23:26.271
cpb-aacip-23-87brv9n2_01790155_01444011_01444009.jpg,https://americanarchive.org/catalog/cpb-aacip-23-87brv9n2,00:24:04.009
cpb-aacip-23-87brv9n2_01790155_01452753_01452751.jpg,https://americanarchive.org/catalog/cpb-aacip-23-87brv9n2,00:24:12.751
cpb-aacip-23-87brv9n2_01790155_01529763_01529761.jpg,https://americanarchive.org/catalog/cpb-aacip-23-87brv9n2,00:25:29.761
cpb-aacip-23-87brv9n2_01790155_01575275_01575273.jpg,https://americanarchive.org/catalog/cpb-aacip-23-87brv9n2,00:26:15.273
cpb-aacip-235-05fbh563_02116280_00013647_00013646.jpg,https://americanarchive.org/catalog/cpb-aacip-235-05fbh563,00:00:13.646
cpb-aacip-235-05fbh563_02116280_00152252_00152252.jpg,https://americanarchive.org/catalog/cpb-aacip-235-05fbh563,00:02:32.252
cpb-aacip-235-05fbh563_02116280_00470504_00470503.jpg,https://americanarchive.org/catalog/cpb-aacip-235-05fbh563,00:07:50.503
cpb-aacip-235-05fbh563_02116280_01655889_01655887.jpg,https://americanarchive.org/catalog/cpb-aacip-235-05fbh563,00:27:35.887
cpb-aacip-235-05fbh563_02116280_01739273_01739270.jpg,https://americanarchive.org/catalog/cpb-aacip-235-05fbh563,00:28:59.270
cpb-aacip-235-05fbh563_02116280_01829630_01829627.jpg,https://americanarchive.org/catalog/cpb-aacip-235-05fbh563,00:30:29.627
cpb-aacip-235-05fbh563_02116280_01919520_01919517.jpg,https://americanarchive.org/catalog/cpb-aacip-235-05fbh563,00:31:59.517
cpb-aacip-235-18dfp1sc_01772137_00134768_00134767.jpg,https://americanarchive.org/catalog/cpb-aacip-235-18dfp1sc,00:02:14.767
cpb-aacip-235-18dfp1sc_01772137_00182883_00182882.jpg,https://americanarchive.org/catalog/cpb-aacip-235-18dfp1sc,00:03:02.882
cpb-aacip-235-18dfp1sc_01772137_00423023_00423022.jpg,https://americanarchive.org/catalog/cpb-aacip-235-18dfp1sc,00:07:03.022
cpb-aacip-235-18dfp1sc_01772137_00458759_00458758.jpg,https://americanarchive.org/catalog/cpb-aacip-235-18dfp1sc,00:07:38.758
cpb-aacip-235-18dfp1sc_01772137_00508375_00508374.jpg,https://americanarchive.org/catalog/cpb-aacip-235-18dfp1sc,00:08:28.374
cpb-aacip-235-18dfp1sc_01772137_00623023_00623022.jpg,https://americanarchive.org/catalog/cpb-aacip-235-18dfp1sc,00:10:23.022
cpb-aacip-235-18dfp1sc_01772137_00645512_00645511.jpg,https://americanarchive.org/catalog/cpb-aacip-235-18dfp1sc,00:10:45.511
cpb-aacip-235-18dfp1sc_01772137_00704905_00704904.jpg,https://americanarchive.org/catalog/cpb-aacip-235-18dfp1sc,00:11:44.904
cpb-aacip-235-18dfp1sc_01772137_00730631_00730629.jpg,https://americanarchive.org/catalog/cpb-aacip-235-18dfp1sc,00:12:10.629
cpb-aacip-235-18dfp1sc_01772137_00798398_00798397.jpg,https://americanarchive.org/catalog/cpb-aacip-235-18dfp1sc,00:13:18.397
cpb-aacip-235-18dfp1sc_01772137_00845646_00845644.jpg,https://americanarchive.org/catalog/cpb-aacip-235-18dfp1sc,00:14:05.644
cpb-aacip-235-18dfp1sc_01772137_01201635_01201633.jpg,https://americanarchive.org/catalog/cpb-aacip-235-18dfp1sc,00:20:01.633
cpb-aacip-235-18dfp1sc_01772137_01349883_01349881.jpg,https://americanarchive.org/catalog/cpb-aacip-235-18dfp1sc,00:22:29.881
cpb-aacip-235-18dfp1sc_01772137_01374908_01374906.jpg,https://americanarchive.org/catalog/cpb-aacip-235-18dfp1sc,00:22:54.906
cpb-aacip-235-18dfp1sc_01772137_01389022_01389020.jpg,https://americanarchive.org/catalog/cpb-aacip-235-18dfp1sc,00:23:09.020
cpb-aacip-235-18dfp1sc_01772137_01402002_01402000.jpg,https://americanarchive.org/catalog/cpb-aacip-235-18dfp1sc,00:23:22.000
cpb-aacip-235-18dfp1sc_01772137_01423257_01423255.jpg,https://americanarchive.org/catalog/cpb-aacip-235-18dfp1sc,00:23:43.255
cpb-aacip-235-18dfp1sc_01772137_01439640_01439638.jpg,https://americanarchive.org/catalog/cpb-aacip-235-18dfp1sc,00:23:59.638
cpb-aacip-235-18dfp1sc_01772137_01477778_01477776.jpg,https://americanarchive.org/catalog/cpb-aacip-235-18dfp1sc,00:24:37.776
cpb-aacip-235-18dfp1sc_01772137_01523390_01523388.jpg,https://americanarchive.org/catalog/cpb-aacip-235-18dfp1sc,00:25:23.388
cpb-aacip-235-18dfp1sc_01772137_01557391_01557389.jpg,https://americanarchive.org/catalog/cpb-aacip-235-18dfp1sc,00:25:57.389
cpb-aacip-235-18dfp1sc_01772137_01587020_01587018.jpg,https://americanarchive.org/catalog/cpb-aacip-235-18dfp1sc,00:26:27.018
cpb-aacip-235-18dfp1sc_01772137_01607274_01607272.jpg,https://americanarchive.org/catalog/cpb-aacip-235-18dfp1sc,00:26:47.272
cpb-aacip-235-18dfp1sc_01772137_01624157_01624155.jpg,https://americanarchive.org/catalog/cpb-aacip-235-18dfp1sc,00:27:04.155
cpb-aacip-235-18dfp1sc_01772137_01666033_01666031.jpg,https://americanarchive.org/catalog/cpb-aacip-235-18dfp1sc,00:27:46.031
cpb-aacip-235-33dz1735_03620483_00055522_00055522.jpg,https://americanarchive.org/catalog/cpb-aacip-235-33dz1735,00:00:55.522
cpb-aacip-235-33dz1735_03620483_00333033_00333032.jpg,https://americanarchive.org/catalog/cpb-aacip-235-33dz1735,00:05:33.032
cpb-aacip-235-33dz1735_03620483_00375375_00375375.jpg,https://americanarchive.org/catalog/cpb-aacip-235-33dz1735,00:06:15.375
cpb-aacip-235-33dz1735_03620483_00711011_00711010.jpg,https://americanarchive.org/catalog/cpb-aacip-235-33dz1735,00:11:51.010
cpb-aacip-235-33dz1735_03620483_00923156_00923155.jpg,https://americanarchive.org/catalog/cpb-aacip-235-33dz1735,00:15:23.155
cpb-aacip-235-33dz1735_03620483_01065265_01065264.jpg,https://americanarchive.org/catalog/cpb-aacip-235-33dz1735,00:17:45.264
cpb-aacip-235-33dz1735_03620483_01178378_01178377.jpg,https://americanarchive.org/catalog/cpb-aacip-235-33dz1735,00:19:38.377
cpb-aacip-235-33dz1735_03620483_01325392_01325390.jpg,https://americanarchive.org/catalog/cpb-aacip-235-33dz1735,00:22:05.390
cpb-aacip-235-33dz1735_03620483_01496029_01496027.jpg,https://americanarchive.org/catalog/cpb-aacip-235-33dz1735,00:24:56.027
cpb-aacip-235-33dz1735_03620483_01624892_01624889.jpg,https://americanarchive.org/catalog/cpb-aacip-235-33dz1735,00:27:04.889
cpb-aacip-235-33dz1735_03620483_01682516_01682514.jpg,https://americanarchive.org/catalog/cpb-aacip-235-33dz1735,00:28:02.514
cpb-aacip-235-33dz1735_03620483_01804638_01804636.jpg,https://americanarchive.org/catalog/cpb-aacip-235-33dz1735,00:30:04.636
cpb-aacip-235-33dz1735_03620483_01865532_01865530.jpg,https://americanarchive.org/catalog/cpb-aacip-235-33dz1735,00:31:05.530
cpb-aacip-235-33dz1735_03620483_02111778_02111776.jpg,https://americanarchive.org/catalog/cpb-aacip-235-33dz1735,00:35:11.776
cpb-aacip-235-33dz1735_03620483_02259526_02259523.jpg,https://americanarchive.org/catalog/cpb-aacip-235-33dz1735,00:37:39.523
cpb-aacip-235-33dz1735_03620483_02379513_02379510.jpg,https://americanarchive.org/catalog/cpb-aacip-235-33dz1735,00:39:39.510
cpb-aacip-235-33dz1735_03620483_02537404_02537401.jpg,https://americanarchive.org/catalog/cpb-aacip-235-33dz1735,00:42:17.401
cpb-aacip-235-33dz1735_03620483_02620254_02620250.jpg,https://americanarchive.org/catalog/cpb-aacip-235-33dz1735,00:43:40.250
cpb-aacip-235-33dz1735_03620483_02678145_02678142.jpg,https://americanarchive.org/catalog/cpb-aacip-235-33dz1735,00:44:38.142
cpb-aacip-235-33dz1735_03620483_02798899_02798896.jpg,https://americanarchive.org/catalog/cpb-aacip-235-33dz1735,00:46:38.896
cpb-aacip-235-7312krr7_02070334_00081281_00081281.jpg,https://americanarchive.org/catalog/cpb-aacip-235-7312krr7,00:01:21.281
cpb-aacip-235-7312krr7_02070334_01492526_01492524.jpg,https://americanarchive.org/catalog/cpb-aacip-235-7312krr7,00:24:52.524
cpb-aacip-235-7312krr7_02070334_01712012_01712010.jpg,https://americanarchive.org/catalog/cpb-aacip-235-7312krr7,00:28:32.010
cpb-aacip-235-7312krr7_02070334_01757758_01757756.jpg,https://americanarchive.org/catalog/cpb-aacip-235-7312krr7,00:29:17.756
cpb-aacip-235-7312krr7_02070334_01865766_01865763.jpg,https://americanarchive.org/catalog/cpb-aacip-235-7312krr7,00:31:05.763
cpb-aacip-235-816mb510_01771136_00113780_00113780.jpg,https://americanarchive.org/catalog/cpb-aacip-235-816mb510,00:01:53.780
cpb-aacip-235-816mb510_01771136_00361128_00361127.jpg,https://americanarchive.org/catalog/cpb-aacip-235-816mb510,00:06:01.127
cpb-aacip-235-816mb510_01771136_00462529_00462528.jpg,https://americanarchive.org/catalog/cpb-aacip-235-816mb510,00:07:42.528
cpb-aacip-235-816mb510_01771136_00653654_00653653.jpg,https://americanarchive.org/catalog/cpb-aacip-235-816mb510,00:10:53.653
cpb-aacip-235-816mb510_01771136_00935269_00935267.jpg,https://americanarchive.org/catalog/cpb-aacip-235-816mb510,00:15:35.267
cpb-aacip-235-816mb510_01771136_01096129_01096128.jpg,https://americanarchive.org/catalog/cpb-aacip-235-816mb510,00:18:16.128
cpb-aacip-235-816mb510_01771136_01286653_01286652.jpg,https://americanarchive.org/catalog/cpb-aacip-235-816mb510,00:21:26.652
cpb-aacip-235-816mb510_01771136_01427027_01427025.jpg,https://americanarchive.org/catalog/cpb-aacip-235-816mb510,00:23:47.025
cpb-aacip-24e3695cc57_05585346_00236503_00236502.jpg,https://americanarchive.org/catalog/cpb-aacip-24e3695cc57,00:03:56.502
cpb-aacip-24e3695cc57_05585346_00271405_00271404.jpg,https://americanarchive.org/catalog/cpb-aacip-24e3695cc57,00:04:31.404
cpb-aacip-24e3695cc57_05585346_00849383_00849381.jpg,https://americanarchive.org/catalog/cpb-aacip-24e3695cc57,00:14:09.381
cpb-aacip-24e3695cc57_05585346_01058625_01058624.jpg,https://americanarchive.org/catalog/cpb-aacip-24e3695cc57,00:17:38.624
cpb-aacip-24e3695cc57_05585346_01522389_01522387.jpg,https://americanarchive.org/catalog/cpb-aacip-24e3695cc57,00:25:22.387
cpb-aacip-24e3695cc57_05585346_01889022_01889020.jpg,https://americanarchive.org/catalog/cpb-aacip-24e3695cc57,00:31:29.020
cpb-aacip-24e3695cc57_05585346_01911378_01911376.jpg,https://americanarchive.org/catalog/cpb-aacip-24e3695cc57,00:31:51.376
cpb-aacip-24e3695cc57_05585346_02373507_02373504.jpg,https://americanarchive.org/catalog/cpb-aacip-24e3695cc57,00:39:33.504
cpb-aacip-24e3695cc57_05585346_02799766_02799763.jpg,https://americanarchive.org/catalog/cpb-aacip-24e3695cc57,00:46:39.763
cpb-aacip-24e3695cc57_05585346_02970404_02970400.jpg,https://americanarchive.org/catalog/cpb-aacip-24e3695cc57,00:49:30.400
cpb-aacip-24e3695cc57_05585346_03324892_03324888.jpg,https://americanarchive.org/catalog/cpb-aacip-24e3695cc57,00:55:24.888
cpb-aacip-24e3695cc57_05585346_03713881_03713876.jpg,https://americanarchive.org/catalog/cpb-aacip-24e3695cc57,01:01:53.876
cpb-aacip-24e3695cc57_05585346_04309776_04309772.jpg,https://americanarchive.org/catalog/cpb-aacip-24e3695cc57,01:11:49.772
cpb-aacip-24e3695cc57_05585346_04630531_04630525.jpg,https://americanarchive.org/catalog/cpb-aacip-24e3695cc57,01:17:10.525
cpb-aacip-24e3695cc57_05585346_04903637_04903632.jpg,https://americanarchive.org/catalog/cpb-aacip-24e3695cc57,01:21:43.632
cpb-aacip-24e3695cc57_05585346_05185018_05185013.jpg,https://americanarchive.org/catalog/cpb-aacip-24e3695cc57,01:26:25.013
cpb-aacip-24e3695cc57_05585346_05474775_05474769.jpg,https://americanarchive.org/catalog/cpb-aacip-24e3695cc57,01:31:14.769
cpb-aacip-260-97xksz8z_01772170_00148148_00148148.jpg,https://americanarchive.org/catalog/cpb-aacip-260-97xksz8z,00:02:28.148
cpb-aacip-260-97xksz8z_01772170_00195395_00195395.jpg,https://americanarchive.org/catalog/cpb-aacip-260-97xksz8z,00:03:15.395
cpb-aacip-260-97xksz8z_01772170_00227761_00227760.jpg,https://americanarchive.org/catalog/cpb-aacip-260-97xksz8z,00:03:47.760
cpb-aacip-260-97xksz8z_01772170_00355389_00355388.jpg,https://americanarchive.org/catalog/cpb-aacip-260-97xksz8z,00:05:55.388
cpb-aacip-260-97xksz8z_01772170_00444778_00444777.jpg,https://americanarchive.org/catalog/cpb-aacip-260-97xksz8z,00:07:24.777
cpb-aacip-260-97xksz8z_01772170_00625759_00625758.jpg,https://americanarchive.org/catalog/cpb-aacip-260-97xksz8z,00:10:25.758
cpb-aacip-260-97xksz8z_01772170_00860527_00860526.jpg,https://americanarchive.org/catalog/cpb-aacip-260-97xksz8z,00:14:20.526
cpb-aacip-260-97xksz8z_01772170_01063397_01063395.jpg,https://americanarchive.org/catalog/cpb-aacip-260-97xksz8z,00:17:43.395
cpb-aacip-260-97xksz8z_01772170_01098899_01098897.jpg,https://americanarchive.org/catalog/cpb-aacip-260-97xksz8z,00:18:18.897
cpb-aacip-260-97xksz8z_01772170_01122656_01122654.jpg,https://americanarchive.org/catalog/cpb-aacip-260-97xksz8z,00:18:42.654
cpb-aacip-29-246q5b8z_01737302_00087654_00087654.jpg,https://americanarchive.org/catalog/cpb-aacip-29-246q5b8z,00:01:27.654
cpb-aacip-29-246q5b8z_01737302_00121889_00121888.jpg,https://americanarchive.org/catalog/cpb-aacip-29-246q5b8z,00:02:01.888
cpb-aacip-29-246q5b8z_01737302_00227394_00227393.jpg,https://americanarchive.org/catalog/cpb-aacip-29-246q5b8z,00:03:47.393
cpb-aacip-29-246q5b8z_01737302_00284017_00284017.jpg,https://americanarchive.org/catalog/cpb-aacip-29-246q5b8z,00:04:44.017
cpb-aacip-29-246q5b8z_01737302_00824525_00824523.jpg,https://americanarchive.org/catalog/cpb-aacip-29-246q5b8z,00:13:44.523
cpb-aacip-29-246q5b8z_01737302_01014515_01014513.jpg,https://americanarchive.org/catalog/cpb-aacip-29-246q5b8z,00:16:54.513
cpb-aacip-29-246q5b8z_01737302_01122890_01122888.jpg,https://americanarchive.org/catalog/cpb-aacip-29-246q5b8z,00:18:42.888
cpb-aacip-29-246q5b8z_01737302_01175275_01175274.jpg,https://americanarchive.org/catalog/cpb-aacip-29-246q5b8z,00:19:35.274
cpb-aacip-29-36h18fgp_01752217_00077010_00077010.jpg,https://americanarchive.org/catalog/cpb-aacip-29-36h18fgp,00:01:17.010
cpb-aacip-29-36h18fgp_01752217_00197130_00197130.jpg,https://americanarchive.org/catalog/cpb-aacip-29-36h18fgp,00:03:17.130
cpb-aacip-29-36h18fgp_01752217_00280514_00280513.jpg,https://americanarchive.org/catalog/cpb-aacip-29-36h18fgp,00:04:40.513
cpb-aacip-29-36h18fgp_01752217_00359626_00359625.jpg,https://americanarchive.org/catalog/cpb-aacip-29-36h18fgp,00:05:59.625
cpb-aacip-29-36h18fgp_01752217_01034001_01033999.jpg,https://americanarchive.org/catalog/cpb-aacip-29-36h18fgp,00:17:13.999
cpb-aacip-29-36h18fgp_01752217_01045879_01045878.jpg,https://americanarchive.org/catalog/cpb-aacip-29-36h18fgp,00:17:25.878
cpb-aacip-29-36h18fgp_01752217_01098532_01098530.jpg,https://americanarchive.org/catalog/cpb-aacip-29-36h18fgp,00:18:18.530
cpb-aacip-29-36h18fgp_01752217_01147781_01147779.jpg,https://americanarchive.org/catalog/cpb-aacip-29-36h18fgp,00:19:07.779
cpb-aacip-29-3976hk8k_00543509_00046146_00046146.jpg,https://americanarchive.org/catalog/cpb-aacip-29-3976hk8k,00:00:46.146
cpb-aacip-29-3976hk8k_00543509_00071638_00071638.jpg,https://americanarchive.org/catalog/cpb-aacip-29-3976hk8k,00:01:11.638
cpb-aacip-29-3976hk8k_00543509_00239506_00239505.jpg,https://americanarchive.org/catalog/cpb-aacip-29-3976hk8k,00:03:59.505
cpb-aacip-29-3976hk8k_00543509_00384651_00384650.jpg,https://americanarchive.org/catalog/cpb-aacip-29-3976hk8k,00:06:24.650
cpb-aacip-29-3976hk8k_00543509_00444778_00444777.jpg,https://americanarchive.org/catalog/cpb-aacip-29-3976hk8k,00:07:24.777
cpb-aacip-29-407wm7z7_01753518_00117751_00117750.jpg,https://americanarchive.org/catalog/cpb-aacip-29-407wm7z7,00:01:57.750
cpb-aacip-29-407wm7z7_01753518_00140507_00140507.jpg,https://americanarchive.org/catalog/cpb-aacip-29-407wm7z7,00:02:20.507
cpb-aacip-29-407wm7z7_01753518_00184885_00184884.jpg,https://americanarchive.org/catalog/cpb-aacip-29-407wm7z7,00:03:04.884
cpb-aacip-29-407wm7z7_01753518_00245279_00245278.jpg,https://americanarchive.org/catalog/cpb-aacip-29-407wm7z7,00:04:05.278
cpb-aacip-29-407wm7z7_01753518_00751885_00751884.jpg,https://americanarchive.org/catalog/cpb-aacip-29-407wm7z7,00:12:31.884
cpb-aacip-29-407wm7z7_01753518_00801502_00801500.jpg,https://americanarchive.org/catalog/cpb-aacip-29-407wm7z7,00:13:21.500
cpb-aacip-29-407wm7z7_01753518_00897898_00897897.jpg,https://americanarchive.org/catalog/cpb-aacip-29-407wm7z7,00:14:57.897
cpb-aacip-29-407wm7z7_01753518_01038272_01038270.jpg,https://americanarchive.org/catalog/cpb-aacip-29-407wm7z7,00:17:18.270
cpb-aacip-29-407wm7z7_01753518_01375275_01375273.jpg,https://americanarchive.org/catalog/cpb-aacip-29-407wm7z7,00:22:55.273
cpb-aacip-29-407wm7z7_01753518_01488388_01488386.jpg,https://americanarchive.org/catalog/cpb-aacip-29-407wm7z7,00:24:48.386
cpb-aacip-29-407wm7z7_01753518_01543644_01543642.jpg,https://americanarchive.org/catalog/cpb-aacip-29-407wm7z7,00:25:43.642
cpb-aacip-2d8766e1ca7_01951983_00277277_00277277.jpg,https://americanarchive.org/catalog/cpb-aacip-2d8766e1ca7,00:04:37.277
cpb-aacip-2d8766e1ca7_01951983_00433500_00433499.jpg,https://americanarchive.org/catalog/cpb-aacip-2d8766e1ca7,00:07:13.499
cpb-aacip-2d8766e1ca7_01951983_00528762_00528761.jpg,https://americanarchive.org/catalog/cpb-aacip-2d8766e1ca7,00:08:48.761
cpb-aacip-2d8766e1ca7_01951983_00597631_00597630.jpg,https://americanarchive.org/catalog/cpb-aacip-2d8766e1ca7,00:09:57.630
cpb-aacip-2d8766e1ca7_01951983_00817150_00817149.jpg,https://americanarchive.org/catalog/cpb-aacip-2d8766e1ca7,00:13:37.149
cpb-aacip-2d8766e1ca7_01951983_00899399_00899398.jpg,https://americanarchive.org/catalog/cpb-aacip-2d8766e1ca7,00:14:59.398
cpb-aacip-2d8766e1ca7_01951983_01034501_01034500.jpg,https://americanarchive.org/catalog/cpb-aacip-2d8766e1ca7,00:17:14.500
cpb-aacip-2d8766e1ca7_01951983_01146013_01146011.jpg,https://americanarchive.org/catalog/cpb-aacip-2d8766e1ca7,00:19:06.011
cpb-aacip-2d8766e1ca7_01951983_01405772_01405771.jpg,https://americanarchive.org/catalog/cpb-aacip-2d8766e1ca7,00:23:25.771
cpb-aacip-2d8766e1ca7_01951983_01459393_01459391.jpg,https://americanarchive.org/catalog/cpb-aacip-2d8766e1ca7,00:24:19.391
cpb-aacip-328-77fqzdws_01773371_00034001_00034000.jpg,https://americanarchive.org/catalog/cpb-aacip-328-77fqzdws,00:00:34.000
cpb-aacip-328-77fqzdws_01773371_00088155_00088154.jpg,https://americanarchive.org/catalog/cpb-aacip-328-77fqzdws,00:01:28.154
cpb-aacip-328-77fqzdws_01773371_00199399_00199399.jpg,https://americanarchive.org/catalog/cpb-aacip-328-77fqzdws,00:03:19.399
cpb-aacip-328-77fqzdws_01773371_00576009_00576008.jpg,https://americanarchive.org/catalog/cpb-aacip-328-77fqzdws,00:09:36.008
cpb-aacip-328-77fqzdws_01773371_00710511_00710509.jpg,https://americanarchive.org/catalog/cpb-aacip-328-77fqzdws,00:11:50.509
cpb-aacip-328-77fqzdws_01773371_00934401_00934400.jpg,https://americanarchive.org/catalog/cpb-aacip-328-77fqzdws,00:15:34.400
cpb-aacip-328-77fqzdws_01773371_01001401_01001400.jpg,https://americanarchive.org/catalog/cpb-aacip-328-77fqzdws,00:16:41.400
cpb-aacip-328-77fqzdws_01773371_01219653_01219651.jpg,https://americanarchive.org/catalog/cpb-aacip-328-77fqzdws,00:20:19.651
cpb-aacip-328-77fqzdws_01773371_01500767_01500765.jpg,https://americanarchive.org/catalog/cpb-aacip-328-77fqzdws,00:25:00.765
cpb-aacip-328-77fqzdws_01773371_01563263_01563261.jpg,https://americanarchive.org/catalog/cpb-aacip-328-77fqzdws,00:26:03.261
cpb-aacip-328-77fqzdws_01773371_01580647_01580645.jpg,https://americanarchive.org/catalog/cpb-aacip-328-77fqzdws,00:26:20.645
cpb-aacip-332f3379f41_01790522_00149383_00149382.jpg,https://americanarchive.org/catalog/cpb-aacip-332f3379f41,00:02:29.382
cpb-aacip-332f3379f41_01790522_00290157_00290156.jpg,https://americanarchive.org/catalog/cpb-aacip-332f3379f41,00:04:50.156
cpb-aacip-332f3379f41_01790522_00390657_00390656.jpg,https://americanarchive.org/catalog/cpb-aacip-332f3379f41,00:06:30.656
cpb-aacip-332f3379f41_01790522_00415015_00415014.jpg,https://americanarchive.org/catalog/cpb-aacip-332f3379f41,00:06:55.014
cpb-aacip-332f3379f41_01790522_00631632_00631631.jpg,https://americanarchive.org/catalog/cpb-aacip-332f3379f41,00:10:31.631
cpb-aacip-332f3379f41_01790522_00740774_00740773.jpg,https://americanarchive.org/catalog/cpb-aacip-332f3379f41,00:12:20.773
cpb-aacip-332f3379f41_01790522_00923257_00923255.jpg,https://americanarchive.org/catalog/cpb-aacip-332f3379f41,00:15:23.255
cpb-aacip-332f3379f41_01790522_01001401_01001400.jpg,https://americanarchive.org/catalog/cpb-aacip-332f3379f41,00:16:41.400
cpb-aacip-332f3379f41_01790522_01216016_01216014.jpg,https://americanarchive.org/catalog/cpb-aacip-332f3379f41,00:20:16.014
cpb-aacip-332f3379f41_01790522_01354888_01354886.jpg,https://americanarchive.org/catalog/cpb-aacip-332f3379f41,00:22:34.886
cpb-aacip-332f3379f41_01790522_01360627_01360625.jpg,https://americanarchive.org/catalog/cpb-aacip-332f3379f41,00:22:40.625
cpb-aacip-332f3379f41_01790522_01366033_01366031.jpg,https://americanarchive.org/catalog/cpb-aacip-332f3379f41,00:22:46.031
cpb-aacip-332f3379f41_01790522_01405906_01405904.jpg,https://americanarchive.org/catalog/cpb-aacip-332f3379f41,00:23:25.904
cpb-aacip-332f3379f41_01790522_01461395_01461393.jpg,https://americanarchive.org/catalog/cpb-aacip-332f3379f41,00:24:21.393
cpb-aacip-37-46d25bkw_03633997_00258025_00258024.jpg,https://americanarchive.org/catalog/cpb-aacip-37-46d25bkw,00:04:18.024
cpb-aacip-37-46d25bkw_03633997_00347147_00347146.jpg,https://americanarchive.org/catalog/cpb-aacip-37-46d25bkw,00:05:47.146
cpb-aacip-37-46d25bkw_03633997_00515649_00515648.jpg,https://americanarchive.org/catalog/cpb-aacip-37-46d25bkw,00:08:35.648
cpb-aacip-37-46d25bkw_03633997_00732533_00732531.jpg,https://americanarchive.org/catalog/cpb-aacip-37-46d25bkw,00:12:12.531
cpb-aacip-37-46d25bkw_03633997_00859760_00859758.jpg,https://americanarchive.org/catalog/cpb-aacip-37-46d25bkw,00:14:19.758
cpb-aacip-37-46d25bkw_03633997_01016016_01016015.jpg,https://americanarchive.org/catalog/cpb-aacip-37-46d25bkw,00:16:56.015
cpb-aacip-37-46d25bkw_03633997_01178011_01178010.jpg,https://americanarchive.org/catalog/cpb-aacip-37-46d25bkw,00:19:38.010
cpb-aacip-37-46d25bkw_03633997_01224024_01224022.jpg,https://americanarchive.org/catalog/cpb-aacip-37-46d25bkw,00:20:24.022
cpb-aacip-37-46d25bkw_03633997_01435002_01435000.jpg,https://americanarchive.org/catalog/cpb-aacip-37-46d25bkw,00:23:55.000
cpb-aacip-37-46d25bkw_03633997_01481782_01481780.jpg,https://americanarchive.org/catalog/cpb-aacip-37-46d25bkw,00:24:41.780
cpb-aacip-37-46d25bkw_03633997_01540507_01540505.jpg,https://americanarchive.org/catalog/cpb-aacip-37-46d25bkw,00:25:40.505
cpb-aacip-37-46d25bkw_03633997_01999132_01999130.jpg,https://americanarchive.org/catalog/cpb-aacip-37-46d25bkw,00:33:19.130
cpb-aacip-37-46d25bkw_03633997_02023390_02023388.jpg,https://americanarchive.org/catalog/cpb-aacip-37-46d25bkw,00:33:43.388
cpb-aacip-37-46d25bkw_03633997_02037905_02037902.jpg,https://americanarchive.org/catalog/cpb-aacip-37-46d25bkw,00:33:57.902
cpb-aacip-37-46d25bkw_03633997_02049883_02049881.jpg,https://americanarchive.org/catalog/cpb-aacip-37-46d25bkw,00:34:09.881
cpb-aacip-37-46d25bkw_03633997_02063263_02063261.jpg,https://americanarchive.org/catalog/cpb-aacip-37-46d25bkw,00:34:23.261
cpb-aacip-37-46d25bkw_03633997_02090023_02090021.jpg,https://americanarchive.org/catalog/cpb-aacip-37-46d25bkw,00:34:50.021
cpb-aacip-37-46d25bkw_03633997_02111144_02111142.jpg,https://americanarchive.org/catalog/cpb-aacip-37-46d25bkw,00:35:11.142
cpb-aacip-37-46d25bkw_03633997_02129029_02129026.jpg,https://americanarchive.org/catalog/cpb-aacip-37-46d25bkw,00:35:29.026
cpb-aacip-37-46d25bkw_03633997_02290023_02290021.jpg,https://americanarchive.org/catalog/cpb-aacip-37-46d25bkw,00:38:10.021
cpb-aacip-37-46d25bkw_03633997_02345779_02345776.jpg,https://americanarchive.org/catalog/cpb-aacip-37-46d25bkw,00:39:05.776
cpb-aacip-37-46d25bkw_03633997_02468001_02467998.jpg,https://americanarchive.org/catalog/cpb-aacip-37-46d25bkw,00:41:07.998
cpb-aacip-37-46d25bkw_03633997_02529129_02529126.jpg,https://americanarchive.org/catalog/cpb-aacip-37-46d25bkw,00:42:09.126
cpb-aacip-37-46d25bkw_03633997_02599399_02599396.jpg,https://americanarchive.org/catalog/cpb-aacip-37-46d25bkw,00:43:19.396
cpb-aacip-37-46d25bkw_03633997_02815015_02815012.jpg,https://americanarchive.org/catalog/cpb-aacip-37-46d25bkw,00:46:55.012
cpb-aacip-37-46d25bkw_03633997_02874007_02874004.jpg,https://americanarchive.org/catalog/cpb-aacip-37-46d25bkw,00:47:54.004
cpb-aacip-37-46d25bkw_03633997_02952753_02952749.jpg,https://americanarchive.org/catalog/cpb-aacip-37-46d25bkw,00:49:12.749
cpb-aacip-37-46d25bkw_03633997_03012145_03012142.jpg,https://americanarchive.org/catalog/cpb-aacip-37-46d25bkw,00:50:12.142
cpb-aacip-37-46d25bkw_03633997_03082783_03082779.jpg,https://americanarchive.org/catalog/cpb-aacip-37-46d25bkw,00:51:22.779
cpb-aacip-37-46d25bkw_03633997_03396763_03396760.jpg,https://americanarchive.org/catalog/cpb-aacip-37-46d25bkw,00:56:36.760
cpb-aacip-37-46d25bkw_03633997_03433634_03433630.jpg,https://americanarchive.org/catalog/cpb-aacip-37-46d25bkw,00:57:13.630
cpb-aacip-37-46d25bkw_03633997_03467134_03467130.jpg,https://americanarchive.org/catalog/cpb-aacip-37-46d25bkw,00:57:47.130
cpb-aacip-37-46d25bkw_03633997_03479146_03479142.jpg,https://americanarchive.org/catalog/cpb-aacip-37-46d25bkw,00:57:59.142
cpb-aacip-37-47dr81fb_01787051_00174775_00174774.jpg,https://americanarchive.org/catalog/cpb-aacip-37-47dr81fb,00:02:54.774
cpb-aacip-37-47dr81fb_01787051_00229396_00229395.jpg,https://americanarchive.org/catalog/cpb-aacip-37-47dr81fb,00:03:49.395
cpb-aacip-37-47dr81fb_01787051_00383283_00383282.jpg,https://americanarchive.org/catalog/cpb-aacip-37-47dr81fb,00:06:23.282
cpb-aacip-37-47dr81fb_01787051_00451151_00451150.jpg,https://americanarchive.org/catalog/cpb-aacip-37-47dr81fb,00:07:31.150
cpb-aacip-37-47dr81fb_01787051_00583650_00583649.jpg,https://americanarchive.org/catalog/cpb-aacip-37-47dr81fb,00:09:43.649
cpb-aacip-37-47dr81fb_01787051_00611278_00611277.jpg,https://americanarchive.org/catalog/cpb-aacip-37-47dr81fb,00:10:11.277
cpb-aacip-37-47dr81fb_01787051_00901635_00901634.jpg,https://americanarchive.org/catalog/cpb-aacip-37-47dr81fb,00:15:01.634
cpb-aacip-37-47dr81fb_01787051_00937004_00937002.jpg,https://americanarchive.org/catalog/cpb-aacip-37-47dr81fb,00:15:37.002
cpb-aacip-37-47dr81fb_01787051_00997631_00997629.jpg,https://americanarchive.org/catalog/cpb-aacip-37-47dr81fb,00:16:37.629
cpb-aacip-37-47dr81fb_01787051_01184384_01184383.jpg,https://americanarchive.org/catalog/cpb-aacip-37-47dr81fb,00:19:44.383
cpb-aacip-37-47dr81fb_01787051_01407774_01407773.jpg,https://americanarchive.org/catalog/cpb-aacip-37-47dr81fb,00:23:27.773
cpb-aacip-37-47dr81fb_01787051_01485752_01485750.jpg,https://americanarchive.org/catalog/cpb-aacip-37-47dr81fb,00:24:45.750
cpb-aacip-37-49t1g7ng_01738970_00182282_00182282.jpg,https://americanarchive.org/catalog/cpb-aacip-37-49t1g7ng,00:03:02.282
cpb-aacip-37-49t1g7ng_01738970_00212880_00212879.jpg,https://americanarchive.org/catalog/cpb-aacip-37-49t1g7ng,00:03:32.879
cpb-aacip-37-49t1g7ng_01738970_00381882_00381881.jpg,https://americanarchive.org/catalog/cpb-aacip-37-49t1g7ng,00:06:21.881
cpb-aacip-37-49t1g7ng_01738970_00477778_00477777.jpg,https://americanarchive.org/catalog/cpb-aacip-37-49t1g7ng,00:07:57.777
cpb-aacip-37-49t1g7ng_01738970_00537271_00537270.jpg,https://americanarchive.org/catalog/cpb-aacip-37-49t1g7ng,00:08:57.270
cpb-aacip-37-49t1g7ng_01738970_00569770_00569769.jpg,https://americanarchive.org/catalog/cpb-aacip-37-49t1g7ng,00:09:29.769
cpb-aacip-37-49t1g7ng_01738970_00625259_00625257.jpg,https://americanarchive.org/catalog/cpb-aacip-37-49t1g7ng,00:10:25.257
cpb-aacip-37-49t1g7ng_01738970_00745279_00745277.jpg,https://americanarchive.org/catalog/cpb-aacip-37-49t1g7ng,00:12:25.277
cpb-aacip-37-49t1g7ng_01738970_00798899_00798898.jpg,https://americanarchive.org/catalog/cpb-aacip-37-49t1g7ng,00:13:18.898
cpb-aacip-37-49t1g7ng_01738970_00895395_00895394.jpg,https://americanarchive.org/catalog/cpb-aacip-37-49t1g7ng,00:14:55.394
cpb-aacip-37-49t1g7ng_01738970_01052886_01052885.jpg,https://americanarchive.org/catalog/cpb-aacip-37-49t1g7ng,00:17:32.885
cpb-aacip-37-49t1g7ng_01738970_01139773_01139771.jpg,https://americanarchive.org/catalog/cpb-aacip-37-49t1g7ng,00:18:59.771
cpb-aacip-37-49t1g7ng_01738970_01428028_01428026.jpg,https://americanarchive.org/catalog/cpb-aacip-37-49t1g7ng,00:23:48.026
cpb-aacip-37-49t1g7ng_01738970_01448015_01448013.jpg,https://americanarchive.org/catalog/cpb-aacip-37-49t1g7ng,00:24:08.013
cpb-aacip-37-49t1g7ng_01738970_01466900_01466898.jpg,https://americanarchive.org/catalog/cpb-aacip-37-49t1g7ng,00:24:26.898
cpb-aacip-37-60qrfs38_03611975_00555022_00555021.jpg,https://americanarchive.org/catalog/cpb-aacip-37-60qrfs38,00:09:15.021
cpb-aacip-37-60qrfs38_03611975_01205639_01205637.jpg,https://americanarchive.org/catalog/cpb-aacip-37-60qrfs38,00:20:05.637
cpb-aacip-37-60qrfs38_03611975_01936637_01936634.jpg,https://americanarchive.org/catalog/cpb-aacip-37-60qrfs38,00:32:16.634
cpb-aacip-37-60qrfs38_03611975_02055889_02055887.jpg,https://americanarchive.org/catalog/cpb-aacip-37-60qrfs38,00:34:15.887
cpb-aacip-37-60qrfs38_03611975_02686653_02686650.jpg,https://americanarchive.org/catalog/cpb-aacip-37-60qrfs38,00:44:46.650
cpb-aacip-37-60qrfs38_03611975_02806507_02806503.jpg,https://americanarchive.org/catalog/cpb-aacip-37-60qrfs38,00:46:46.503
cpb-aacip-37-60qrfs38_03611975_03217518_03217514.jpg,https://americanarchive.org/catalog/cpb-aacip-37-60qrfs38,00:53:37.514
cpb-aacip-37-60qrfs38_03611975_03386753_03386750.jpg,https://americanarchive.org/catalog/cpb-aacip-37-60qrfs38,00:56:26.750
cpb-aacip-37-72b8h440_03547977_00280380_00280380.jpg,https://americanarchive.org/catalog/cpb-aacip-37-72b8h440,00:04:40.380
cpb-aacip-37-72b8h440_03547977_00333267_00333266.jpg,https://americanarchive.org/catalog/cpb-aacip-37-72b8h440,00:05:33.266
cpb-aacip-37-72b8h440_03547977_00398031_00398030.jpg,https://americanarchive.org/catalog/cpb-aacip-37-72b8h440,00:06:38.030
cpb-aacip-37-72b8h440_03547977_00443277_00443276.jpg,https://americanarchive.org/catalog/cpb-aacip-37-72b8h440,00:07:23.276
cpb-aacip-37-72b8h440_03547977_00507407_00507406.jpg,https://americanarchive.org/catalog/cpb-aacip-37-72b8h440,00:08:27.406
cpb-aacip-37-72b8h440_03547977_00576877_00576876.jpg,https://americanarchive.org/catalog/cpb-aacip-37-72b8h440,00:09:36.876
cpb-aacip-37-72b8h440_03547977_00747014_00747012.jpg,https://americanarchive.org/catalog/cpb-aacip-37-72b8h440,00:12:27.012
cpb-aacip-37-72b8h440_03547977_00762896_00762895.jpg,https://americanarchive.org/catalog/cpb-aacip-37-72b8h440,00:12:42.895
cpb-aacip-37-72b8h440_03547977_01000501_01000499.jpg,https://americanarchive.org/catalog/cpb-aacip-37-72b8h440,00:16:40.499
cpb-aacip-37-72b8h440_03547977_01052019_01052017.jpg,https://americanarchive.org/catalog/cpb-aacip-37-72b8h440,00:17:32.017
cpb-aacip-37-72b8h440_03547977_01305772_01305771.jpg,https://americanarchive.org/catalog/cpb-aacip-37-72b8h440,00:21:45.771
cpb-aacip-37-72b8h440_03547977_01472139_01472137.jpg,https://americanarchive.org/catalog/cpb-aacip-37-72b8h440,00:24:32.137
cpb-aacip-37-72b8h440_03547977_01493260_01493258.jpg,https://americanarchive.org/catalog/cpb-aacip-37-72b8h440,00:24:53.258
cpb-aacip-37-72b8h440_03547977_02012012_02012010.jpg,https://americanarchive.org/catalog/cpb-aacip-37-72b8h440,00:33:32.010
cpb-aacip-37-72b8h440_03547977_02124391_02124388.jpg,https://americanarchive.org/catalog/cpb-aacip-37-72b8h440,00:35:24.388
cpb-aacip-37-72b8h440_03547977_02144878_02144876.jpg,https://americanarchive.org/catalog/cpb-aacip-37-72b8h440,00:35:44.876
cpb-aacip-37-72b8h440_03547977_02236637_02236634.jpg,https://americanarchive.org/catalog/cpb-aacip-37-72b8h440,00:37:16.634
cpb-aacip-37-72b8h440_03547977_02456023_02456020.jpg,https://americanarchive.org/catalog/cpb-aacip-37-72b8h440,00:40:56.020
cpb-aacip-37-72b8h440_03547977_02626026_02626023.jpg,https://americanarchive.org/catalog/cpb-aacip-37-72b8h440,00:43:46.023
cpb-aacip-37-72b8h440_03547977_02704771_02704768.jpg,https://americanarchive.org/catalog/cpb-aacip-37-72b8h440,00:45:04.768
cpb-aacip-37-72b8h440_03547977_02800767_02800764.jpg,https://americanarchive.org/catalog/cpb-aacip-37-72b8h440,00:46:40.764
cpb-aacip-37-72b8h440_03547977_03045145_03045142.jpg,https://americanarchive.org/catalog/cpb-aacip-37-72b8h440,00:50:45.142
cpb-aacip-37-72b8h440_03547977_03128395_03128391.jpg,https://americanarchive.org/catalog/cpb-aacip-37-72b8h440,00:52:08.391
cpb-aacip-37-80vq8d80_01939971_00146013_00146012.jpg,https://americanarchive.org/catalog/cpb-aacip-37-80vq8d80,00:02:26.012
cpb-aacip-37-80vq8d80_01939971_00301134_00301134.jpg,https://americanarchive.org/catalog/cpb-aacip-37-80vq8d80,00:05:01.134
cpb-aacip-37-80vq8d80_01939971_00313514_00313513.jpg,https://americanarchive.org/catalog/cpb-aacip-37-80vq8d80,00:05:13.513
cpb-aacip-37-80vq8d80_01939971_00325759_00325758.jpg,https://americanarchive.org/catalog/cpb-aacip-37-80vq8d80,00:05:25.758
cpb-aacip-37-80vq8d80_01939971_00348148_00348147.jpg,https://americanarchive.org/catalog/cpb-aacip-37-80vq8d80,00:05:48.147
cpb-aacip-37-80vq8d80_01939971_00527261_00527260.jpg,https://americanarchive.org/catalog/cpb-aacip-37-80vq8d80,00:08:47.260
cpb-aacip-37-80vq8d80_01939971_00910377_00910376.jpg,https://americanarchive.org/catalog/cpb-aacip-37-80vq8d80,00:15:10.376
cpb-aacip-37-80vq8d80_01939971_00943010_00943008.jpg,https://americanarchive.org/catalog/cpb-aacip-37-80vq8d80,00:15:43.008
cpb-aacip-37-80vq8d80_01939971_00966033_00966031.jpg,https://americanarchive.org/catalog/cpb-aacip-37-80vq8d80,00:16:06.031
cpb-aacip-37-80vq8d80_01939971_00988021_00988020.jpg,https://americanarchive.org/catalog/cpb-aacip-37-80vq8d80,00:16:28.020
cpb-aacip-37-80vq8d80_01939971_00998398_00998397.jpg,https://americanarchive.org/catalog/cpb-aacip-37-80vq8d80,00:16:38.397
cpb-aacip-37-80vq8d80_01939971_01025759_01025758.jpg,https://americanarchive.org/catalog/cpb-aacip-37-80vq8d80,00:17:05.758
cpb-aacip-37-80vq8d80_01939971_01051151_01051150.jpg,https://americanarchive.org/catalog/cpb-aacip-37-80vq8d80,00:17:31.150
cpb-aacip-37-80vq8d80_01939971_01187154_01187152.jpg,https://americanarchive.org/catalog/cpb-aacip-37-80vq8d80,00:19:47.152
cpb-aacip-37-80vq8d80_01939971_01206907_01206905.jpg,https://americanarchive.org/catalog/cpb-aacip-37-80vq8d80,00:20:06.905
cpb-aacip-37-80vq8d80_01939971_01257391_01257389.jpg,https://americanarchive.org/catalog/cpb-aacip-37-80vq8d80,00:20:57.389
cpb-aacip-37-80vq8d80_01939971_01315015_01315013.jpg,https://americanarchive.org/catalog/cpb-aacip-37-80vq8d80,00:21:55.013
cpb-aacip-37-80vq8d80_01939971_01378879_01378877.jpg,https://americanarchive.org/catalog/cpb-aacip-37-80vq8d80,00:22:58.877
cpb-aacip-37-80vq8d80_01939971_01399633_01399631.jpg,https://americanarchive.org/catalog/cpb-aacip-37-80vq8d80,00:23:19.631
cpb-aacip-37-80vq8d80_01939971_01422890_01422888.jpg,https://americanarchive.org/catalog/cpb-aacip-37-80vq8d80,00:23:42.888
cpb-aacip-37-870vtg28_03686049_00158025_00158024.jpg,https://americanarchive.org/catalog/cpb-aacip-37-870vtg28,00:02:38.024
cpb-aacip-37-870vtg28_03686049_00165132_00165131.jpg,https://americanarchive.org/catalog/cpb-aacip-37-870vtg28,00:02:45.131
cpb-aacip-37-870vtg28_03686049_00703770_00703769.jpg,https://americanarchive.org/catalog/cpb-aacip-37-870vtg28,00:11:43.769
cpb-aacip-37-870vtg28_03686049_01174274_01174273.jpg,https://americanarchive.org/catalog/cpb-aacip-37-870vtg28,00:19:34.273
cpb-aacip-37-870vtg28_03686049_01368502_01368500.jpg,https://americanarchive.org/catalog/cpb-aacip-37-870vtg28,00:22:48.500
cpb-aacip-37-870vtg28_03686049_01733133_01733131.jpg,https://americanarchive.org/catalog/cpb-aacip-37-870vtg28,00:28:53.131
cpb-aacip-37-870vtg28_03686049_01891391_01891389.jpg,https://americanarchive.org/catalog/cpb-aacip-37-870vtg28,00:31:31.389
cpb-aacip-37-870vtg28_03686049_02131532_02131529.jpg,https://americanarchive.org/catalog/cpb-aacip-37-870vtg28,00:35:31.529
cpb-aacip-37-870vtg28_03686049_02268402_02268399.jpg,https://americanarchive.org/catalog/cpb-aacip-37-870vtg28,00:37:48.399
cpb-aacip-37-870vtg28_03686049_02506640_02506637.jpg,https://americanarchive.org/catalog/cpb-aacip-37-870vtg28,00:41:46.637
cpb-aacip-37-870vtg28_03686049_02899533_02899529.jpg,https://americanarchive.org/catalog/cpb-aacip-37-870vtg28,00:48:19.529
cpb-aacip-37-870vtg28_03686049_03180781_03180777.jpg,https://americanarchive.org/catalog/cpb-aacip-37-870vtg28,00:53:00.777
cpb-aacip-37-870vtg28_03686049_03400400_03400397.jpg,https://americanarchive.org/catalog/cpb-aacip-37-870vtg28,00:56:40.397
cpb-aacip-382dab35dc4_01800064_00229763_00229762.jpg,https://americanarchive.org/catalog/cpb-aacip-382dab35dc4,00:03:49.762
cpb-aacip-382dab35dc4_01800064_00244278_00244277.jpg,https://americanarchive.org/catalog/cpb-aacip-382dab35dc4,00:04:04.277
cpb-aacip-382dab35dc4_01800064_00525125_00525124.jpg,https://americanarchive.org/catalog/cpb-aacip-382dab35dc4,00:08:45.124
cpb-aacip-382dab35dc4_01800064_00657524_00657523.jpg,https://americanarchive.org/catalog/cpb-aacip-382dab35dc4,00:10:57.523
cpb-aacip-382dab35dc4_01800064_01238772_01238770.jpg,https://americanarchive.org/catalog/cpb-aacip-382dab35dc4,00:20:38.770
cpb-aacip-384-69m37zn1_03544974_00312012_00312011.jpg,https://americanarchive.org/catalog/cpb-aacip-384-69m37zn1,00:05:12.011
cpb-aacip-384-69m37zn1_03544974_00382015_00382014.jpg,https://americanarchive.org/catalog/cpb-aacip-384-69m37zn1,00:06:22.014
cpb-aacip-384-69m37zn1_03544974_00441275_00441274.jpg,https://americanarchive.org/catalog/cpb-aacip-384-69m37zn1,00:07:21.274
cpb-aacip-384-69m37zn1_03544974_00459626_00459625.jpg,https://americanarchive.org/catalog/cpb-aacip-384-69m37zn1,00:07:39.625
cpb-aacip-384-69m37zn1_03544974_00485152_00485151.jpg,https://americanarchive.org/catalog/cpb-aacip-384-69m37zn1,00:08:05.151
cpb-aacip-384-69m37zn1_03544974_00491391_00491390.jpg,https://americanarchive.org/catalog/cpb-aacip-384-69m37zn1,00:08:11.390
cpb-aacip-384-69m37zn1_03544974_00521655_00521654.jpg,https://americanarchive.org/catalog/cpb-aacip-384-69m37zn1,00:08:41.654
cpb-aacip-384-69m37zn1_03544974_00586386_00586385.jpg,https://americanarchive.org/catalog/cpb-aacip-384-69m37zn1,00:09:46.385
cpb-aacip-384-69m37zn1_03544974_00629630_00629629.jpg,https://americanarchive.org/catalog/cpb-aacip-384-69m37zn1,00:10:29.629
cpb-aacip-384-69m37zn1_03544974_00705906_00705905.jpg,https://americanarchive.org/catalog/cpb-aacip-384-69m37zn1,00:11:45.905
cpb-aacip-384-69m37zn1_03544974_00730030_00730029.jpg,https://americanarchive.org/catalog/cpb-aacip-384-69m37zn1,00:12:10.029
cpb-aacip-384-69m37zn1_03544974_00803003_00803002.jpg,https://americanarchive.org/catalog/cpb-aacip-384-69m37zn1,00:13:23.002
cpb-aacip-384-69m37zn1_03544974_00831899_00831897.jpg,https://americanarchive.org/catalog/cpb-aacip-384-69m37zn1,00:13:51.897
cpb-aacip-384-69m37zn1_03544974_00975008_00975007.jpg,https://americanarchive.org/catalog/cpb-aacip-384-69m37zn1,00:16:15.007
cpb-aacip-384-69m37zn1_03544974_01414147_01414146.jpg,https://americanarchive.org/catalog/cpb-aacip-384-69m37zn1,00:23:34.146
cpb-aacip-384-69m37zn1_03544974_01782282_01782280.jpg,https://americanarchive.org/catalog/cpb-aacip-384-69m37zn1,00:29:42.280
cpb-aacip-384-69m37zn1_03544974_02758258_02758255.jpg,https://americanarchive.org/catalog/cpb-aacip-384-69m37zn1,00:45:58.255
cpb-aacip-384-69m37zn1_03544974_02938272_02938268.jpg,https://americanarchive.org/catalog/cpb-aacip-384-69m37zn1,00:48:58.268
cpb-aacip-384-69m37zn1_03544974_02947381_02947377.jpg,https://americanarchive.org/catalog/cpb-aacip-384-69m37zn1,00:49:07.377
cpb-aacip-384-69m37zn1_03544974_03038272_03038268.jpg,https://americanarchive.org/catalog/cpb-aacip-384-69m37zn1,00:50:38.268
cpb-aacip-384-69m37zn1_03544974_03211512_03211508.jpg,https://americanarchive.org/catalog/cpb-aacip-384-69m37zn1,00:53:31.508
cpb-aacip-394-03cz907r_03550113_00855656_00855654.jpg,https://americanarchive.org/catalog/cpb-aacip-394-03cz907r,00:14:15.654
cpb-aacip-394-03cz907r_03550113_00890257_00890256.jpg,https://americanarchive.org/catalog/cpb-aacip-394-03cz907r,00:14:50.256
cpb-aacip-394-03cz907r_03550113_00930631_00930629.jpg,https://americanarchive.org/catalog/cpb-aacip-394-03cz907r,00:15:30.629
cpb-aacip-394-03cz907r_03550113_00977144_00977142.jpg,https://americanarchive.org/catalog/cpb-aacip-394-03cz907r,00:16:17.142
cpb-aacip-394-03cz907r_03550113_01033500_01033499.jpg,https://americanarchive.org/catalog/cpb-aacip-394-03cz907r,00:17:13.499
cpb-aacip-394-03cz907r_03550113_01318252_01318250.jpg,https://americanarchive.org/catalog/cpb-aacip-394-03cz907r,00:21:58.250
cpb-aacip-394-03cz907r_03550113_01424758_01424756.jpg,https://americanarchive.org/catalog/cpb-aacip-394-03cz907r,00:23:44.756
cpb-aacip-394-03cz907r_03550113_01498632_01498630.jpg,https://americanarchive.org/catalog/cpb-aacip-394-03cz907r,00:24:58.630
cpb-aacip-394-03cz907r_03550113_01553253_01553251.jpg,https://americanarchive.org/catalog/cpb-aacip-394-03cz907r,00:25:53.251
cpb-aacip-394-03cz907r_03550113_01645379_01645377.jpg,https://americanarchive.org/catalog/cpb-aacip-394-03cz907r,00:27:25.377
cpb-aacip-394-03cz907r_03550113_01669770_01669768.jpg,https://americanarchive.org/catalog/cpb-aacip-394-03cz907r,00:27:49.768
cpb-aacip-394-03cz907r_03550113_01806507_01806504.jpg,https://americanarchive.org/catalog/cpb-aacip-394-03cz907r,00:30:06.504
cpb-aacip-394-03cz907r_03550113_01839773_01839771.jpg,https://americanarchive.org/catalog/cpb-aacip-394-03cz907r,00:30:39.771
cpb-aacip-394-03cz907r_03550113_01897130_01897128.jpg,https://americanarchive.org/catalog/cpb-aacip-394-03cz907r,00:31:37.128
cpb-aacip-394-03cz907r_03550113_01925626_01925623.jpg,https://americanarchive.org/catalog/cpb-aacip-394-03cz907r,00:32:05.623
cpb-aacip-394-03cz907r_03550113_01951151_01951149.jpg,https://americanarchive.org/catalog/cpb-aacip-394-03cz907r,00:32:31.149
cpb-aacip-394-03cz907r_03550113_01992392_01992390.jpg,https://americanarchive.org/catalog/cpb-aacip-394-03cz907r,00:33:12.390
cpb-aacip-394-03cz907r_03550113_02007407_02007405.jpg,https://americanarchive.org/catalog/cpb-aacip-394-03cz907r,00:33:27.405
cpb-aacip-394-03cz907r_03550113_02017518_02017515.jpg,https://americanarchive.org/catalog/cpb-aacip-394-03cz907r,00:33:37.515
cpb-aacip-394-03cz907r_03550113_02063130_02063127.jpg,https://americanarchive.org/catalog/cpb-aacip-394-03cz907r,00:34:23.127
cpb-aacip-394-03cz907r_03550113_02189656_02189654.jpg,https://americanarchive.org/catalog/cpb-aacip-394-03cz907r,00:36:29.654
cpb-aacip-394-03cz907r_03550113_02204771_02204769.jpg,https://americanarchive.org/catalog/cpb-aacip-394-03cz907r,00:36:44.769
cpb-aacip-394-03cz907r_03550113_02247514_02247511.jpg,https://americanarchive.org/catalog/cpb-aacip-394-03cz907r,00:37:27.511
cpb-aacip-394-03cz907r_03550113_02318886_02318883.jpg,https://americanarchive.org/catalog/cpb-aacip-394-03cz907r,00:38:38.883
cpb-aacip-394-03cz907r_03550113_02434902_02434899.jpg,https://americanarchive.org/catalog/cpb-aacip-394-03cz907r,00:40:34.899
cpb-aacip-394-03cz907r_03550113_02552386_02552383.jpg,https://americanarchive.org/catalog/cpb-aacip-394-03cz907r,00:42:32.383
cpb-aacip-394-03cz907r_03550113_02648882_02648879.jpg,https://americanarchive.org/catalog/cpb-aacip-394-03cz907r,00:44:08.879
cpb-aacip-394-03cz907r_03550113_02895395_02895392.jpg,https://americanarchive.org/catalog/cpb-aacip-394-03cz907r,00:48:15.392
cpb-aacip-394-03cz907r_03550113_03130030_03130026.jpg,https://americanarchive.org/catalog/cpb-aacip-394-03cz907r,00:52:10.026
cpb-aacip-394-03cz907r_03550113_03277644_03277641.jpg,https://americanarchive.org/catalog/cpb-aacip-394-03cz907r,00:54:37.641
cpb-aacip-394-117m0gr7_01764996_00085385_00085385.jpg,https://americanarchive.org/catalog/cpb-aacip-394-117m0gr7,00:01:25.385
cpb-aacip-394-117m0gr7_01764996_00105272_00105271.jpg,https://americanarchive.org/catalog/cpb-aacip-394-117m0gr7,00:01:45.271
cpb-aacip-394-117m0gr7_01764996_00122890_00122889.jpg,https://americanarchive.org/catalog/cpb-aacip-394-117m0gr7,00:02:02.889
cpb-aacip-394-117m0gr7_01764996_00146146_00146146.jpg,https://americanarchive.org/catalog/cpb-aacip-394-117m0gr7,00:02:26.146
cpb-aacip-394-117m0gr7_01764996_00484017_00484016.jpg,https://americanarchive.org/catalog/cpb-aacip-394-117m0gr7,00:08:04.016
cpb-aacip-394-117m0gr7_01764996_00641408_00641407.jpg,https://americanarchive.org/catalog/cpb-aacip-394-117m0gr7,00:10:41.407
cpb-aacip-394-117m0gr7_01764996_00897130_00897129.jpg,https://americanarchive.org/catalog/cpb-aacip-394-117m0gr7,00:14:57.129
cpb-aacip-394-117m0gr7_01764996_01112379_01112377.jpg,https://americanarchive.org/catalog/cpb-aacip-394-117m0gr7,00:18:32.377
cpb-aacip-394-117m0gr7_01764996_01382649_01382647.jpg,https://americanarchive.org/catalog/cpb-aacip-394-117m0gr7,00:23:02.647
cpb-aacip-394-117m0gr7_01764996_01436403_01436401.jpg,https://americanarchive.org/catalog/cpb-aacip-394-117m0gr7,00:23:56.401
cpb-aacip-394-1615dzz8_01745443_00911144_00911143.jpg,https://americanarchive.org/catalog/cpb-aacip-394-1615dzz8,00:15:11.143
cpb-aacip-394-1615dzz8_01745443_00983383_00983382.jpg,https://americanarchive.org/catalog/cpb-aacip-394-1615dzz8,00:16:23.382
cpb-aacip-394-1615dzz8_01745443_01104771_01104770.jpg,https://americanarchive.org/catalog/cpb-aacip-394-1615dzz8,00:18:24.770
cpb-aacip-394-1615dzz8_01745443_01210644_01210642.jpg,https://americanarchive.org/catalog/cpb-aacip-394-1615dzz8,00:20:10.642
cpb-aacip-394-1615dzz8_01745443_01539406_01539404.jpg,https://americanarchive.org/catalog/cpb-aacip-394-1615dzz8,00:25:39.404
cpb-aacip-394-1615dzz8_01745443_01579012_01579010.jpg,https://americanarchive.org/catalog/cpb-aacip-394-1615dzz8,00:26:19.010
cpb-aacip-394-4302vfj6_01079978_00562396_00562395.jpg,https://americanarchive.org/catalog/cpb-aacip-394-4302vfj6,00:09:22.395
cpb-aacip-394-4302vfj6_01079978_00896029_00896028.jpg,https://americanarchive.org/catalog/cpb-aacip-394-4302vfj6,00:14:56.028
cpb-aacip-394-4302vfj6_01079978_00910277_00910276.jpg,https://americanarchive.org/catalog/cpb-aacip-394-4302vfj6,00:15:10.276
cpb-aacip-394-4947dgch_03717980_00064264_00064264.jpg,https://americanarchive.org/catalog/cpb-aacip-394-4947dgch,00:01:04.264
cpb-aacip-394-4947dgch_03717980_00211645_00211644.jpg,https://americanarchive.org/catalog/cpb-aacip-394-4947dgch,00:03:31.644
cpb-aacip-394-4947dgch_03717980_00225526_00225525.jpg,https://americanarchive.org/catalog/cpb-aacip-394-4947dgch,00:03:45.525
cpb-aacip-394-4947dgch_03717980_00445379_00445378.jpg,https://americanarchive.org/catalog/cpb-aacip-394-4947dgch,00:07:25.378
cpb-aacip-394-4947dgch_03717980_00657758_00657757.jpg,https://americanarchive.org/catalog/cpb-aacip-394-4947dgch,00:10:57.757
cpb-aacip-394-4947dgch_03717980_00818752_00818751.jpg,https://americanarchive.org/catalog/cpb-aacip-394-4947dgch,00:13:38.751
cpb-aacip-394-4947dgch_03717980_00947381_00947379.jpg,https://americanarchive.org/catalog/cpb-aacip-394-4947dgch,00:15:47.379
cpb-aacip-394-4947dgch_03717980_01145879_01145878.jpg,https://americanarchive.org/catalog/cpb-aacip-394-4947dgch,00:19:05.878
cpb-aacip-394-4947dgch_03717980_01218151_01218150.jpg,https://americanarchive.org/catalog/cpb-aacip-394-4947dgch,00:20:18.150
cpb-aacip-394-4947dgch_03717980_01331398_01331396.jpg,https://americanarchive.org/catalog/cpb-aacip-394-4947dgch,00:22:11.396
cpb-aacip-394-4947dgch_03717980_01382015_01382013.jpg,https://americanarchive.org/catalog/cpb-aacip-394-4947dgch,00:23:02.013
cpb-aacip-394-4947dgch_03717980_01449283_01449281.jpg,https://americanarchive.org/catalog/cpb-aacip-394-4947dgch,00:24:09.281
cpb-aacip-394-4947dgch_03717980_01517518_01517516.jpg,https://americanarchive.org/catalog/cpb-aacip-394-4947dgch,00:25:17.516
cpb-aacip-394-4947dgch_03717980_01643777_01643775.jpg,https://americanarchive.org/catalog/cpb-aacip-394-4947dgch,00:27:23.775
cpb-aacip-394-4947dgch_03717980_01848015_01848012.jpg,https://americanarchive.org/catalog/cpb-aacip-394-4947dgch,00:30:48.012
cpb-aacip-394-4947dgch_03717980_02090390_02090388.jpg,https://americanarchive.org/catalog/cpb-aacip-394-4947dgch,00:34:50.388
cpb-aacip-394-4947dgch_03717980_02173507_02173504.jpg,https://americanarchive.org/catalog/cpb-aacip-394-4947dgch,00:36:13.504
cpb-aacip-394-4947dgch_03717980_02226126_02226123.jpg,https://americanarchive.org/catalog/cpb-aacip-394-4947dgch,00:37:06.123
cpb-aacip-394-4947dgch_03717980_02301268_02301265.jpg,https://americanarchive.org/catalog/cpb-aacip-394-4947dgch,00:38:21.265
cpb-aacip-394-4947dgch_03717980_02475275_02475272.jpg,https://americanarchive.org/catalog/cpb-aacip-394-4947dgch,00:41:15.272
cpb-aacip-394-4947dgch_03717980_02551518_02551515.jpg,https://americanarchive.org/catalog/cpb-aacip-394-4947dgch,00:42:31.515
cpb-aacip-394-4947dgch_03717980_02688889_02688886.jpg,https://americanarchive.org/catalog/cpb-aacip-394-4947dgch,00:44:48.886
cpb-aacip-394-4947dgch_03717980_02790657_02790654.jpg,https://americanarchive.org/catalog/cpb-aacip-394-4947dgch,00:46:30.654
cpb-aacip-394-4947dgch_03717980_02818752_02818749.jpg,https://americanarchive.org/catalog/cpb-aacip-394-4947dgch,00:46:58.749
cpb-aacip-394-4947dgch_03717980_02923023_02923020.jpg,https://americanarchive.org/catalog/cpb-aacip-394-4947dgch,00:48:43.020
cpb-aacip-394-4947dgch_03717980_03299266_03299262.jpg,https://americanarchive.org/catalog/cpb-aacip-394-4947dgch,00:54:59.262
cpb-aacip-394-580k6swg_03468298_00086019_00086019.jpg,https://americanarchive.org/catalog/cpb-aacip-394-580k6swg,00:01:26.019
cpb-aacip-394-580k6swg_03468298_00092392_00092392.jpg,https://americanarchive.org/catalog/cpb-aacip-394-580k6swg,00:01:32.392
cpb-aacip-394-580k6swg_03468298_00227761_00227760.jpg,https://americanarchive.org/catalog/cpb-aacip-394-580k6swg,00:03:47.760
cpb-aacip-394-580k6swg_03468298_00241642_00241641.jpg,https://americanarchive.org/catalog/cpb-aacip-394-580k6swg,00:04:01.641
cpb-aacip-394-580k6swg_03468298_00300133_00300133.jpg,https://americanarchive.org/catalog/cpb-aacip-394-580k6swg,00:05:00.133
cpb-aacip-394-580k6swg_03468298_00420754_00420753.jpg,https://americanarchive.org/catalog/cpb-aacip-394-580k6swg,00:07:00.753
cpb-aacip-394-580k6swg_03468298_01016283_01016281.jpg,https://americanarchive.org/catalog/cpb-aacip-394-580k6swg,00:16:56.281
cpb-aacip-394-580k6swg_03468298_01263764_01263762.jpg,https://americanarchive.org/catalog/cpb-aacip-394-580k6swg,00:21:03.762
cpb-aacip-394-580k6swg_03468298_01447381_01447379.jpg,https://americanarchive.org/catalog/cpb-aacip-394-580k6swg,00:24:07.379
cpb-aacip-394-580k6swg_03468298_01479880_01479878.jpg,https://americanarchive.org/catalog/cpb-aacip-394-580k6swg,00:24:39.878
cpb-aacip-394-580k6swg_03468298_01655022_01655020.jpg,https://americanarchive.org/catalog/cpb-aacip-394-580k6swg,00:27:35.020
cpb-aacip-394-580k6swg_03468298_01831532_01831529.jpg,https://americanarchive.org/catalog/cpb-aacip-394-580k6swg,00:30:31.529
cpb-aacip-394-580k6swg_03468298_01911378_01911376.jpg,https://americanarchive.org/catalog/cpb-aacip-394-580k6swg,00:31:51.376
cpb-aacip-394-580k6swg_03468298_01945379_01945376.jpg,https://americanarchive.org/catalog/cpb-aacip-394-580k6swg,00:32:25.376
cpb-aacip-394-580k6swg_03468298_02033033_02033031.jpg,https://americanarchive.org/catalog/cpb-aacip-394-580k6swg,00:33:53.031
cpb-aacip-394-580k6swg_03468298_02139139_02139137.jpg,https://americanarchive.org/catalog/cpb-aacip-394-580k6swg,00:35:39.137
cpb-aacip-394-580k6swg_03468298_02334635_02334632.jpg,https://americanarchive.org/catalog/cpb-aacip-394-580k6swg,00:38:54.632
cpb-aacip-394-580k6swg_03468298_02357524_02357521.jpg,https://americanarchive.org/catalog/cpb-aacip-394-580k6swg,00:39:17.521
cpb-aacip-394-580k6swg_03468298_02446013_02446010.jpg,https://americanarchive.org/catalog/cpb-aacip-394-580k6swg,00:40:46.010
cpb-aacip-394-580k6swg_03468298_02489656_02489653.jpg,https://americanarchive.org/catalog/cpb-aacip-394-580k6swg,00:41:29.653
cpb-aacip-394-580k6swg_03468298_02600634_02600631.jpg,https://americanarchive.org/catalog/cpb-aacip-394-580k6swg,00:43:20.631
cpb-aacip-394-580k6swg_03468298_02822523_02822519.jpg,https://americanarchive.org/catalog/cpb-aacip-394-580k6swg,00:47:02.519
cpb-aacip-394-655dvdm7_01625156_00122256_00122255.jpg,https://americanarchive.org/catalog/cpb-aacip-394-655dvdm7,00:02:02.255
cpb-aacip-394-655dvdm7_01625156_00155022_00155021.jpg,https://americanarchive.org/catalog/cpb-aacip-394-655dvdm7,00:02:35.021
cpb-aacip-394-655dvdm7_01625156_00459626_00459625.jpg,https://americanarchive.org/catalog/cpb-aacip-394-655dvdm7,00:07:39.625
cpb-aacip-394-655dvdm7_01625156_00486386_00486385.jpg,https://americanarchive.org/catalog/cpb-aacip-394-655dvdm7,00:08:06.385
cpb-aacip-394-655dvdm7_01625156_00623390_00623389.jpg,https://americanarchive.org/catalog/cpb-aacip-394-655dvdm7,00:10:23.389
cpb-aacip-394-655dvdm7_01625156_00672005_00672004.jpg,https://americanarchive.org/catalog/cpb-aacip-394-655dvdm7,00:11:12.004
cpb-aacip-394-655dvdm7_01625156_01032132_01032131.jpg,https://americanarchive.org/catalog/cpb-aacip-394-655dvdm7,00:17:12.131
cpb-aacip-394-655dvdm7_01625156_01134134_01134133.jpg,https://americanarchive.org/catalog/cpb-aacip-394-655dvdm7,00:18:54.133
cpb-aacip-394-655dvdm7_01625156_01258392_01258390.jpg,https://americanarchive.org/catalog/cpb-aacip-394-655dvdm7,00:20:58.390
cpb-aacip-394-655dvdm7_01625156_01383150_01383148.jpg,https://americanarchive.org/catalog/cpb-aacip-394-655dvdm7,00:23:03.148
cpb-aacip-394-79h44xqm_03539969_00131632_00131631.jpg,https://americanarchive.org/catalog/cpb-aacip-394-79h44xqm,00:02:11.631
cpb-aacip-394-79h44xqm_03539969_00290891_00290890.jpg,https://americanarchive.org/catalog/cpb-aacip-394-79h44xqm,00:04:50.890
cpb-aacip-394-79h44xqm_03539969_00643010_00643009.jpg,https://americanarchive.org/catalog/cpb-aacip-394-79h44xqm,00:10:43.009
cpb-aacip-394-79h44xqm_03539969_00739640_00739638.jpg,https://americanarchive.org/catalog/cpb-aacip-394-79h44xqm,00:12:19.638
cpb-aacip-394-79h44xqm_03539969_00888755_00888754.jpg,https://americanarchive.org/catalog/cpb-aacip-394-79h44xqm,00:14:48.754
cpb-aacip-394-79h44xqm_03539969_00997531_00997529.jpg,https://americanarchive.org/catalog/cpb-aacip-394-79h44xqm,00:16:37.529
cpb-aacip-394-79h44xqm_03539969_01457891_01457889.jpg,https://americanarchive.org/catalog/cpb-aacip-394-79h44xqm,00:24:17.889
cpb-aacip-394-79h44xqm_03539969_01616383_01616381.jpg,https://americanarchive.org/catalog/cpb-aacip-394-79h44xqm,00:26:56.381
cpb-aacip-394-79h44xqm_03539969_01793760_01793758.jpg,https://americanarchive.org/catalog/cpb-aacip-394-79h44xqm,00:29:53.758
cpb-aacip-394-79h44xqm_03539969_01862763_01862760.jpg,https://americanarchive.org/catalog/cpb-aacip-394-79h44xqm,00:31:02.760
cpb-aacip-394-79h44xqm_03539969_02007140_02007138.jpg,https://americanarchive.org/catalog/cpb-aacip-394-79h44xqm,00:33:27.138
cpb-aacip-394-79h44xqm_03539969_02155255_02155253.jpg,https://americanarchive.org/catalog/cpb-aacip-394-79h44xqm,00:35:55.253
cpb-aacip-394-79h44xqm_03539969_02203003_02203000.jpg,https://americanarchive.org/catalog/cpb-aacip-394-79h44xqm,00:36:43.000
cpb-aacip-394-79h44xqm_03539969_02255389_02255386.jpg,https://americanarchive.org/catalog/cpb-aacip-394-79h44xqm,00:37:35.386
cpb-aacip-394-79h44xqm_03539969_02375876_02375873.jpg,https://americanarchive.org/catalog/cpb-aacip-394-79h44xqm,00:39:35.873
cpb-aacip-394-79h44xqm_03539969_02544378_02544375.jpg,https://americanarchive.org/catalog/cpb-aacip-394-79h44xqm,00:42:24.375
cpb-aacip-394-79h44xqm_03539969_02651652_02651649.jpg,https://americanarchive.org/catalog/cpb-aacip-394-79h44xqm,00:44:11.649
cpb-aacip-394-79h44xqm_03539969_02751018_02751014.jpg,https://americanarchive.org/catalog/cpb-aacip-394-79h44xqm,00:45:51.014
cpb-aacip-394-902z3kv9_01776541_00366400_00366399.jpg,https://americanarchive.org/catalog/cpb-aacip-394-902z3kv9,00:06:06.399
cpb-aacip-394-902z3kv9_01776541_00445012_00445011.jpg,https://americanarchive.org/catalog/cpb-aacip-394-902z3kv9,00:07:25.011
cpb-aacip-394-902z3kv9_01776541_00536136_00536135.jpg,https://americanarchive.org/catalog/cpb-aacip-394-902z3kv9,00:08:56.135
cpb-aacip-394-902z3kv9_01776541_01086887_01086885.jpg,https://americanarchive.org/catalog/cpb-aacip-394-902z3kv9,00:18:06.885
cpb-aacip-394-902z3kv9_01776541_01260260_01260259.jpg,https://americanarchive.org/catalog/cpb-aacip-394-902z3kv9,00:21:00.259
cpb-aacip-394-902z3kv9_01776541_01353520_01353518.jpg,https://americanarchive.org/catalog/cpb-aacip-394-902z3kv9,00:22:33.518
cpb-aacip-394-902z3kv9_01776541_01444144_01444142.jpg,https://americanarchive.org/catalog/cpb-aacip-394-902z3kv9,00:24:04.142
cpb-aacip-394-902z3kv9_01776541_01526260_01526258.jpg,https://americanarchive.org/catalog/cpb-aacip-394-902z3kv9,00:25:26.258
cpb-aacip-394-902z3kv9_01776541_01680380_01680378.jpg,https://americanarchive.org/catalog/cpb-aacip-394-902z3kv9,00:28:00.378
cpb-aacip-394-924b8vv6_03501998_00075642_00075642.jpg,https://americanarchive.org/catalog/cpb-aacip-394-924b8vv6,00:01:15.642
cpb-aacip-394-924b8vv6_03501998_00164031_00164030.jpg,https://americanarchive.org/catalog/cpb-aacip-394-924b8vv6,00:02:44.030
cpb-aacip-394-924b8vv6_03501998_01573507_01573505.jpg,https://americanarchive.org/catalog/cpb-aacip-394-924b8vv6,00:26:13.505
cpb-aacip-394-924b8vv6_03501998_01784751_01784749.jpg,https://americanarchive.org/catalog/cpb-aacip-394-924b8vv6,00:29:44.749
cpb-aacip-394-924b8vv6_03501998_01833133_01833131.jpg,https://americanarchive.org/catalog/cpb-aacip-394-924b8vv6,00:30:33.131
cpb-aacip-394-924b8vv6_03501998_01877778_01877775.jpg,https://americanarchive.org/catalog/cpb-aacip-394-924b8vv6,00:31:17.775
cpb-aacip-394-924b8vv6_03501998_01912279_01912277.jpg,https://americanarchive.org/catalog/cpb-aacip-394-924b8vv6,00:31:52.277
cpb-aacip-394-924b8vv6_03501998_02004004_02004002.jpg,https://americanarchive.org/catalog/cpb-aacip-394-924b8vv6,00:33:24.002
cpb-aacip-394-924b8vv6_03501998_02318252_02318249.jpg,https://americanarchive.org/catalog/cpb-aacip-394-924b8vv6,00:38:38.249
cpb-aacip-394-924b8vv6_03501998_02520020_02520017.jpg,https://americanarchive.org/catalog/cpb-aacip-394-924b8vv6,00:42:00.017
cpb-aacip-394-924b8vv6_03501998_02961762_02961758.jpg,https://americanarchive.org/catalog/cpb-aacip-394-924b8vv6,00:49:21.758
cpb-aacip-394-92t4bngd_01766998_00185886_00185885.jpg,https://americanarchive.org/catalog/cpb-aacip-394-92t4bngd,00:03:05.885
cpb-aacip-394-92t4bngd_01766998_00883517_00883515.jpg,https://americanarchive.org/catalog/cpb-aacip-394-92t4bngd,00:14:43.515
cpb-aacip-394-92t4bngd_01766998_01291525_01291523.jpg,https://americanarchive.org/catalog/cpb-aacip-394-92t4bngd,00:21:31.523
cpb-aacip-394-92t4bngd_01766998_01550384_01550382.jpg,https://americanarchive.org/catalog/cpb-aacip-394-92t4bngd,00:25:50.382
cpb-aacip-394-97kps6rb_03419983_00278645_00278645.jpg,https://americanarchive.org/catalog/cpb-aacip-394-97kps6rb,00:04:38.645
cpb-aacip-394-97kps6rb_03419983_00478378_00478377.jpg,https://americanarchive.org/catalog/cpb-aacip-394-97kps6rb,00:07:58.377
cpb-aacip-394-97kps6rb_03419983_00594027_00594026.jpg,https://americanarchive.org/catalog/cpb-aacip-394-97kps6rb,00:09:54.026
cpb-aacip-394-97kps6rb_03419983_00828395_00828394.jpg,https://americanarchive.org/catalog/cpb-aacip-394-97kps6rb,00:13:48.394
cpb-aacip-394-97kps6rb_03419983_00872406_00872404.jpg,https://americanarchive.org/catalog/cpb-aacip-394-97kps6rb,00:14:32.404
cpb-aacip-394-97kps6rb_03419983_00965132_00965130.jpg,https://americanarchive.org/catalog/cpb-aacip-394-97kps6rb,00:16:05.130
cpb-aacip-394-97kps6rb_03419983_01059526_01059525.jpg,https://americanarchive.org/catalog/cpb-aacip-394-97kps6rb,00:17:39.525
cpb-aacip-394-97kps6rb_03419983_01172272_01172271.jpg,https://americanarchive.org/catalog/cpb-aacip-394-97kps6rb,00:19:32.271
cpb-aacip-394-97kps6rb_03419983_01328262_01328260.jpg,https://americanarchive.org/catalog/cpb-aacip-394-97kps6rb,00:22:08.260
cpb-aacip-394-97kps6rb_03419983_01455389_01455387.jpg,https://americanarchive.org/catalog/cpb-aacip-394-97kps6rb,00:24:15.387
cpb-aacip-394-97kps6rb_03419983_01598765_01598763.jpg,https://americanarchive.org/catalog/cpb-aacip-394-97kps6rb,00:26:38.763
cpb-aacip-394-97kps6rb_03419983_01842776_01842774.jpg,https://americanarchive.org/catalog/cpb-aacip-394-97kps6rb,00:30:42.774
cpb-aacip-394-97kps6rb_03419983_01888021_01888019.jpg,https://americanarchive.org/catalog/cpb-aacip-394-97kps6rb,00:31:28.019
cpb-aacip-394-97kps6rb_03419983_02221755_02221752.jpg,https://americanarchive.org/catalog/cpb-aacip-394-97kps6rb,00:37:01.752
cpb-aacip-394-97kps6rb_03419983_02372906_02372903.jpg,https://americanarchive.org/catalog/cpb-aacip-394-97kps6rb,00:39:32.903
cpb-aacip-394-97kps6rb_03419983_02457758_02457755.jpg,https://americanarchive.org/catalog/cpb-aacip-394-97kps6rb,00:40:57.755
cpb-aacip-394-97kps6rb_03419983_02547381_02547378.jpg,https://americanarchive.org/catalog/cpb-aacip-394-97kps6rb,00:42:27.378
cpb-aacip-398-33dz0cqh_00779979_00142376_00142375.jpg,https://americanarchive.org/catalog/cpb-aacip-398-33dz0cqh,00:02:22.375
cpb-aacip-398-33dz0cqh_00779979_00158258_00158258.jpg,https://americanarchive.org/catalog/cpb-aacip-398-33dz0cqh,00:02:38.258
cpb-aacip-398-33dz0cqh_00779979_00178645_00178645.jpg,https://americanarchive.org/catalog/cpb-aacip-398-33dz0cqh,00:02:58.645
cpb-aacip-398-33dz0cqh_00779979_00218886_00218885.jpg,https://americanarchive.org/catalog/cpb-aacip-398-33dz0cqh,00:03:38.885
cpb-aacip-398-33dz0cqh_00779979_00647014_00647013.jpg,https://americanarchive.org/catalog/cpb-aacip-398-33dz0cqh,00:10:47.013
cpb-aacip-398-33dz0cqh_00779979_00684151_00684150.jpg,https://americanarchive.org/catalog/cpb-aacip-398-33dz0cqh,00:11:24.150
cpb-aacip-398-33dz0cqh_00779979_00703403_00703402.jpg,https://americanarchive.org/catalog/cpb-aacip-398-33dz0cqh,00:11:43.402
cpb-aacip-398-33dz0cqh_00779979_00726627_00726625.jpg,https://americanarchive.org/catalog/cpb-aacip-398-33dz0cqh,00:12:06.625
cpb-aacip-3b41e4db8cc_01789788_00183750_00183750.jpg,https://americanarchive.org/catalog/cpb-aacip-3b41e4db8cc,00:03:03.750
cpb-aacip-3b41e4db8cc_01789788_00244511_00244510.jpg,https://americanarchive.org/catalog/cpb-aacip-3b41e4db8cc,00:04:04.510
cpb-aacip-3b41e4db8cc_01789788_00685519_00685518.jpg,https://americanarchive.org/catalog/cpb-aacip-3b41e4db8cc,00:11:25.518
cpb-aacip-3b41e4db8cc_01789788_00753153_00753152.jpg,https://americanarchive.org/catalog/cpb-aacip-3b41e4db8cc,00:12:33.152
cpb-aacip-3b41e4db8cc_01789788_00924892_00924890.jpg,https://americanarchive.org/catalog/cpb-aacip-3b41e4db8cc,00:15:24.890
cpb-aacip-3b4f86b889b_01743308_00097531_00097530.jpg,https://americanarchive.org/catalog/cpb-aacip-3b4f86b889b,00:01:37.530
cpb-aacip-3b4f86b889b_01743308_00284151_00284150.jpg,https://americanarchive.org/catalog/cpb-aacip-3b4f86b889b,00:04:44.150
cpb-aacip-3b4f86b889b_01743308_00603637_00603636.jpg,https://americanarchive.org/catalog/cpb-aacip-3b4f86b889b,00:10:03.636
cpb-aacip-3b4f86b889b_01743308_00623390_00623389.jpg,https://americanarchive.org/catalog/cpb-aacip-3b4f86b889b,00:10:23.389
cpb-aacip-3b4f86b889b_01743308_00900133_00900132.jpg,https://americanarchive.org/catalog/cpb-aacip-3b4f86b889b,00:15:00.132
cpb-aacip-3b4f86b889b_01743308_01049883_01049882.jpg,https://americanarchive.org/catalog/cpb-aacip-3b4f86b889b,00:17:29.882
cpb-aacip-3b4f86b889b_01743308_01119386_01119384.jpg,https://americanarchive.org/catalog/cpb-aacip-3b4f86b889b,00:18:39.384
cpb-aacip-3b4f86b889b_01743308_01233400_01233398.jpg,https://americanarchive.org/catalog/cpb-aacip-3b4f86b889b,00:20:33.398
cpb-aacip-3b4f86b889b_01743308_01370137_01370135.jpg,https://americanarchive.org/catalog/cpb-aacip-3b4f86b889b,00:22:50.135
cpb-aacip-3b4f86b889b_01743308_01553253_01553251.jpg,https://americanarchive.org/catalog/cpb-aacip-3b4f86b889b,00:25:53.251
cpb-aacip-3be5e7fd74c_01959424_00158158_00158158.jpg,https://americanarchive.org/catalog/cpb-aacip-3be5e7fd74c,00:02:38.158
cpb-aacip-3be5e7fd74c_01959424_00315148_00315148.jpg,https://americanarchive.org/catalog/cpb-aacip-3be5e7fd74c,00:05:15.148
cpb-aacip-3be5e7fd74c_01959424_00438005_00438004.jpg,https://americanarchive.org/catalog/cpb-aacip-3be5e7fd74c,00:07:18.004
cpb-aacip-3be5e7fd74c_01959424_00708642_00708641.jpg,https://americanarchive.org/catalog/cpb-aacip-3be5e7fd74c,00:11:48.641
cpb-aacip-3be5e7fd74c_01959424_00767267_00767266.jpg,https://americanarchive.org/catalog/cpb-aacip-3be5e7fd74c,00:12:47.266
cpb-aacip-3be5e7fd74c_01959424_00957891_00957890.jpg,https://americanarchive.org/catalog/cpb-aacip-3be5e7fd74c,00:15:57.890
cpb-aacip-3be5e7fd74c_01959424_01131031_01131029.jpg,https://americanarchive.org/catalog/cpb-aacip-3be5e7fd74c,00:18:51.029
cpb-aacip-3be5e7fd74c_01959424_01251018_01251016.jpg,https://americanarchive.org/catalog/cpb-aacip-3be5e7fd74c,00:20:51.016
cpb-aacip-3be5e7fd74c_01959424_01405138_01405137.jpg,https://americanarchive.org/catalog/cpb-aacip-3be5e7fd74c,00:23:25.137
cpb-aacip-3be5e7fd74c_01959424_01459760_01459758.jpg,https://americanarchive.org/catalog/cpb-aacip-3be5e7fd74c,00:24:19.758
cpb-aacip-44547108cbb_03490653_00362262_00362261.jpg,https://americanarchive.org/catalog/cpb-aacip-44547108cbb,00:06:02.261
cpb-aacip-44547108cbb_03490653_00483650_00483649.jpg,https://americanarchive.org/catalog/cpb-aacip-44547108cbb,00:08:03.649
cpb-aacip-44547108cbb_03490653_00639773_00639772.jpg,https://americanarchive.org/catalog/cpb-aacip-44547108cbb,00:10:39.772
cpb-aacip-44547108cbb_03490653_00846513_00846512.jpg,https://americanarchive.org/catalog/cpb-aacip-44547108cbb,00:14:06.512
cpb-aacip-44547108cbb_03490653_00928395_00928394.jpg,https://americanarchive.org/catalog/cpb-aacip-44547108cbb,00:15:28.394
cpb-aacip-44547108cbb_03490653_01002769_01002768.jpg,https://americanarchive.org/catalog/cpb-aacip-44547108cbb,00:16:42.768
cpb-aacip-44547108cbb_03490653_01095128_01095127.jpg,https://americanarchive.org/catalog/cpb-aacip-44547108cbb,00:18:15.127
cpb-aacip-44547108cbb_03490653_01189523_01189521.jpg,https://americanarchive.org/catalog/cpb-aacip-44547108cbb,00:19:49.521
cpb-aacip-44547108cbb_03490653_01291024_01291023.jpg,https://americanarchive.org/catalog/cpb-aacip-44547108cbb,00:21:31.023
cpb-aacip-44547108cbb_03490653_01314014_01314012.jpg,https://americanarchive.org/catalog/cpb-aacip-44547108cbb,00:21:54.012
cpb-aacip-44547108cbb_03490653_01402636_01402634.jpg,https://americanarchive.org/catalog/cpb-aacip-44547108cbb,00:23:22.634
cpb-aacip-44547108cbb_03490653_01495529_01495527.jpg,https://americanarchive.org/catalog/cpb-aacip-44547108cbb,00:24:55.527
cpb-aacip-44547108cbb_03490653_01584885_01584883.jpg,https://americanarchive.org/catalog/cpb-aacip-44547108cbb,00:26:24.883
cpb-aacip-44547108cbb_03490653_01718752_01718750.jpg,https://americanarchive.org/catalog/cpb-aacip-44547108cbb,00:28:38.750
cpb-aacip-44547108cbb_03490653_01835903_01835900.jpg,https://americanarchive.org/catalog/cpb-aacip-44547108cbb,00:30:35.900
cpb-aacip-44547108cbb_03490653_02032399_02032397.jpg,https://americanarchive.org/catalog/cpb-aacip-44547108cbb,00:33:52.397
cpb-aacip-44547108cbb_03490653_02199533_02199530.jpg,https://americanarchive.org/catalog/cpb-aacip-44547108cbb,00:36:39.530
cpb-aacip-44547108cbb_03490653_02278879_02278876.jpg,https://americanarchive.org/catalog/cpb-aacip-44547108cbb,00:37:58.876
cpb-aacip-44547108cbb_03490653_02441875_02441872.jpg,https://americanarchive.org/catalog/cpb-aacip-44547108cbb,00:40:41.872
cpb-aacip-44547108cbb_03490653_02526026_02526023.jpg,https://americanarchive.org/catalog/cpb-aacip-44547108cbb,00:42:06.023
cpb-aacip-44547108cbb_03490653_02564131_02564128.jpg,https://americanarchive.org/catalog/cpb-aacip-44547108cbb,00:42:44.128
cpb-aacip-44547108cbb_03490653_02725125_02725122.jpg,https://americanarchive.org/catalog/cpb-aacip-44547108cbb,00:45:25.122
cpb-aacip-44547108cbb_03490653_02845779_02845776.jpg,https://americanarchive.org/catalog/cpb-aacip-44547108cbb,00:47:25.776
cpb-aacip-44547108cbb_03490653_02957157_02957154.jpg,https://americanarchive.org/catalog/cpb-aacip-44547108cbb,00:49:17.154
cpb-aacip-44547108cbb_03490653_03070904_03070901.jpg,https://americanarchive.org/catalog/cpb-aacip-44547108cbb,00:51:10.901
cpb-aacip-44547108cbb_03490653_03154388_03154384.jpg,https://americanarchive.org/catalog/cpb-aacip-44547108cbb,00:52:34.384
cpb-aacip-44547108cbb_03490653_03223657_03223653.jpg,https://americanarchive.org/catalog/cpb-aacip-44547108cbb,00:53:43.653
cpb-aacip-44547108cbb_03490653_03272639_03272636.jpg,https://americanarchive.org/catalog/cpb-aacip-44547108cbb,00:54:32.636
cpb-aacip-4a47dd673e8_03548545_00172406_00172405.jpg,https://americanarchive.org/catalog/cpb-aacip-4a47dd673e8,00:02:52.405
cpb-aacip-4a47dd673e8_03548545_00272005_00272005.jpg,https://americanarchive.org/catalog/cpb-aacip-4a47dd673e8,00:04:32.005
cpb-aacip-4a47dd673e8_03548545_00389256_00389255.jpg,https://americanarchive.org/catalog/cpb-aacip-4a47dd673e8,00:06:29.255
cpb-aacip-4a47dd673e8_03548545_00567634_00567633.jpg,https://americanarchive.org/catalog/cpb-aacip-4a47dd673e8,00:09:27.633
cpb-aacip-4a47dd673e8_03548545_00759259_00759258.jpg,https://americanarchive.org/catalog/cpb-aacip-4a47dd673e8,00:12:39.258
cpb-aacip-4a47dd673e8_03548545_01019653_01019651.jpg,https://americanarchive.org/catalog/cpb-aacip-4a47dd673e8,00:16:59.651
cpb-aacip-4a47dd673e8_03548545_01069503_01069501.jpg,https://americanarchive.org/catalog/cpb-aacip-4a47dd673e8,00:17:49.501
cpb-aacip-4a47dd673e8_03548545_01252519_01252517.jpg,https://americanarchive.org/catalog/cpb-aacip-4a47dd673e8,00:20:52.517
cpb-aacip-4a47dd673e8_03548545_01429763_01429761.jpg,https://americanarchive.org/catalog/cpb-aacip-4a47dd673e8,00:23:49.761
cpb-aacip-4a47dd673e8_03548545_01576777_01576775.jpg,https://americanarchive.org/catalog/cpb-aacip-4a47dd673e8,00:26:16.775
cpb-aacip-4a47dd673e8_03548545_01743010_01743007.jpg,https://americanarchive.org/catalog/cpb-aacip-4a47dd673e8,00:29:03.007
cpb-aacip-4a47dd673e8_03548545_01814147_01814145.jpg,https://americanarchive.org/catalog/cpb-aacip-4a47dd673e8,00:30:14.145
cpb-aacip-4a47dd673e8_03548545_02128896_02128893.jpg,https://americanarchive.org/catalog/cpb-aacip-4a47dd673e8,00:35:28.893
cpb-aacip-4a47dd673e8_03548545_02194127_02194125.jpg,https://americanarchive.org/catalog/cpb-aacip-4a47dd673e8,00:36:34.125
cpb-aacip-4a47dd673e8_03548545_02336637_02336634.jpg,https://americanarchive.org/catalog/cpb-aacip-4a47dd673e8,00:38:56.634
cpb-aacip-4a47dd673e8_03548545_02416517_02416514.jpg,https://americanarchive.org/catalog/cpb-aacip-4a47dd673e8,00:40:16.514
cpb-aacip-4a47dd673e8_03548545_02529029_02529026.jpg,https://americanarchive.org/catalog/cpb-aacip-4a47dd673e8,00:42:09.026
cpb-aacip-4a47dd673e8_03548545_02813647_02813644.jpg,https://americanarchive.org/catalog/cpb-aacip-4a47dd673e8,00:46:53.644
cpb-aacip-4c965541f01_03863793_00165032_00165031.jpg,https://americanarchive.org/catalog/cpb-aacip-4c965541f01,00:02:45.031
cpb-aacip-4c965541f01_03863793_00302135_00302135.jpg,https://americanarchive.org/catalog/cpb-aacip-4c965541f01,00:05:02.135
cpb-aacip-4c965541f01_03863793_00366533_00366532.jpg,https://americanarchive.org/catalog/cpb-aacip-4c965541f01,00:06:06.532
cpb-aacip-4c965541f01_03863793_00703637_00703636.jpg,https://americanarchive.org/catalog/cpb-aacip-4c965541f01,00:11:43.636
cpb-aacip-4c965541f01_03863793_00892626_00892625.jpg,https://americanarchive.org/catalog/cpb-aacip-4c965541f01,00:14:52.625
cpb-aacip-4c965541f01_03863793_00938138_00938137.jpg,https://americanarchive.org/catalog/cpb-aacip-4c965541f01,00:15:38.137
cpb-aacip-4c965541f01_03863793_01031031_01031030.jpg,https://americanarchive.org/catalog/cpb-aacip-4c965541f01,00:17:11.030
cpb-aacip-4c965541f01_03863793_01100400_01100399.jpg,https://americanarchive.org/catalog/cpb-aacip-4c965541f01,00:18:20.399
cpb-aacip-4c965541f01_03863793_01207508_01207506.jpg,https://americanarchive.org/catalog/cpb-aacip-4c965541f01,00:20:07.506
cpb-aacip-4c965541f01_03863793_01474274_01474272.jpg,https://americanarchive.org/catalog/cpb-aacip-4c965541f01,00:24:34.272
cpb-aacip-4c965541f01_03863793_01935269_01935266.jpg,https://americanarchive.org/catalog/cpb-aacip-4c965541f01,00:32:15.266
cpb-aacip-4c965541f01_03863793_02418519_02418516.jpg,https://americanarchive.org/catalog/cpb-aacip-4c965541f01,00:40:18.516
cpb-aacip-4c965541f01_03863793_03552019_03552015.jpg,https://americanarchive.org/catalog/cpb-aacip-4c965541f01,00:59:12.015
cpb-aacip-4c965541f01_03863793_03590023_03590019.jpg,https://americanarchive.org/catalog/cpb-aacip-4c965541f01,00:59:50.019
cpb-aacip-4c965541f01_03863793_03691158_03691154.jpg,https://americanarchive.org/catalog/cpb-aacip-4c965541f01,01:01:31.154
cpb-aacip-4c965541f01_03863793_03744011_03744006.jpg,https://americanarchive.org/catalog/cpb-aacip-4c965541f01,01:02:24.006
cpb-aacip-4d5cfc92e39_03668464_00447147_00447146.jpg,https://americanarchive.org/catalog/cpb-aacip-4d5cfc92e39,00:07:27.146
cpb-aacip-4d5cfc92e39_03668464_01002402_01002401.jpg,https://americanarchive.org/catalog/cpb-aacip-4d5cfc92e39,00:16:42.401
cpb-aacip-4d5cfc92e39_03668464_01478645_01478643.jpg,https://americanarchive.org/catalog/cpb-aacip-4d5cfc92e39,00:24:38.643
cpb-aacip-4d5cfc92e39_03668464_02266033_02266030.jpg,https://americanarchive.org/catalog/cpb-aacip-4d5cfc92e39,00:37:46.030
cpb-aacip-4d5cfc92e39_03668464_02957024_02957020.jpg,https://americanarchive.org/catalog/cpb-aacip-4d5cfc92e39,00:49:17.020
cpb-aacip-4d7f00c820b_01851616_00113013_00113012.jpg,https://americanarchive.org/catalog/cpb-aacip-4d7f00c820b,00:01:53.012
cpb-aacip-4d7f00c820b_01851616_00180013_00180013.jpg,https://americanarchive.org/catalog/cpb-aacip-4d7f00c820b,00:03:00.013
cpb-aacip-4d7f00c820b_01851616_00202269_00202268.jpg,https://americanarchive.org/catalog/cpb-aacip-4d7f00c820b,00:03:22.268
cpb-aacip-4d7f00c820b_01851616_00415883_00415882.jpg,https://americanarchive.org/catalog/cpb-aacip-4d7f00c820b,00:06:55.882
cpb-aacip-4d7f00c820b_01851616_00738138_00738137.jpg,https://americanarchive.org/catalog/cpb-aacip-4d7f00c820b,00:12:18.137
cpb-aacip-4d7f00c820b_01851616_00828529_00828527.jpg,https://americanarchive.org/catalog/cpb-aacip-4d7f00c820b,00:13:48.527
cpb-aacip-4d7f00c820b_01851616_01046380_01046378.jpg,https://americanarchive.org/catalog/cpb-aacip-4d7f00c820b,00:17:26.378
cpb-aacip-4d7f00c820b_01851616_01140007_01140005.jpg,https://americanarchive.org/catalog/cpb-aacip-4d7f00c820b,00:19:00.005
cpb-aacip-4d7f00c820b_01851616_01318385_01318383.jpg,https://americanarchive.org/catalog/cpb-aacip-4d7f00c820b,00:21:58.383
cpb-aacip-4d7f00c820b_01851616_01582516_01582514.jpg,https://americanarchive.org/catalog/cpb-aacip-4d7f00c820b,00:26:22.514
cpb-aacip-507-1g0ht2gv3t_03622602_00494528_00494527.jpg,https://americanarchive.org/catalog/cpb-aacip-507-1g0ht2gv3t,00:08:14.527
cpb-aacip-507-1g0ht2gv3t_03622602_00964264_00964263.jpg,https://americanarchive.org/catalog/cpb-aacip-507-1g0ht2gv3t,00:16:04.263
cpb-aacip-507-1g0ht2gv3t_03622602_01130764_01130762.jpg,https://americanarchive.org/catalog/cpb-aacip-507-1g0ht2gv3t,00:18:50.762
cpb-aacip-507-1g0ht2gv3t_03622602_01222756_01222754.jpg,https://americanarchive.org/catalog/cpb-aacip-507-1g0ht2gv3t,00:20:22.754
cpb-aacip-507-1g0ht2gv3t_03622602_01580013_01580011.jpg,https://americanarchive.org/catalog/cpb-aacip-507-1g0ht2gv3t,00:26:20.011
cpb-aacip-507-1g0ht2gv3t_03622602_01694528_01694526.jpg,https://americanarchive.org/catalog/cpb-aacip-507-1g0ht2gv3t,00:28:14.526
cpb-aacip-507-1g0ht2gv3t_03622602_02072639_02072637.jpg,https://americanarchive.org/catalog/cpb-aacip-507-1g0ht2gv3t,00:34:32.637
cpb-aacip-507-1g0ht2gv3t_03622602_02126393_02126390.jpg,https://americanarchive.org/catalog/cpb-aacip-507-1g0ht2gv3t,00:35:26.390
cpb-aacip-507-1g0ht2gv3t_03622602_02203904_02203901.jpg,https://americanarchive.org/catalog/cpb-aacip-507-1g0ht2gv3t,00:36:43.901
cpb-aacip-507-1g0ht2gv3t_03622602_02270637_02270635.jpg,https://americanarchive.org/catalog/cpb-aacip-507-1g0ht2gv3t,00:37:50.635
cpb-aacip-507-1g0ht2gv3t_03622602_02308775_02308773.jpg,https://americanarchive.org/catalog/cpb-aacip-507-1g0ht2gv3t,00:38:28.773
cpb-aacip-507-1g0ht2gv3t_03622602_02361528_02361525.jpg,https://americanarchive.org/catalog/cpb-aacip-507-1g0ht2gv3t,00:39:21.525
cpb-aacip-507-1g0ht2gv3t_03622602_02391391_02391389.jpg,https://americanarchive.org/catalog/cpb-aacip-507-1g0ht2gv3t,00:39:51.389
cpb-aacip-507-1g0ht2gv3t_03622602_02468268_02468265.jpg,https://americanarchive.org/catalog/cpb-aacip-507-1g0ht2gv3t,00:41:08.265
cpb-aacip-507-1g0ht2gv3t_03622602_02506640_02506637.jpg,https://americanarchive.org/catalog/cpb-aacip-507-1g0ht2gv3t,00:41:46.637
cpb-aacip-507-1g0ht2gv3t_03622602_02716650_02716647.jpg,https://americanarchive.org/catalog/cpb-aacip-507-1g0ht2gv3t,00:45:16.647
cpb-aacip-507-1g0ht2gv3t_03622602_02861895_02861892.jpg,https://americanarchive.org/catalog/cpb-aacip-507-1g0ht2gv3t,00:47:41.892
cpb-aacip-507-1g0ht2gv3t_03622602_03197531_03197527.jpg,https://americanarchive.org/catalog/cpb-aacip-507-1g0ht2gv3t,00:53:17.527
cpb-aacip-507-1g0ht2gv3t_03622602_03334635_03334631.jpg,https://americanarchive.org/catalog/cpb-aacip-507-1g0ht2gv3t,00:55:34.631
cpb-aacip-507-1g0ht2gv3t_03622602_03483016_03483012.jpg,https://americanarchive.org/catalog/cpb-aacip-507-1g0ht2gv3t,00:58:03.012
cpb-aacip-507-gt5fb4xb36_03608588_00311011_00311010.jpg,https://americanarchive.org/catalog/cpb-aacip-507-gt5fb4xb36,00:05:11.010
cpb-aacip-507-gt5fb4xb36_03608588_00341408_00341407.jpg,https://americanarchive.org/catalog/cpb-aacip-507-gt5fb4xb36,00:05:41.407
cpb-aacip-507-gt5fb4xb36_03608588_00408375_00408374.jpg,https://americanarchive.org/catalog/cpb-aacip-507-gt5fb4xb36,00:06:48.374
cpb-aacip-507-gt5fb4xb36_03608588_00559893_00559892.jpg,https://americanarchive.org/catalog/cpb-aacip-507-gt5fb4xb36,00:09:19.892
cpb-aacip-507-gt5fb4xb36_03608588_00662763_00662762.jpg,https://americanarchive.org/catalog/cpb-aacip-507-gt5fb4xb36,00:11:02.762
cpb-aacip-507-gt5fb4xb36_03608588_00883016_00883015.jpg,https://americanarchive.org/catalog/cpb-aacip-507-gt5fb4xb36,00:14:43.015
cpb-aacip-507-gt5fb4xb36_03608588_00927761_00927760.jpg,https://americanarchive.org/catalog/cpb-aacip-507-gt5fb4xb36,00:15:27.760
cpb-aacip-507-gt5fb4xb36_03608588_00973774_00973772.jpg,https://americanarchive.org/catalog/cpb-aacip-507-gt5fb4xb36,00:16:13.772
cpb-aacip-507-gt5fb4xb36_03608588_01008876_01008874.jpg,https://americanarchive.org/catalog/cpb-aacip-507-gt5fb4xb36,00:16:48.874
cpb-aacip-507-gt5fb4xb36_03608588_01131632_01131630.jpg,https://americanarchive.org/catalog/cpb-aacip-507-gt5fb4xb36,00:18:51.630
cpb-aacip-507-gt5fb4xb36_03608588_01237404_01237402.jpg,https://americanarchive.org/catalog/cpb-aacip-507-gt5fb4xb36,00:20:37.402
cpb-aacip-507-gt5fb4xb36_03608588_01281515_01281513.jpg,https://americanarchive.org/catalog/cpb-aacip-507-gt5fb4xb36,00:21:21.513
cpb-aacip-507-gt5fb4xb36_03608588_01443143_01443141.jpg,https://americanarchive.org/catalog/cpb-aacip-507-gt5fb4xb36,00:24:03.141
cpb-aacip-507-gt5fb4xb36_03608588_01561895_01561893.jpg,https://americanarchive.org/catalog/cpb-aacip-507-gt5fb4xb36,00:26:01.893
cpb-aacip-507-gt5fb4xb36_03608588_01600133_01600131.jpg,https://americanarchive.org/catalog/cpb-aacip-507-gt5fb4xb36,00:26:40.131
cpb-aacip-507-gt5fb4xb36_03608588_01678779_01678777.jpg,https://americanarchive.org/catalog/cpb-aacip-507-gt5fb4xb36,00:27:58.777
cpb-aacip-507-gt5fb4xb36_03608588_01931265_01931262.jpg,https://americanarchive.org/catalog/cpb-aacip-507-gt5fb4xb36,00:32:11.262
cpb-aacip-507-gt5fb4xb36_03608588_02140908_02140905.jpg,https://americanarchive.org/catalog/cpb-aacip-507-gt5fb4xb36,00:35:40.905
cpb-aacip-507-gt5fb4xb36_03608588_02243777_02243774.jpg,https://americanarchive.org/catalog/cpb-aacip-507-gt5fb4xb36,00:37:23.774
cpb-aacip-507-gt5fb4xb36_03608588_02261261_02261259.jpg,https://americanarchive.org/catalog/cpb-aacip-507-gt5fb4xb36,00:37:41.259
cpb-aacip-507-gt5fb4xb36_03608588_02357157_02357154.jpg,https://americanarchive.org/catalog/cpb-aacip-507-gt5fb4xb36,00:39:17.154
cpb-aacip-507-gt5fb4xb36_03608588_02410277_02410274.jpg,https://americanarchive.org/catalog/cpb-aacip-507-gt5fb4xb36,00:40:10.274
cpb-aacip-507-gt5fb4xb36_03608588_02544511_02544508.jpg,https://americanarchive.org/catalog/cpb-aacip-507-gt5fb4xb36,00:42:24.508
cpb-aacip-507-gt5fb4xb36_03608588_02637771_02637768.jpg,https://americanarchive.org/catalog/cpb-aacip-507-gt5fb4xb36,00:43:57.768
cpb-aacip-507-gt5fb4xb36_03608588_02882015_02882012.jpg,https://americanarchive.org/catalog/cpb-aacip-507-gt5fb4xb36,00:48:02.012
cpb-aacip-507-gt5fb4xb36_03608588_02936770_02936767.jpg,https://americanarchive.org/catalog/cpb-aacip-507-gt5fb4xb36,00:48:56.767
cpb-aacip-507-gt5fb4xb36_03608588_02972139_02972135.jpg,https://americanarchive.org/catalog/cpb-aacip-507-gt5fb4xb36,00:49:32.135
cpb-aacip-507-gt5fb4xb36_03608588_03021388_03021385.jpg,https://americanarchive.org/catalog/cpb-aacip-507-gt5fb4xb36,00:50:21.385
cpb-aacip-507-gt5fb4xb36_03608588_03069770_03069766.jpg,https://americanarchive.org/catalog/cpb-aacip-507-gt5fb4xb36,00:51:09.766
cpb-aacip-507-gt5fb4xb36_03608588_03146647_03146643.jpg,https://americanarchive.org/catalog/cpb-aacip-507-gt5fb4xb36,00:52:26.643
cpb-aacip-507-gt5fb4xb36_03608588_03174408_03174404.jpg,https://americanarchive.org/catalog/cpb-aacip-507-gt5fb4xb36,00:52:54.404
cpb-aacip-507-p26pz52d2g_01863928_00160761_00160760.jpg,https://americanarchive.org/catalog/cpb-aacip-507-p26pz52d2g,00:02:40.760
cpb-aacip-507-p26pz52d2g_01863928_00289756_00289756.jpg,https://americanarchive.org/catalog/cpb-aacip-507-p26pz52d2g,00:04:49.756
cpb-aacip-507-p26pz52d2g_01863928_00542643_00542642.jpg,https://americanarchive.org/catalog/cpb-aacip-507-p26pz52d2g,00:09:02.642
cpb-aacip-507-p26pz52d2g_01863928_00630264_00630262.jpg,https://americanarchive.org/catalog/cpb-aacip-507-p26pz52d2g,00:10:30.262
cpb-aacip-507-p26pz52d2g_01863928_00751652_00751650.jpg,https://americanarchive.org/catalog/cpb-aacip-507-p26pz52d2g,00:12:31.650
cpb-aacip-507-p26pz52d2g_01863928_00812379_00812378.jpg,https://americanarchive.org/catalog/cpb-aacip-507-p26pz52d2g,00:13:32.378
cpb-aacip-507-p26pz52d2g_01863928_00985018_00985017.jpg,https://americanarchive.org/catalog/cpb-aacip-507-p26pz52d2g,00:16:25.017
cpb-aacip-507-p26pz52d2g_01863928_01112880_01112878.jpg,https://americanarchive.org/catalog/cpb-aacip-507-p26pz52d2g,00:18:32.878
cpb-aacip-507-p26pz52d2g_01863928_01292259_01292257.jpg,https://americanarchive.org/catalog/cpb-aacip-507-p26pz52d2g,00:21:32.257
cpb-aacip-507-p26pz52d2g_01863928_01319253_01319251.jpg,https://americanarchive.org/catalog/cpb-aacip-507-p26pz52d2g,00:21:59.251
cpb-aacip-507-p26pz52d2g_01863928_01422256_01422254.jpg,https://americanarchive.org/catalog/cpb-aacip-507-p26pz52d2g,00:23:42.254
cpb-aacip-507-p26pz52d2g_01863928_01504004_01504002.jpg,https://americanarchive.org/catalog/cpb-aacip-507-p26pz52d2g,00:25:04.002
cpb-aacip-507-p26pz52d2g_01863928_01596029_01596027.jpg,https://americanarchive.org/catalog/cpb-aacip-507-p26pz52d2g,00:26:36.027
cpb-aacip-507-v11vd6pz2z_03615295_00516884_00516883.jpg,https://americanarchive.org/catalog/cpb-aacip-507-v11vd6pz2z,00:08:36.883
cpb-aacip-507-v11vd6pz2z_03615295_00539139_00539138.jpg,https://americanarchive.org/catalog/cpb-aacip-507-v11vd6pz2z,00:08:59.138
cpb-aacip-507-v11vd6pz2z_03615295_00712012_00712011.jpg,https://americanarchive.org/catalog/cpb-aacip-507-v11vd6pz2z,00:11:52.011
cpb-aacip-507-v11vd6pz2z_03615295_00752519_00752518.jpg,https://americanarchive.org/catalog/cpb-aacip-507-v11vd6pz2z,00:12:32.518
cpb-aacip-507-v11vd6pz2z_03615295_00911512_00911510.jpg,https://americanarchive.org/catalog/cpb-aacip-507-v11vd6pz2z,00:15:11.510
cpb-aacip-507-v11vd6pz2z_03615295_00996029_00996028.jpg,https://americanarchive.org/catalog/cpb-aacip-507-v11vd6pz2z,00:16:36.028
cpb-aacip-507-v11vd6pz2z_03615295_01280781_01280779.jpg,https://americanarchive.org/catalog/cpb-aacip-507-v11vd6pz2z,00:21:20.779
cpb-aacip-507-v11vd6pz2z_03615295_01312145_01312144.jpg,https://americanarchive.org/catalog/cpb-aacip-507-v11vd6pz2z,00:21:52.144
cpb-aacip-507-v11vd6pz2z_03615295_01340274_01340272.jpg,https://americanarchive.org/catalog/cpb-aacip-507-v11vd6pz2z,00:22:20.272
cpb-aacip-507-v11vd6pz2z_03615295_01419653_01419651.jpg,https://americanarchive.org/catalog/cpb-aacip-507-v11vd6pz2z,00:23:39.651
cpb-aacip-507-v11vd6pz2z_03615295_01451251_01451249.jpg,https://americanarchive.org/catalog/cpb-aacip-507-v11vd6pz2z,00:24:11.249
cpb-aacip-507-v11vd6pz2z_03615295_01472005_01472003.jpg,https://americanarchive.org/catalog/cpb-aacip-507-v11vd6pz2z,00:24:32.003
cpb-aacip-507-v11vd6pz2z_03615295_01505138_01505136.jpg,https://americanarchive.org/catalog/cpb-aacip-507-v11vd6pz2z,00:25:05.136
cpb-aacip-507-v11vd6pz2z_03615295_01597030_01597028.jpg,https://americanarchive.org/catalog/cpb-aacip-507-v11vd6pz2z,00:26:37.028
cpb-aacip-507-v11vd6pz2z_03615295_01709276_01709274.jpg,https://americanarchive.org/catalog/cpb-aacip-507-v11vd6pz2z,00:28:29.274
cpb-aacip-507-v11vd6pz2z_03615295_01764898_01764896.jpg,https://americanarchive.org/catalog/cpb-aacip-507-v11vd6pz2z,00:29:24.896
cpb-aacip-507-v11vd6pz2z_03615295_01803136_01803134.jpg,https://americanarchive.org/catalog/cpb-aacip-507-v11vd6pz2z,00:30:03.134
cpb-aacip-507-v11vd6pz2z_03615295_01844645_01844642.jpg,https://americanarchive.org/catalog/cpb-aacip-507-v11vd6pz2z,00:30:44.642
cpb-aacip-507-v11vd6pz2z_03615295_01854755_01854752.jpg,https://americanarchive.org/catalog/cpb-aacip-507-v11vd6pz2z,00:30:54.752
cpb-aacip-507-v11vd6pz2z_03615295_01884751_01884749.jpg,https://americanarchive.org/catalog/cpb-aacip-507-v11vd6pz2z,00:31:24.749
cpb-aacip-507-v11vd6pz2z_03615295_01954388_01954385.jpg,https://americanarchive.org/catalog/cpb-aacip-507-v11vd6pz2z,00:32:34.385
cpb-aacip-507-v11vd6pz2z_03615295_01989389_01989387.jpg,https://americanarchive.org/catalog/cpb-aacip-507-v11vd6pz2z,00:33:09.387
cpb-aacip-507-v11vd6pz2z_03615295_02023657_02023654.jpg,https://americanarchive.org/catalog/cpb-aacip-507-v11vd6pz2z,00:33:43.654
cpb-aacip-507-v11vd6pz2z_03615295_02042643_02042640.jpg,https://americanarchive.org/catalog/cpb-aacip-507-v11vd6pz2z,00:34:02.640
cpb-aacip-507-v11vd6pz2z_03615295_02086653_02086651.jpg,https://americanarchive.org/catalog/cpb-aacip-507-v11vd6pz2z,00:34:46.651
cpb-aacip-507-v11vd6pz2z_03615295_02252653_02252650.jpg,https://americanarchive.org/catalog/cpb-aacip-507-v11vd6pz2z,00:37:32.650
cpb-aacip-507-v11vd6pz2z_03615295_02298398_02298396.jpg,https://americanarchive.org/catalog/cpb-aacip-507-v11vd6pz2z,00:38:18.396
cpb-aacip-507-v11vd6pz2z_03615295_02925626_02925622.jpg,https://americanarchive.org/catalog/cpb-aacip-507-v11vd6pz2z,00:48:45.622
cpb-aacip-507-v11vd6pz2z_03615295_02988021_02988018.jpg,https://americanarchive.org/catalog/cpb-aacip-507-v11vd6pz2z,00:49:48.018
cpb-aacip-507-v11vd6pz2z_03615295_03028529_03028525.jpg,https://americanarchive.org/catalog/cpb-aacip-507-v11vd6pz2z,00:50:28.525
cpb-aacip-507-v11vd6pz2z_03615295_03076009_03076006.jpg,https://americanarchive.org/catalog/cpb-aacip-507-v11vd6pz2z,00:51:16.006
cpb-aacip-507-v11vd6pz2z_03615295_03250651_03250647.jpg,https://americanarchive.org/catalog/cpb-aacip-507-v11vd6pz2z,00:54:10.647
cpb-aacip-507-v11vd6pz2z_03615295_03315282_03315278.jpg,https://americanarchive.org/catalog/cpb-aacip-507-v11vd6pz2z,00:55:15.278
cpb-aacip-507-v11vd6pz2z_03615295_03356657_03356653.jpg,https://americanarchive.org/catalog/cpb-aacip-507-v11vd6pz2z,00:55:56.653
cpb-aacip-512-0k26970q00_01760225_00439506_00439505.jpg,https://americanarchive.org/catalog/cpb-aacip-512-0k26970q00,00:07:19.505
cpb-aacip-512-0k26970q00_01760225_00454021_00454020.jpg,https://americanarchive.org/catalog/cpb-aacip-512-0k26970q00,00:07:34.020
cpb-aacip-512-0k26970q00_01760225_00518252_00518251.jpg,https://americanarchive.org/catalog/cpb-aacip-512-0k26970q00,00:08:38.251
cpb-aacip-512-0k26970q00_01760225_00554154_00554153.jpg,https://americanarchive.org/catalog/cpb-aacip-512-0k26970q00,00:09:14.153
cpb-aacip-512-0k26970q00_01760225_00773507_00773506.jpg,https://americanarchive.org/catalog/cpb-aacip-512-0k26970q00,00:12:53.506
cpb-aacip-512-0k26970q00_01760225_00874274_00874273.jpg,https://americanarchive.org/catalog/cpb-aacip-512-0k26970q00,00:14:34.273
cpb-aacip-512-0k26970q00_01760225_01107774_01107773.jpg,https://americanarchive.org/catalog/cpb-aacip-512-0k26970q00,00:18:27.773
cpb-aacip-512-0k26970q00_01760225_01161628_01161627.jpg,https://americanarchive.org/catalog/cpb-aacip-512-0k26970q00,00:19:21.627
cpb-aacip-512-0k26970q00_01760225_01296396_01296395.jpg,https://americanarchive.org/catalog/cpb-aacip-512-0k26970q00,00:21:36.395
cpb-aacip-512-5717m04t96_01755053_00081648_00081648.jpg,https://americanarchive.org/catalog/cpb-aacip-512-5717m04t96,00:01:21.648
cpb-aacip-512-5717m04t96_01755053_00112145_00112145.jpg,https://americanarchive.org/catalog/cpb-aacip-512-5717m04t96,00:01:52.145
cpb-aacip-512-5717m04t96_01755053_00225125_00225124.jpg,https://americanarchive.org/catalog/cpb-aacip-512-5717m04t96,00:03:45.124
cpb-aacip-512-5717m04t96_01755053_00292259_00292258.jpg,https://americanarchive.org/catalog/cpb-aacip-512-5717m04t96,00:04:52.258
cpb-aacip-512-5717m04t96_01755053_00663897_00663896.jpg,https://americanarchive.org/catalog/cpb-aacip-512-5717m04t96,00:11:03.896
cpb-aacip-512-5717m04t96_01755053_00688522_00688521.jpg,https://americanarchive.org/catalog/cpb-aacip-512-5717m04t96,00:11:28.521
cpb-aacip-512-5717m04t96_01755053_00730764_00730763.jpg,https://americanarchive.org/catalog/cpb-aacip-512-5717m04t96,00:12:10.763
cpb-aacip-512-5717m04t96_01755053_00759760_00759759.jpg,https://americanarchive.org/catalog/cpb-aacip-512-5717m04t96,00:12:39.759
cpb-aacip-512-5717m04t96_01755053_01155889_01155888.jpg,https://americanarchive.org/catalog/cpb-aacip-512-5717m04t96,00:19:15.888
cpb-aacip-512-5717m04t96_01755053_01179780_01179778.jpg,https://americanarchive.org/catalog/cpb-aacip-512-5717m04t96,00:19:39.778
cpb-aacip-512-5717m04t96_01755053_01192893_01192891.jpg,https://americanarchive.org/catalog/cpb-aacip-512-5717m04t96,00:19:52.891
cpb-aacip-512-5717m04t96_01755053_01354655_01354653.jpg,https://americanarchive.org/catalog/cpb-aacip-512-5717m04t96,00:22:34.653
cpb-aacip-512-7659c6sv00_01760291_00138138_00138138.jpg,https://americanarchive.org/catalog/cpb-aacip-512-7659c6sv00,00:02:18.138
cpb-aacip-512-7659c6sv00_01760291_00187387_00187387.jpg,https://americanarchive.org/catalog/cpb-aacip-512-7659c6sv00,00:03:07.387
cpb-aacip-512-7659c6sv00_01760291_00273640_00273640.jpg,https://americanarchive.org/catalog/cpb-aacip-512-7659c6sv00,00:04:33.640
cpb-aacip-512-7659c6sv00_01760291_00308642_00308641.jpg,https://americanarchive.org/catalog/cpb-aacip-512-7659c6sv00,00:05:08.641
cpb-aacip-512-7659c6sv00_01760291_00741642_00741640.jpg,https://americanarchive.org/catalog/cpb-aacip-512-7659c6sv00,00:12:21.640
cpb-aacip-512-7659c6sv00_01760291_00763130_00763129.jpg,https://americanarchive.org/catalog/cpb-aacip-512-7659c6sv00,00:12:43.129
cpb-aacip-512-7659c6sv00_01760291_00807508_00807506.jpg,https://americanarchive.org/catalog/cpb-aacip-512-7659c6sv00,00:13:27.506
cpb-aacip-512-7659c6sv00_01760291_01033767_01033766.jpg,https://americanarchive.org/catalog/cpb-aacip-512-7659c6sv00,00:17:13.766
cpb-aacip-512-7659c6sv00_01760291_01200767_01200766.jpg,https://americanarchive.org/catalog/cpb-aacip-512-7659c6sv00,00:20:00.766
cpb-aacip-512-7659c6sv00_01760291_01285886_01285884.jpg,https://americanarchive.org/catalog/cpb-aacip-512-7659c6sv00,00:21:25.884
cpb-aacip-512-7659c6sv00_01760291_01311378_01311376.jpg,https://americanarchive.org/catalog/cpb-aacip-512-7659c6sv00,00:21:51.376
cpb-aacip-512-7659c6sv00_01760291_01341508_01341506.jpg,https://americanarchive.org/catalog/cpb-aacip-512-7659c6sv00,00:22:21.506
cpb-aacip-512-h41jh3f04p_03520583_00164531_00164531.jpg,https://americanarchive.org/catalog/cpb-aacip-512-h41jh3f04p,00:02:44.531
cpb-aacip-512-h41jh3f04p_03520583_00219253_00219252.jpg,https://americanarchive.org/catalog/cpb-aacip-512-h41jh3f04p,00:03:39.252
cpb-aacip-512-h41jh3f04p_03520583_00675008_00675007.jpg,https://americanarchive.org/catalog/cpb-aacip-512-h41jh3f04p,00:11:15.007
cpb-aacip-512-h41jh3f04p_03520583_00771004_00771003.jpg,https://americanarchive.org/catalog/cpb-aacip-512-h41jh3f04p,00:12:51.003
cpb-aacip-512-h41jh3f04p_03520583_01190157_01190155.jpg,https://americanarchive.org/catalog/cpb-aacip-512-h41jh3f04p,00:19:50.155
cpb-aacip-512-h41jh3f04p_03520583_01246647_01246645.jpg,https://americanarchive.org/catalog/cpb-aacip-512-h41jh3f04p,00:20:46.645
cpb-aacip-512-h41jh3f04p_03520583_01493894_01493892.jpg,https://americanarchive.org/catalog/cpb-aacip-512-h41jh3f04p,00:24:53.892
cpb-aacip-512-h41jh3f04p_03520583_01762529_01762527.jpg,https://americanarchive.org/catalog/cpb-aacip-512-h41jh3f04p,00:29:22.527
cpb-aacip-512-h41jh3f04p_03520583_01863630_01863628.jpg,https://americanarchive.org/catalog/cpb-aacip-512-h41jh3f04p,00:31:03.628
cpb-aacip-512-h41jh3f04p_03520583_02072639_02072637.jpg,https://americanarchive.org/catalog/cpb-aacip-512-h41jh3f04p,00:34:32.637
cpb-aacip-512-h41jh3f04p_03520583_02119653_02119650.jpg,https://americanarchive.org/catalog/cpb-aacip-512-h41jh3f04p,00:35:19.650
cpb-aacip-512-h41jh3f04p_03520583_02195262_02195259.jpg,https://americanarchive.org/catalog/cpb-aacip-512-h41jh3f04p,00:36:35.259
cpb-aacip-512-h41jh3f04p_03520583_02318886_02318883.jpg,https://americanarchive.org/catalog/cpb-aacip-512-h41jh3f04p,00:38:38.883
cpb-aacip-512-h41jh3f04p_03520583_02553754_02553751.jpg,https://americanarchive.org/catalog/cpb-aacip-512-h41jh3f04p,00:42:33.751
cpb-aacip-512-h41jh3f04p_03520583_02901635_02901632.jpg,https://americanarchive.org/catalog/cpb-aacip-512-h41jh3f04p,00:48:21.632
cpb-aacip-512-h41jh3f04p_03520583_03111512_03111508.jpg,https://americanarchive.org/catalog/cpb-aacip-512-h41jh3f04p,00:51:51.508
cpb-aacip-512-h41jh3f04p_03520583_03196029_03196026.jpg,https://americanarchive.org/catalog/cpb-aacip-512-h41jh3f04p,00:53:16.026
cpb-aacip-512-hx15m6357s_03552782_00191158_00191157.jpg,https://americanarchive.org/catalog/cpb-aacip-512-hx15m6357s,00:03:11.157
cpb-aacip-512-hx15m6357s_03552782_00267634_00267634.jpg,https://americanarchive.org/catalog/cpb-aacip-512-hx15m6357s,00:04:27.634
cpb-aacip-512-hx15m6357s_03552782_00503504_00503503.jpg,https://americanarchive.org/catalog/cpb-aacip-512-hx15m6357s,00:08:23.503
cpb-aacip-512-hx15m6357s_03552782_00838138_00838137.jpg,https://americanarchive.org/catalog/cpb-aacip-512-hx15m6357s,00:13:58.137
cpb-aacip-512-hx15m6357s_03552782_00917384_00917383.jpg,https://americanarchive.org/catalog/cpb-aacip-512-hx15m6357s,00:15:17.383
cpb-aacip-512-hx15m6357s_03552782_01054254_01054253.jpg,https://americanarchive.org/catalog/cpb-aacip-512-hx15m6357s,00:17:34.253
cpb-aacip-512-hx15m6357s_03552782_01203770_01203769.jpg,https://americanarchive.org/catalog/cpb-aacip-512-hx15m6357s,00:20:03.769
cpb-aacip-512-hx15m6357s_03552782_01368001_01367999.jpg,https://americanarchive.org/catalog/cpb-aacip-512-hx15m6357s,00:22:47.999
cpb-aacip-512-hx15m6357s_03552782_01541508_01541506.jpg,https://americanarchive.org/catalog/cpb-aacip-512-hx15m6357s,00:25:41.506
cpb-aacip-512-hx15m6357s_03552782_01648515_01648513.jpg,https://americanarchive.org/catalog/cpb-aacip-512-hx15m6357s,00:27:28.513
cpb-aacip-512-hx15m6357s_03552782_01878779_01878776.jpg,https://americanarchive.org/catalog/cpb-aacip-512-hx15m6357s,00:31:18.776
cpb-aacip-512-hx15m6357s_03552782_02001902_02001899.jpg,https://americanarchive.org/catalog/cpb-aacip-512-hx15m6357s,00:33:21.899
cpb-aacip-512-hx15m6357s_03552782_02356523_02356520.jpg,https://americanarchive.org/catalog/cpb-aacip-512-hx15m6357s,00:39:16.520
cpb-aacip-512-hx15m6357s_03552782_02511879_02511876.jpg,https://americanarchive.org/catalog/cpb-aacip-512-hx15m6357s,00:41:51.876
cpb-aacip-512-hx15m6357s_03552782_02651385_02651382.jpg,https://americanarchive.org/catalog/cpb-aacip-512-hx15m6357s,00:44:11.382
cpb-aacip-512-hx15m6357s_03552782_02748882_02748879.jpg,https://americanarchive.org/catalog/cpb-aacip-512-hx15m6357s,00:45:48.879
cpb-aacip-512-hx15m6357s_03552782_02959893_02959890.jpg,https://americanarchive.org/catalog/cpb-aacip-512-hx15m6357s,00:49:19.890
cpb-aacip-512-hx15m6357s_03552782_03160761_03160757.jpg,https://americanarchive.org/catalog/cpb-aacip-512-hx15m6357s,00:52:40.757
cpb-aacip-512-hx15m6357s_03552782_03191658_03191655.jpg,https://americanarchive.org/catalog/cpb-aacip-512-hx15m6357s,00:53:11.655
cpb-aacip-512-hx15m6357s_03552782_03223657_03223653.jpg,https://americanarchive.org/catalog/cpb-aacip-512-hx15m6357s,00:53:43.653
cpb-aacip-512-jd4pk07z6r_03525788_00178779_00178778.jpg,https://americanarchive.org/catalog/cpb-aacip-512-jd4pk07z6r,00:02:58.778
cpb-aacip-512-jd4pk07z6r_03525788_00352386_00352385.jpg,https://americanarchive.org/catalog/cpb-aacip-512-jd4pk07z6r,00:05:52.385
cpb-aacip-512-jd4pk07z6r_03525788_00526760_00526759.jpg,https://americanarchive.org/catalog/cpb-aacip-512-jd4pk07z6r,00:08:46.759
cpb-aacip-512-jd4pk07z6r_03525788_00910143_00910142.jpg,https://americanarchive.org/catalog/cpb-aacip-512-jd4pk07z6r,00:15:10.142
cpb-aacip-512-jd4pk07z6r_03525788_00935502_00935501.jpg,https://americanarchive.org/catalog/cpb-aacip-512-jd4pk07z6r,00:15:35.501
cpb-aacip-512-jd4pk07z6r_03525788_01466400_01466398.jpg,https://americanarchive.org/catalog/cpb-aacip-512-jd4pk07z6r,00:24:26.398
cpb-aacip-512-jd4pk07z6r_03525788_01498632_01498630.jpg,https://americanarchive.org/catalog/cpb-aacip-512-jd4pk07z6r,00:24:58.630
cpb-aacip-512-jd4pk07z6r_03525788_01516650_01516648.jpg,https://americanarchive.org/catalog/cpb-aacip-512-jd4pk07z6r,00:25:16.648
cpb-aacip-512-jd4pk07z6r_03525788_01609009_01609007.jpg,https://americanarchive.org/catalog/cpb-aacip-512-jd4pk07z6r,00:26:49.007
cpb-aacip-512-jd4pk07z6r_03525788_01779880_01779878.jpg,https://americanarchive.org/catalog/cpb-aacip-512-jd4pk07z6r,00:29:39.878
cpb-aacip-512-jd4pk07z6r_03525788_02064131_02064128.jpg,https://americanarchive.org/catalog/cpb-aacip-512-jd4pk07z6r,00:34:24.128
cpb-aacip-512-jd4pk07z6r_03525788_02586019_02586016.jpg,https://americanarchive.org/catalog/cpb-aacip-512-jd4pk07z6r,00:43:06.016
cpb-aacip-512-jd4pk07z6r_03525788_02609142_02609139.jpg,https://americanarchive.org/catalog/cpb-aacip-512-jd4pk07z6r,00:43:29.139
cpb-aacip-512-jd4pk07z6r_03525788_02872506_02872502.jpg,https://americanarchive.org/catalog/cpb-aacip-512-jd4pk07z6r,00:47:52.502
cpb-aacip-512-jd4pk07z6r_03525788_03027895_03027891.jpg,https://americanarchive.org/catalog/cpb-aacip-512-jd4pk07z6r,00:50:27.891
cpb-aacip-512-jd4pk07z6r_03525788_03094127_03094124.jpg,https://americanarchive.org/catalog/cpb-aacip-512-jd4pk07z6r,00:51:34.124
cpb-aacip-512-jd4pk07z6r_03525788_03146780_03146776.jpg,https://americanarchive.org/catalog/cpb-aacip-512-jd4pk07z6r,00:52:26.776
cpb-aacip-512-jd4pk07z6r_03525788_03251652_03251648.jpg,https://americanarchive.org/catalog/cpb-aacip-512-jd4pk07z6r,00:54:11.648
cpb-aacip-512-jd4pk07z6r_03525788_03304905_03304901.jpg,https://americanarchive.org/catalog/cpb-aacip-512-jd4pk07z6r,00:55:04.901
cpb-aacip-512-pz51g0jx47_03710206_00194628_00194627.jpg,https://americanarchive.org/catalog/cpb-aacip-512-pz51g0jx47,00:03:14.627
cpb-aacip-512-pz51g0jx47_03710206_00226026_00226025.jpg,https://americanarchive.org/catalog/cpb-aacip-512-pz51g0jx47,00:03:46.025
cpb-aacip-512-pz51g0jx47_03710206_00260627_00260627.jpg,https://americanarchive.org/catalog/cpb-aacip-512-pz51g0jx47,00:04:20.627
cpb-aacip-512-pz51g0jx47_03710206_00327528_00327527.jpg,https://americanarchive.org/catalog/cpb-aacip-512-pz51g0jx47,00:05:27.527
cpb-aacip-512-pz51g0jx47_03710206_00384384_00384384.jpg,https://americanarchive.org/catalog/cpb-aacip-512-pz51g0jx47,00:06:24.384
cpb-aacip-512-pz51g0jx47_03710206_00459026_00459025.jpg,https://americanarchive.org/catalog/cpb-aacip-512-pz51g0jx47,00:07:39.025
cpb-aacip-512-pz51g0jx47_03710206_00719753_00719752.jpg,https://americanarchive.org/catalog/cpb-aacip-512-pz51g0jx47,00:11:59.752
cpb-aacip-512-pz51g0jx47_03710206_00843143_00843142.jpg,https://americanarchive.org/catalog/cpb-aacip-512-pz51g0jx47,00:14:03.142
cpb-aacip-512-pz51g0jx47_03710206_00981281_00981280.jpg,https://americanarchive.org/catalog/cpb-aacip-512-pz51g0jx47,00:16:21.280
cpb-aacip-512-pz51g0jx47_03710206_01095395_01095394.jpg,https://americanarchive.org/catalog/cpb-aacip-512-pz51g0jx47,00:18:15.394
cpb-aacip-512-pz51g0jx47_03710206_01335269_01335267.jpg,https://americanarchive.org/catalog/cpb-aacip-512-pz51g0jx47,00:22:15.267
cpb-aacip-512-pz51g0jx47_03710206_01393126_01393125.jpg,https://americanarchive.org/catalog/cpb-aacip-512-pz51g0jx47,00:23:13.125
cpb-aacip-512-pz51g0jx47_03710206_01658625_01658623.jpg,https://americanarchive.org/catalog/cpb-aacip-512-pz51g0jx47,00:27:38.623
cpb-aacip-512-pz51g0jx47_03710206_01774775_01774773.jpg,https://americanarchive.org/catalog/cpb-aacip-512-pz51g0jx47,00:29:34.773
cpb-aacip-512-pz51g0jx47_03710206_01878378_01878376.jpg,https://americanarchive.org/catalog/cpb-aacip-512-pz51g0jx47,00:31:18.376
cpb-aacip-512-pz51g0jx47_03710206_02044778_02044776.jpg,https://americanarchive.org/catalog/cpb-aacip-512-pz51g0jx47,00:34:04.776
cpb-aacip-512-pz51g0jx47_03710206_02867501_02867497.jpg,https://americanarchive.org/catalog/cpb-aacip-512-pz51g0jx47,00:47:47.497
cpb-aacip-512-pz51g0jx47_03710206_02953887_02953884.jpg,https://americanarchive.org/catalog/cpb-aacip-512-pz51g0jx47,00:49:13.884
cpb-aacip-512-pz51g0jx47_03710206_03157157_03157154.jpg,https://americanarchive.org/catalog/cpb-aacip-512-pz51g0jx47,00:52:37.154
cpb-aacip-512-v40js9jb2d_03608771_00432900_00432899.jpg,https://americanarchive.org/catalog/cpb-aacip-512-v40js9jb2d,00:07:12.899
cpb-aacip-512-v40js9jb2d_03608771_00479146_00479145.jpg,https://americanarchive.org/catalog/cpb-aacip-512-v40js9jb2d,00:07:59.145
cpb-aacip-512-v40js9jb2d_03608771_00520020_00520019.jpg,https://americanarchive.org/catalog/cpb-aacip-512-v40js9jb2d,00:08:40.019
cpb-aacip-512-v40js9jb2d_03608771_00693627_00693626.jpg,https://americanarchive.org/catalog/cpb-aacip-512-v40js9jb2d,00:11:33.626
cpb-aacip-512-v40js9jb2d_03608771_00841141_00841140.jpg,https://americanarchive.org/catalog/cpb-aacip-512-v40js9jb2d,00:14:01.140
cpb-aacip-512-v40js9jb2d_03608771_00881148_00881146.jpg,https://americanarchive.org/catalog/cpb-aacip-512-v40js9jb2d,00:14:41.146
cpb-aacip-512-v40js9jb2d_03608771_00943877_00943876.jpg,https://americanarchive.org/catalog/cpb-aacip-512-v40js9jb2d,00:15:43.876
cpb-aacip-512-v40js9jb2d_03608771_01120387_01120385.jpg,https://americanarchive.org/catalog/cpb-aacip-512-v40js9jb2d,00:18:40.385
cpb-aacip-512-v40js9jb2d_03608771_01154254_01154253.jpg,https://americanarchive.org/catalog/cpb-aacip-512-v40js9jb2d,00:19:14.253
cpb-aacip-512-v40js9jb2d_03608771_01208509_01208507.jpg,https://americanarchive.org/catalog/cpb-aacip-512-v40js9jb2d,00:20:08.507
cpb-aacip-512-v40js9jb2d_03608771_01293627_01293625.jpg,https://americanarchive.org/catalog/cpb-aacip-512-v40js9jb2d,00:21:33.625
cpb-aacip-512-v40js9jb2d_03608771_01337137_01337135.jpg,https://americanarchive.org/catalog/cpb-aacip-512-v40js9jb2d,00:22:17.135
cpb-aacip-512-v40js9jb2d_03608771_01473273_01473271.jpg,https://americanarchive.org/catalog/cpb-aacip-512-v40js9jb2d,00:24:33.271
cpb-aacip-512-v40js9jb2d_03608771_01568001_01567999.jpg,https://americanarchive.org/catalog/cpb-aacip-512-v40js9jb2d,00:26:07.999
cpb-aacip-512-v40js9jb2d_03608771_02047147_02047145.jpg,https://americanarchive.org/catalog/cpb-aacip-512-v40js9jb2d,00:34:07.145
cpb-aacip-512-v40js9jb2d_03608771_02074141_02074138.jpg,https://americanarchive.org/catalog/cpb-aacip-512-v40js9jb2d,00:34:34.138
cpb-aacip-512-v40js9jb2d_03608771_02256657_02256654.jpg,https://americanarchive.org/catalog/cpb-aacip-512-v40js9jb2d,00:37:36.654
cpb-aacip-512-v40js9jb2d_03608771_02319152_02319150.jpg,https://americanarchive.org/catalog/cpb-aacip-512-v40js9jb2d,00:38:39.150
cpb-aacip-512-v40js9jb2d_03608771_02375142_02375139.jpg,https://americanarchive.org/catalog/cpb-aacip-512-v40js9jb2d,00:39:35.139
cpb-aacip-512-v40js9jb2d_03608771_02673006_02673003.jpg,https://americanarchive.org/catalog/cpb-aacip-512-v40js9jb2d,00:44:33.003
cpb-aacip-512-v40js9jb2d_03608771_02849149_02849146.jpg,https://americanarchive.org/catalog/cpb-aacip-512-v40js9jb2d,00:47:29.146
cpb-aacip-512-v40js9jb2d_03608771_02995128_02995125.jpg,https://americanarchive.org/catalog/cpb-aacip-512-v40js9jb2d,00:49:55.125
cpb-aacip-512-v40js9jb2d_03608771_03040140_03040137.jpg,https://americanarchive.org/catalog/cpb-aacip-512-v40js9jb2d,00:50:40.137
cpb-aacip-512-v40js9jb2d_03608771_03244378_03244374.jpg,https://americanarchive.org/catalog/cpb-aacip-512-v40js9jb2d,00:54:04.374
cpb-aacip-512-v40js9jb2d_03608771_03320654_03320650.jpg,https://americanarchive.org/catalog/cpb-aacip-512-v40js9jb2d,00:55:20.650
cpb-aacip-516-5m6251gg0m_05399761_00326260_00326259.jpg,https://americanarchive.org/catalog/cpb-aacip-516-5m6251gg0m,00:05:26.259
cpb-aacip-516-5m6251gg0m_05399761_00378762_00378761.jpg,https://americanarchive.org/catalog/cpb-aacip-516-5m6251gg0m,00:06:18.761
cpb-aacip-516-5m6251gg0m_05399761_00735886_00735885.jpg,https://americanarchive.org/catalog/cpb-aacip-516-5m6251gg0m,00:12:15.885
cpb-aacip-516-5m6251gg0m_05399761_00803387_00803385.jpg,https://americanarchive.org/catalog/cpb-aacip-516-5m6251gg0m,00:13:23.385
cpb-aacip-516-5m6251gg0m_05399761_01374508_01374506.jpg,https://americanarchive.org/catalog/cpb-aacip-516-5m6251gg0m,00:22:54.506
cpb-aacip-516-5m6251gg0m_05399761_01526510_01526508.jpg,https://americanarchive.org/catalog/cpb-aacip-516-5m6251gg0m,00:25:26.508
cpb-aacip-516-5m6251gg0m_05399761_01769636_01769634.jpg,https://americanarchive.org/catalog/cpb-aacip-516-5m6251gg0m,00:29:29.634
cpb-aacip-516-5m6251gg0m_05399761_01831131_01831129.jpg,https://americanarchive.org/catalog/cpb-aacip-516-5m6251gg0m,00:30:31.129
cpb-aacip-516-5m6251gg0m_05399761_01898131_01898129.jpg,https://americanarchive.org/catalog/cpb-aacip-516-5m6251gg0m,00:31:38.129
cpb-aacip-516-5m6251gg0m_05399761_02722639_02722636.jpg,https://americanarchive.org/catalog/cpb-aacip-516-5m6251gg0m,00:45:22.636
cpb-aacip-516-5m6251gg0m_05399761_03126627_03126623.jpg,https://americanarchive.org/catalog/cpb-aacip-516-5m6251gg0m,00:52:06.623
cpb-aacip-516-5m6251gg0m_05399761_03236887_03236883.jpg,https://americanarchive.org/catalog/cpb-aacip-516-5m6251gg0m,00:53:56.883
cpb-aacip-516-5m6251gg0m_05399761_03688388_03688384.jpg,https://americanarchive.org/catalog/cpb-aacip-516-5m6251gg0m,01:01:28.384
cpb-aacip-516-5m6251gg0m_05399761_03843126_03843122.jpg,https://americanarchive.org/catalog/cpb-aacip-516-5m6251gg0m,01:04:03.122
cpb-aacip-516-5m6251gg0m_05399761_03970754_03970750.jpg,https://americanarchive.org/catalog/cpb-aacip-516-5m6251gg0m,01:06:10.750
cpb-aacip-516-5m6251gg0m_05399761_04096763_04096759.jpg,https://americanarchive.org/catalog/cpb-aacip-516-5m6251gg0m,01:08:16.759
cpb-aacip-516-5m6251gg0m_05399761_04282883_04282878.jpg,https://americanarchive.org/catalog/cpb-aacip-516-5m6251gg0m,01:11:22.878
cpb-aacip-516-5m6251gg0m_05399761_04370387_04370382.jpg,https://americanarchive.org/catalog/cpb-aacip-516-5m6251gg0m,01:12:50.382
cpb-aacip-516-5m6251gg0m_05399761_04479379_04479374.jpg,https://americanarchive.org/catalog/cpb-aacip-516-5m6251gg0m,01:14:39.374
cpb-aacip-516-5m6251gg0m_05399761_04795879_04795874.jpg,https://americanarchive.org/catalog/cpb-aacip-516-5m6251gg0m,01:19:55.874
cpb-aacip-516-5m6251gg0m_05399761_04830013_04830008.jpg,https://americanarchive.org/catalog/cpb-aacip-516-5m6251gg0m,01:20:30.008
cpb-aacip-516-zc7rn31c84_03468498_00256390_00256389.jpg,https://americanarchive.org/catalog/cpb-aacip-516-zc7rn31c84,00:04:16.389
cpb-aacip-516-zc7rn31c84_03468498_00441642_00441641.jpg,https://americanarchive.org/catalog/cpb-aacip-516-zc7rn31c84,00:07:21.641
cpb-aacip-516-zc7rn31c84_03468498_00611512_00611510.jpg,https://americanarchive.org/catalog/cpb-aacip-516-zc7rn31c84,00:10:11.510
cpb-aacip-516-zc7rn31c84_03468498_00905906_00905905.jpg,https://americanarchive.org/catalog/cpb-aacip-516-zc7rn31c84,00:15:05.905
cpb-aacip-516-zc7rn31c84_03468498_01132533_01132531.jpg,https://americanarchive.org/catalog/cpb-aacip-516-zc7rn31c84,00:18:52.531
cpb-aacip-516-zc7rn31c84_03468498_01500501_01500499.jpg,https://americanarchive.org/catalog/cpb-aacip-516-zc7rn31c84,00:25:00.499
cpb-aacip-516-zc7rn31c84_03468498_01645646_01645644.jpg,https://americanarchive.org/catalog/cpb-aacip-516-zc7rn31c84,00:27:25.644
cpb-aacip-516-zc7rn31c84_03468498_01849016_01849013.jpg,https://americanarchive.org/catalog/cpb-aacip-516-zc7rn31c84,00:30:49.013
cpb-aacip-516-zc7rn31c84_03468498_02228028_02228025.jpg,https://americanarchive.org/catalog/cpb-aacip-516-zc7rn31c84,00:37:08.025
cpb-aacip-516-zc7rn31c84_03468498_02250517_02250514.jpg,https://americanarchive.org/catalog/cpb-aacip-516-zc7rn31c84,00:37:30.514
cpb-aacip-516-zc7rn31c84_03468498_02350017_02350014.jpg,https://americanarchive.org/catalog/cpb-aacip-516-zc7rn31c84,00:39:10.014
cpb-aacip-516-zc7rn31c84_03468498_02737004_02737000.jpg,https://americanarchive.org/catalog/cpb-aacip-516-zc7rn31c84,00:45:37.000
cpb-aacip-531-cj87h1fw20_01772437_00088388_00088388.jpg,https://americanarchive.org/catalog/cpb-aacip-531-cj87h1fw20,00:01:28.388
cpb-aacip-531-cj87h1fw20_01772437_00360527_00360526.jpg,https://americanarchive.org/catalog/cpb-aacip-531-cj87h1fw20,00:06:00.526
cpb-aacip-531-cj87h1fw20_01772437_00789756_00789755.jpg,https://americanarchive.org/catalog/cpb-aacip-531-cj87h1fw20,00:13:09.755
cpb-aacip-531-cj87h1fw20_01772437_01348882_01348880.jpg,https://americanarchive.org/catalog/cpb-aacip-531-cj87h1fw20,00:22:28.880
cpb-aacip-531-cj87h1fw20_01772437_01534134_01534132.jpg,https://americanarchive.org/catalog/cpb-aacip-531-cj87h1fw20,00:25:34.132
cpb-aacip-54f941a59ff_01769868_00118385_00118384.jpg,https://americanarchive.org/catalog/cpb-aacip-54f941a59ff,00:01:58.384
cpb-aacip-54f941a59ff_01769868_00149783_00149782.jpg,https://americanarchive.org/catalog/cpb-aacip-54f941a59ff,00:02:29.782
cpb-aacip-54f941a59ff_01769868_00174641_00174641.jpg,https://americanarchive.org/catalog/cpb-aacip-54f941a59ff,00:02:54.641
cpb-aacip-54f941a59ff_01769868_00189656_00189656.jpg,https://americanarchive.org/catalog/cpb-aacip-54f941a59ff,00:03:09.656
cpb-aacip-54f941a59ff_01769868_00334401_00334400.jpg,https://americanarchive.org/catalog/cpb-aacip-54f941a59ff,00:05:34.400
cpb-aacip-54f941a59ff_01769868_00372639_00372638.jpg,https://americanarchive.org/catalog/cpb-aacip-54f941a59ff,00:06:12.638
cpb-aacip-54f941a59ff_01769868_00453654_00453653.jpg,https://americanarchive.org/catalog/cpb-aacip-54f941a59ff,00:07:33.653
cpb-aacip-54f941a59ff_01769868_00855255_00855254.jpg,https://americanarchive.org/catalog/cpb-aacip-54f941a59ff,00:14:15.254
cpb-aacip-54f941a59ff_01769868_00905906_00905905.jpg,https://americanarchive.org/catalog/cpb-aacip-54f941a59ff,00:15:05.905
cpb-aacip-54f941a59ff_01769868_00959259_00959258.jpg,https://americanarchive.org/catalog/cpb-aacip-54f941a59ff,00:15:59.258
cpb-aacip-54f941a59ff_01769868_01246380_01246378.jpg,https://americanarchive.org/catalog/cpb-aacip-54f941a59ff,00:20:46.378
cpb-aacip-662f6d684de_03568431_00308275_00308274.jpg,https://americanarchive.org/catalog/cpb-aacip-662f6d684de,00:05:08.274
cpb-aacip-662f6d684de_03568431_00403770_00403770.jpg,https://americanarchive.org/catalog/cpb-aacip-662f6d684de,00:06:43.770
cpb-aacip-662f6d684de_03568431_00515148_00515147.jpg,https://americanarchive.org/catalog/cpb-aacip-662f6d684de,00:08:35.147
cpb-aacip-662f6d684de_03568431_00578512_00578511.jpg,https://americanarchive.org/catalog/cpb-aacip-662f6d684de,00:09:38.511
cpb-aacip-662f6d684de_03568431_00651251_00651250.jpg,https://americanarchive.org/catalog/cpb-aacip-662f6d684de,00:10:51.250
cpb-aacip-662f6d684de_03568431_00924658_00924657.jpg,https://americanarchive.org/catalog/cpb-aacip-662f6d684de,00:15:24.657
cpb-aacip-662f6d684de_03568431_01057658_01057656.jpg,https://americanarchive.org/catalog/cpb-aacip-662f6d684de,00:17:37.656
cpb-aacip-662f6d684de_03568431_01185652_01185651.jpg,https://americanarchive.org/catalog/cpb-aacip-662f6d684de,00:19:45.651
cpb-aacip-662f6d684de_03568431_01339406_01339404.jpg,https://americanarchive.org/catalog/cpb-aacip-662f6d684de,00:22:19.404
cpb-aacip-662f6d684de_03568431_01502769_01502767.jpg,https://americanarchive.org/catalog/cpb-aacip-662f6d684de,00:25:02.767
cpb-aacip-662f6d684de_03568431_01640140_01640138.jpg,https://americanarchive.org/catalog/cpb-aacip-662f6d684de,00:27:20.138
cpb-aacip-662f6d684de_03568431_01830264_01830261.jpg,https://americanarchive.org/catalog/cpb-aacip-662f6d684de,00:30:30.261
cpb-aacip-662f6d684de_03568431_01933033_01933031.jpg,https://americanarchive.org/catalog/cpb-aacip-662f6d684de,00:32:13.031
cpb-aacip-662f6d684de_03568431_02061028_02061025.jpg,https://americanarchive.org/catalog/cpb-aacip-662f6d684de,00:34:21.025
cpb-aacip-662f6d684de_03568431_02106907_02106904.jpg,https://americanarchive.org/catalog/cpb-aacip-662f6d684de,00:35:06.904
cpb-aacip-662f6d684de_03568431_02296396_02296394.jpg,https://americanarchive.org/catalog/cpb-aacip-662f6d684de,00:38:16.394
cpb-aacip-662f6d684de_03568431_02447881_02447878.jpg,https://americanarchive.org/catalog/cpb-aacip-662f6d684de,00:40:47.878
cpb-aacip-662f6d684de_03568431_02727628_02727624.jpg,https://americanarchive.org/catalog/cpb-aacip-662f6d684de,00:45:27.624
cpb-aacip-662f6d684de_03568431_02910777_02910774.jpg,https://americanarchive.org/catalog/cpb-aacip-662f6d684de,00:48:30.774
cpb-aacip-662f6d684de_03568431_03028896_03028892.jpg,https://americanarchive.org/catalog/cpb-aacip-662f6d684de,00:50:28.892
cpb-aacip-662f6d684de_03568431_03083283_03083280.jpg,https://americanarchive.org/catalog/cpb-aacip-662f6d684de,00:51:23.280
cpb-aacip-662f6d684de_03568431_03142643_03142639.jpg,https://americanarchive.org/catalog/cpb-aacip-662f6d684de,00:52:22.639
cpb-aacip-75-25k98xzj_01717982_00175776_00175775.jpg,https://americanarchive.org/catalog/cpb-aacip-75-25k98xzj,00:02:55.775
cpb-aacip-75-25k98xzj_01717982_00217885_00217884.jpg,https://americanarchive.org/catalog/cpb-aacip-75-25k98xzj,00:03:37.884
cpb-aacip-75-25k98xzj_01717982_00312513_00312512.jpg,https://americanarchive.org/catalog/cpb-aacip-75-25k98xzj,00:05:12.512
cpb-aacip-75-25k98xzj_01717982_00566133_00566132.jpg,https://americanarchive.org/catalog/cpb-aacip-75-25k98xzj,00:09:26.132
cpb-aacip-75-25k98xzj_01717982_00594394_00594393.jpg,https://americanarchive.org/catalog/cpb-aacip-75-25k98xzj,00:09:54.393
cpb-aacip-75-25k98xzj_01717982_00876143_00876141.jpg,https://americanarchive.org/catalog/cpb-aacip-75-25k98xzj,00:14:36.141
cpb-aacip-75-25k98xzj_01717982_00923257_00923255.jpg,https://americanarchive.org/catalog/cpb-aacip-75-25k98xzj,00:15:23.255
cpb-aacip-75-25k98xzj_01717982_00959259_00959258.jpg,https://americanarchive.org/catalog/cpb-aacip-75-25k98xzj,00:15:59.258
cpb-aacip-75-25k98xzj_01717982_01175509_01175507.jpg,https://americanarchive.org/catalog/cpb-aacip-75-25k98xzj,00:19:35.507
cpb-aacip-75-25k98xzj_01717982_01276009_01276008.jpg,https://americanarchive.org/catalog/cpb-aacip-75-25k98xzj,00:21:16.008
cpb-aacip-7f63ca988dd_01876674_00178378_00178378.jpg,https://americanarchive.org/catalog/cpb-aacip-7f63ca988dd,00:02:58.378
cpb-aacip-7f63ca988dd_01876674_00416149_00416149.jpg,https://americanarchive.org/catalog/cpb-aacip-7f63ca988dd,00:06:56.149
cpb-aacip-7f63ca988dd_01876674_00518385_00518384.jpg,https://americanarchive.org/catalog/cpb-aacip-7f63ca988dd,00:08:38.384
cpb-aacip-7f63ca988dd_01876674_00543143_00543142.jpg,https://americanarchive.org/catalog/cpb-aacip-7f63ca988dd,00:09:03.142
cpb-aacip-7f63ca988dd_01876674_00561895_00561894.jpg,https://americanarchive.org/catalog/cpb-aacip-7f63ca988dd,00:09:21.894
cpb-aacip-7f63ca988dd_01876674_00619653_00619652.jpg,https://americanarchive.org/catalog/cpb-aacip-7f63ca988dd,00:10:19.652
cpb-aacip-7f63ca988dd_01876674_00650150_00650149.jpg,https://americanarchive.org/catalog/cpb-aacip-7f63ca988dd,00:10:50.149
cpb-aacip-7f63ca988dd_01876674_00929763_00929762.jpg,https://americanarchive.org/catalog/cpb-aacip-7f63ca988dd,00:15:29.762
cpb-aacip-7f63ca988dd_01876674_01051018_01051016.jpg,https://americanarchive.org/catalog/cpb-aacip-7f63ca988dd,00:17:31.016
cpb-aacip-7f63ca988dd_01876674_01090257_01090255.jpg,https://americanarchive.org/catalog/cpb-aacip-7f63ca988dd,00:18:10.255
cpb-aacip-7f63ca988dd_01876674_01203270_01203268.jpg,https://americanarchive.org/catalog/cpb-aacip-7f63ca988dd,00:20:03.268
cpb-aacip-7f63ca988dd_01876674_01226527_01226525.jpg,https://americanarchive.org/catalog/cpb-aacip-7f63ca988dd,00:20:26.525
cpb-aacip-7f63ca988dd_01876674_01318018_01318016.jpg,https://americanarchive.org/catalog/cpb-aacip-7f63ca988dd,00:21:58.016
cpb-aacip-7f63ca988dd_01876674_01362529_01362527.jpg,https://americanarchive.org/catalog/cpb-aacip-7f63ca988dd,00:22:42.527
cpb-aacip-7f63ca988dd_01876674_01442142_01442140.jpg,https://americanarchive.org/catalog/cpb-aacip-7f63ca988dd,00:24:02.140
cpb-aacip-7f63ca988dd_01876674_01631765_01631763.jpg,https://americanarchive.org/catalog/cpb-aacip-7f63ca988dd,00:27:11.763
cpb-aacip-7f63ca988dd_01876674_01657157_01657155.jpg,https://americanarchive.org/catalog/cpb-aacip-7f63ca988dd,00:27:37.155
cpb-aacip-7f63ca988dd_01876674_01666400_01666398.jpg,https://americanarchive.org/catalog/cpb-aacip-7f63ca988dd,00:27:46.398
cpb-aacip-7f63ca988dd_01876674_01706907_01706905.jpg,https://americanarchive.org/catalog/cpb-aacip-7f63ca988dd,00:28:26.905
cpb-aacip-9a22f6a0629_03536833_00338405_00338404.jpg,https://americanarchive.org/catalog/cpb-aacip-9a22f6a0629,00:05:38.404
cpb-aacip-9a22f6a0629_03536833_00470003_00470002.jpg,https://americanarchive.org/catalog/cpb-aacip-9a22f6a0629,00:07:50.002
cpb-aacip-9a22f6a0629_03536833_00653153_00653152.jpg,https://americanarchive.org/catalog/cpb-aacip-9a22f6a0629,00:10:53.152
cpb-aacip-9a22f6a0629_03536833_00770771_00770770.jpg,https://americanarchive.org/catalog/cpb-aacip-9a22f6a0629,00:12:50.770
cpb-aacip-9a22f6a0629_03536833_01052019_01052017.jpg,https://americanarchive.org/catalog/cpb-aacip-9a22f6a0629,00:17:32.017
cpb-aacip-9a22f6a0629_03536833_01194895_01194893.jpg,https://americanarchive.org/catalog/cpb-aacip-9a22f6a0629,00:19:54.893
cpb-aacip-9a22f6a0629_03536833_01288388_01288387.jpg,https://americanarchive.org/catalog/cpb-aacip-9a22f6a0629,00:21:28.387
cpb-aacip-9a22f6a0629_03536833_01407274_01407272.jpg,https://americanarchive.org/catalog/cpb-aacip-9a22f6a0629,00:23:27.272
cpb-aacip-9a22f6a0629_03536833_01499766_01499764.jpg,https://americanarchive.org/catalog/cpb-aacip-9a22f6a0629,00:24:59.764
cpb-aacip-9a22f6a0629_03536833_01560527_01560525.jpg,https://americanarchive.org/catalog/cpb-aacip-9a22f6a0629,00:26:00.525
cpb-aacip-9a22f6a0629_03536833_01689656_01689654.jpg,https://americanarchive.org/catalog/cpb-aacip-9a22f6a0629,00:28:09.654
cpb-aacip-9a22f6a0629_03536833_01984651_01984649.jpg,https://americanarchive.org/catalog/cpb-aacip-9a22f6a0629,00:33:04.649
cpb-aacip-9a22f6a0629_03536833_02142009_02142006.jpg,https://americanarchive.org/catalog/cpb-aacip-9a22f6a0629,00:35:42.006
cpb-aacip-9a22f6a0629_03536833_02352653_02352650.jpg,https://americanarchive.org/catalog/cpb-aacip-9a22f6a0629,00:39:12.650
cpb-aacip-9a22f6a0629_03536833_02600133_02600130.jpg,https://americanarchive.org/catalog/cpb-aacip-9a22f6a0629,00:43:20.130
cpb-aacip-9a22f6a0629_03536833_02741141_02741138.jpg,https://americanarchive.org/catalog/cpb-aacip-9a22f6a0629,00:45:41.138
cpb-aacip-9a22f6a0629_03536833_02864898_02864895.jpg,https://americanarchive.org/catalog/cpb-aacip-9a22f6a0629,00:47:44.895
cpb-aacip-9a22f6a0629_03536833_02950517_02950514.jpg,https://americanarchive.org/catalog/cpb-aacip-9a22f6a0629,00:49:10.514
cpb-aacip-9a22f6a0629_03536833_02997130_02997127.jpg,https://americanarchive.org/catalog/cpb-aacip-9a22f6a0629,00:49:57.127
cpb-aacip-9a22f6a0629_03536833_03159393_03159389.jpg,https://americanarchive.org/catalog/cpb-aacip-9a22f6a0629,00:52:39.389
cpb-aacip-9a22f6a0629_03536833_03220521_03220517.jpg,https://americanarchive.org/catalog/cpb-aacip-9a22f6a0629,00:53:40.517
cpb-aacip-9a22f6a0629_03536833_03405906_03405902.jpg,https://americanarchive.org/catalog/cpb-aacip-9a22f6a0629,00:56:45.902
cpb-aacip-9a22f6a0629_03536833_03436003_03435999.jpg,https://americanarchive.org/catalog/cpb-aacip-9a22f6a0629,00:57:15.999
cpb-aacip-9e67772d625_07091784_00138138_00138138.jpg,https://americanarchive.org/catalog/cpb-aacip-9e67772d625,00:02:18.138
cpb-aacip-9e67772d625_07091784_00224525_00224524.jpg,https://americanarchive.org/catalog/cpb-aacip-9e67772d625,00:03:44.524
cpb-aacip-9e67772d625_07091784_00252753_00252752.jpg,https://americanarchive.org/catalog/cpb-aacip-9e67772d625,00:04:12.752
cpb-aacip-9e67772d625_07091784_00390157_00390156.jpg,https://americanarchive.org/catalog/cpb-aacip-9e67772d625,00:06:30.156
cpb-aacip-9e67772d625_07091784_00571004_00571003.jpg,https://americanarchive.org/catalog/cpb-aacip-9e67772d625,00:09:31.003
cpb-aacip-9e67772d625_07091784_00580647_00580646.jpg,https://americanarchive.org/catalog/cpb-aacip-9e67772d625,00:09:40.646
cpb-aacip-9e67772d625_07091784_00912880_00912878.jpg,https://americanarchive.org/catalog/cpb-aacip-9e67772d625,00:15:12.878
cpb-aacip-9e67772d625_07091784_00919653_00919652.jpg,https://americanarchive.org/catalog/cpb-aacip-9e67772d625,00:15:19.652
cpb-aacip-9e67772d625_07091784_00968268_00968267.jpg,https://americanarchive.org/catalog/cpb-aacip-9e67772d625,00:16:08.267
cpb-aacip-9e67772d625_07091784_00989523_00989521.jpg,https://americanarchive.org/catalog/cpb-aacip-9e67772d625,00:16:29.521
cpb-aacip-9e67772d625_07091784_01237905_01237903.jpg,https://americanarchive.org/catalog/cpb-aacip-9e67772d625,00:20:37.903
cpb-aacip-9e67772d625_07091784_01264765_01264763.jpg,https://americanarchive.org/catalog/cpb-aacip-9e67772d625,00:21:04.763
cpb-aacip-9e67772d625_07091784_01577644_01577642.jpg,https://americanarchive.org/catalog/cpb-aacip-9e67772d625,00:26:17.642
cpb-aacip-9e67772d625_07091784_01612646_01612644.jpg,https://americanarchive.org/catalog/cpb-aacip-9e67772d625,00:26:52.644
cpb-aacip-9e67772d625_07091784_01702769_01702767.jpg,https://americanarchive.org/catalog/cpb-aacip-9e67772d625,00:28:22.767
cpb-aacip-9e67772d625_07091784_01729763_01729761.jpg,https://americanarchive.org/catalog/cpb-aacip-9e67772d625,00:28:49.761
cpb-aacip-9e67772d625_07091784_01990524_01990521.jpg,https://americanarchive.org/catalog/cpb-aacip-9e67772d625,00:33:10.521
cpb-aacip-9e67772d625_07091784_02014648_02014645.jpg,https://americanarchive.org/catalog/cpb-aacip-9e67772d625,00:33:34.645
cpb-aacip-9e67772d625_07091784_02077377_02077375.jpg,https://americanarchive.org/catalog/cpb-aacip-9e67772d625,00:34:37.375
cpb-aacip-9e67772d625_07091784_02270904_02270901.jpg,https://americanarchive.org/catalog/cpb-aacip-9e67772d625,00:37:50.901
cpb-aacip-9e67772d625_07091784_02406907_02406904.jpg,https://americanarchive.org/catalog/cpb-aacip-9e67772d625,00:40:06.904
cpb-aacip-9e67772d625_07091784_02429530_02429527.jpg,https://americanarchive.org/catalog/cpb-aacip-9e67772d625,00:40:29.527
cpb-aacip-9e67772d625_07091784_02909009_02909006.jpg,https://americanarchive.org/catalog/cpb-aacip-9e67772d625,00:48:29.006
cpb-aacip-9e67772d625_07091784_02952886_02952883.jpg,https://americanarchive.org/catalog/cpb-aacip-9e67772d625,00:49:12.883
cpb-aacip-9e67772d625_07091784_03283884_03283880.jpg,https://americanarchive.org/catalog/cpb-aacip-9e67772d625,00:54:43.880
cpb-aacip-9e67772d625_07091784_03340407_03340403.jpg,https://americanarchive.org/catalog/cpb-aacip-9e67772d625,00:55:40.403
cpb-aacip-9e67772d625_07091784_03606907_03606903.jpg,https://americanarchive.org/catalog/cpb-aacip-9e67772d625,01:00:06.903
cpb-aacip-9e67772d625_07091784_03751018_03751013.jpg,https://americanarchive.org/catalog/cpb-aacip-9e67772d625,01:02:31.013
cpb-aacip-9e67772d625_07091784_03794261_03794257.jpg,https://americanarchive.org/catalog/cpb-aacip-9e67772d625,01:03:14.257
cpb-aacip-9e67772d625_07091784_03862129_03862124.jpg,https://americanarchive.org/catalog/cpb-aacip-9e67772d625,01:04:22.124
cpb-aacip-9e67772d625_07091784_03906773_03906769.jpg,https://americanarchive.org/catalog/cpb-aacip-9e67772d625,01:05:06.769
cpb-aacip-9e67772d625_07091784_03982649_03982645.jpg,https://americanarchive.org/catalog/cpb-aacip-9e67772d625,01:06:22.645
cpb-aacip-9e67772d625_07091784_04013013_04013009.jpg,https://americanarchive.org/catalog/cpb-aacip-9e67772d625,01:06:53.009
cpb-aacip-9e67772d625_07091784_04059026_04059021.jpg,https://americanarchive.org/catalog/cpb-aacip-9e67772d625,01:07:39.021
cpb-aacip-9e67772d625_07091784_04173640_04173636.jpg,https://americanarchive.org/catalog/cpb-aacip-9e67772d625,01:09:33.636
cpb-aacip-9e67772d625_07091784_04570003_04569998.jpg,https://americanarchive.org/catalog/cpb-aacip-9e67772d625,01:16:09.998
cpb-aacip-9e67772d625_07091784_04622890_04622884.jpg,https://americanarchive.org/catalog/cpb-aacip-9e67772d625,01:17:02.884
cpb-aacip-9e67772d625_07091784_04909510_04909504.jpg,https://americanarchive.org/catalog/cpb-aacip-9e67772d625,01:21:49.504
cpb-aacip-9e67772d625_07091784_05038505_05038500.jpg,https://americanarchive.org/catalog/cpb-aacip-9e67772d625,01:23:58.500
cpb-aacip-9e67772d625_07091784_05200501_05200495.jpg,https://americanarchive.org/catalog/cpb-aacip-9e67772d625,01:26:40.495
cpb-aacip-9e67772d625_07091784_05245279_05245273.jpg,https://americanarchive.org/catalog/cpb-aacip-9e67772d625,01:27:25.273
cpb-aacip-9e67772d625_07091784_05388388_05388383.jpg,https://americanarchive.org/catalog/cpb-aacip-9e67772d625,01:29:48.383
cpb-aacip-9e67772d625_07091784_05433133_05433127.jpg,https://americanarchive.org/catalog/cpb-aacip-9e67772d625,01:30:33.127
cpb-aacip-9e67772d625_07091784_05541408_05541402.jpg,https://americanarchive.org/catalog/cpb-aacip-9e67772d625,01:32:21.402
cpb-aacip-9e67772d625_07091784_05674408_05674402.jpg,https://americanarchive.org/catalog/cpb-aacip-9e67772d625,01:34:34.402
cpb-aacip-9e67772d625_07091784_05712513_05712506.jpg,https://americanarchive.org/catalog/cpb-aacip-9e67772d625,01:35:12.506
cpb-aacip-9e67772d625_07091784_05767000_05766994.jpg,https://americanarchive.org/catalog/cpb-aacip-9e67772d625,01:36:06.994
cpb-aacip-9e67772d625_07091784_05907007_05907001.jpg,https://americanarchive.org/catalog/cpb-aacip-9e67772d625,01:38:27.001
cpb-aacip-9e67772d625_07091784_06259126_06259119.jpg,https://americanarchive.org/catalog/cpb-aacip-9e67772d625,01:44:19.119
cpb-aacip-9e67772d625_07091784_06310277_06310270.jpg,https://americanarchive.org/catalog/cpb-aacip-9e67772d625,01:45:10.270
cpb-aacip-9e67772d625_07091784_06613380_06613373.jpg,https://americanarchive.org/catalog/cpb-aacip-9e67772d625,01:50:13.373
cpb-aacip-9e67772d625_07091784_06748148_06748141.jpg,https://americanarchive.org/catalog/cpb-aacip-9e67772d625,01:52:28.141
cpb-aacip-9e67772d625_07091784_06868635_06868628.jpg,https://americanarchive.org/catalog/cpb-aacip-9e67772d625,01:54:28.628
cpb-aacip-9e67772d625_07091784_06929029_06929022.jpg,https://americanarchive.org/catalog/cpb-aacip-9e67772d625,01:55:29.022
cpb-aacip-a3c25f5ff67_01742240_00223891_00223890.jpg,https://americanarchive.org/catalog/cpb-aacip-a3c25f5ff67,00:03:43.890
cpb-aacip-a3c25f5ff67_01742240_00269770_00269769.jpg,https://americanarchive.org/catalog/cpb-aacip-a3c25f5ff67,00:04:29.769
cpb-aacip-a3c25f5ff67_01742240_00406907_00406906.jpg,https://americanarchive.org/catalog/cpb-aacip-a3c25f5ff67,00:06:46.906
cpb-aacip-a3c25f5ff67_01742240_00506273_00506272.jpg,https://americanarchive.org/catalog/cpb-aacip-a3c25f5ff67,00:08:26.272
cpb-aacip-a3c25f5ff67_01742240_00602636_00602635.jpg,https://americanarchive.org/catalog/cpb-aacip-a3c25f5ff67,00:10:02.635
cpb-aacip-a3c25f5ff67_01742240_00725626_00725624.jpg,https://americanarchive.org/catalog/cpb-aacip-a3c25f5ff67,00:12:05.624
cpb-aacip-a3c25f5ff67_01742240_00995128_00995127.jpg,https://americanarchive.org/catalog/cpb-aacip-a3c25f5ff67,00:16:35.127
cpb-aacip-a3c25f5ff67_01742240_01040641_01040639.jpg,https://americanarchive.org/catalog/cpb-aacip-a3c25f5ff67,00:17:20.639
cpb-aacip-a3c25f5ff67_01742240_01132132_01132131.jpg,https://americanarchive.org/catalog/cpb-aacip-a3c25f5ff67,00:18:52.131
cpb-aacip-a3c25f5ff67_01742240_01529630_01529628.jpg,https://americanarchive.org/catalog/cpb-aacip-a3c25f5ff67,00:25:29.628
cpb-aacip-a9ddf0d5c9f_03741003_00311011_00311010.jpg,https://americanarchive.org/catalog/cpb-aacip-a9ddf0d5c9f,00:05:11.010
cpb-aacip-a9ddf0d5c9f_03741003_00357257_00357256.jpg,https://americanarchive.org/catalog/cpb-aacip-a9ddf0d5c9f,00:05:57.256
cpb-aacip-a9ddf0d5c9f_03741003_00432900_00432899.jpg,https://americanarchive.org/catalog/cpb-aacip-a9ddf0d5c9f,00:07:12.899
cpb-aacip-a9ddf0d5c9f_03741003_00472139_00472138.jpg,https://americanarchive.org/catalog/cpb-aacip-a9ddf0d5c9f,00:07:52.138
cpb-aacip-a9ddf0d5c9f_03741003_00509009_00509008.jpg,https://americanarchive.org/catalog/cpb-aacip-a9ddf0d5c9f,00:08:29.008
cpb-aacip-a9ddf0d5c9f_03741003_00548382_00548381.jpg,https://americanarchive.org/catalog/cpb-aacip-a9ddf0d5c9f,00:09:08.381
cpb-aacip-a9ddf0d5c9f_03741003_00590891_00590890.jpg,https://americanarchive.org/catalog/cpb-aacip-a9ddf0d5c9f,00:09:50.890
cpb-aacip-a9ddf0d5c9f_03741003_00654888_00654887.jpg,https://americanarchive.org/catalog/cpb-aacip-a9ddf0d5c9f,00:10:54.887
cpb-aacip-a9ddf0d5c9f_03741003_00745145_00745144.jpg,https://americanarchive.org/catalog/cpb-aacip-a9ddf0d5c9f,00:12:25.144
cpb-aacip-a9ddf0d5c9f_03741003_00780280_00780279.jpg,https://americanarchive.org/catalog/cpb-aacip-a9ddf0d5c9f,00:13:00.279
cpb-aacip-a9ddf0d5c9f_03741003_00810511_00810509.jpg,https://americanarchive.org/catalog/cpb-aacip-a9ddf0d5c9f,00:13:30.509
cpb-aacip-a9ddf0d5c9f_03741003_00890891_00890890.jpg,https://americanarchive.org/catalog/cpb-aacip-a9ddf0d5c9f,00:14:50.890
cpb-aacip-a9ddf0d5c9f_03741003_00922656_00922655.jpg,https://americanarchive.org/catalog/cpb-aacip-a9ddf0d5c9f,00:15:22.655
cpb-aacip-a9ddf0d5c9f_03741003_00937905_00937903.jpg,https://americanarchive.org/catalog/cpb-aacip-a9ddf0d5c9f,00:15:37.903
cpb-aacip-a9ddf0d5c9f_03741003_00967134_00967132.jpg,https://americanarchive.org/catalog/cpb-aacip-a9ddf0d5c9f,00:16:07.132
cpb-aacip-a9ddf0d5c9f_03741003_00994127_00994126.jpg,https://americanarchive.org/catalog/cpb-aacip-a9ddf0d5c9f,00:16:34.126
cpb-aacip-a9ddf0d5c9f_03741003_01025259_01025257.jpg,https://americanarchive.org/catalog/cpb-aacip-a9ddf0d5c9f,00:17:05.257
cpb-aacip-a9ddf0d5c9f_03741003_01048782_01048781.jpg,https://americanarchive.org/catalog/cpb-aacip-a9ddf0d5c9f,00:17:28.781
cpb-aacip-a9ddf0d5c9f_03741003_01096763_01096762.jpg,https://americanarchive.org/catalog/cpb-aacip-a9ddf0d5c9f,00:18:16.762
cpb-aacip-a9ddf0d5c9f_03741003_01135502_01135501.jpg,https://americanarchive.org/catalog/cpb-aacip-a9ddf0d5c9f,00:18:55.501
cpb-aacip-a9ddf0d5c9f_03741003_01185886_01185884.jpg,https://americanarchive.org/catalog/cpb-aacip-a9ddf0d5c9f,00:19:45.884
cpb-aacip-a9ddf0d5c9f_03741003_01249283_01249281.jpg,https://americanarchive.org/catalog/cpb-aacip-a9ddf0d5c9f,00:20:49.281
cpb-aacip-a9ddf0d5c9f_03741003_01292025_01292024.jpg,https://americanarchive.org/catalog/cpb-aacip-a9ddf0d5c9f,00:21:32.024
cpb-aacip-a9ddf0d5c9f_03741003_01321889_01321887.jpg,https://americanarchive.org/catalog/cpb-aacip-a9ddf0d5c9f,00:22:01.887
cpb-aacip-a9ddf0d5c9f_03741003_01360627_01360625.jpg,https://americanarchive.org/catalog/cpb-aacip-a9ddf0d5c9f,00:22:40.625
cpb-aacip-a9ddf0d5c9f_03741003_01386253_01386251.jpg,https://americanarchive.org/catalog/cpb-aacip-a9ddf0d5c9f,00:23:06.251
cpb-aacip-a9ddf0d5c9f_03741003_01425526_01425524.jpg,https://americanarchive.org/catalog/cpb-aacip-a9ddf0d5c9f,00:23:45.524
cpb-aacip-a9ddf0d5c9f_03741003_01471638_01471636.jpg,https://americanarchive.org/catalog/cpb-aacip-a9ddf0d5c9f,00:24:31.636
cpb-aacip-a9ddf0d5c9f_03741003_01513146_01513144.jpg,https://americanarchive.org/catalog/cpb-aacip-a9ddf0d5c9f,00:25:13.144
cpb-aacip-a9ddf0d5c9f_03741003_01526260_01526258.jpg,https://americanarchive.org/catalog/cpb-aacip-a9ddf0d5c9f,00:25:26.258
cpb-aacip-a9ddf0d5c9f_03741003_01559026_01559024.jpg,https://americanarchive.org/catalog/cpb-aacip-a9ddf0d5c9f,00:25:59.024
cpb-aacip-a9ddf0d5c9f_03741003_01585519_01585517.jpg,https://americanarchive.org/catalog/cpb-aacip-a9ddf0d5c9f,00:26:25.517
cpb-aacip-a9ddf0d5c9f_03741003_01633033_01633031.jpg,https://americanarchive.org/catalog/cpb-aacip-a9ddf0d5c9f,00:27:13.031
cpb-aacip-a9ddf0d5c9f_03741003_01695529_01695527.jpg,https://americanarchive.org/catalog/cpb-aacip-a9ddf0d5c9f,00:28:15.527
cpb-aacip-a9ddf0d5c9f_03741003_01744144_01744142.jpg,https://americanarchive.org/catalog/cpb-aacip-a9ddf0d5c9f,00:29:04.142
cpb-aacip-a9ddf0d5c9f_03741003_01946647_01946644.jpg,https://americanarchive.org/catalog/cpb-aacip-a9ddf0d5c9f,00:32:26.644
cpb-aacip-a9ddf0d5c9f_03741003_01990657_01990655.jpg,https://americanarchive.org/catalog/cpb-aacip-a9ddf0d5c9f,00:33:10.655
cpb-aacip-a9ddf0d5c9f_03741003_02031398_02031396.jpg,https://americanarchive.org/catalog/cpb-aacip-a9ddf0d5c9f,00:33:51.396
cpb-aacip-a9ddf0d5c9f_03741003_02095762_02095760.jpg,https://americanarchive.org/catalog/cpb-aacip-a9ddf0d5c9f,00:34:55.760
cpb-aacip-a9ddf0d5c9f_03741003_02145012_02145009.jpg,https://americanarchive.org/catalog/cpb-aacip-a9ddf0d5c9f,00:35:45.009
cpb-aacip-a9ddf0d5c9f_03741003_02258025_02258022.jpg,https://americanarchive.org/catalog/cpb-aacip-a9ddf0d5c9f,00:37:38.022
cpb-aacip-a9ddf0d5c9f_03741003_02287888_02287885.jpg,https://americanarchive.org/catalog/cpb-aacip-a9ddf0d5c9f,00:38:07.885
cpb-aacip-a9ddf0d5c9f_03741003_02340507_02340504.jpg,https://americanarchive.org/catalog/cpb-aacip-a9ddf0d5c9f,00:39:00.504
cpb-aacip-a9ddf0d5c9f_03741003_02404638_02404635.jpg,https://americanarchive.org/catalog/cpb-aacip-a9ddf0d5c9f,00:40:04.635
cpb-aacip-a9ddf0d5c9f_03741003_02430130_02430127.jpg,https://americanarchive.org/catalog/cpb-aacip-a9ddf0d5c9f,00:40:30.127
cpb-aacip-a9ddf0d5c9f_03741003_02466767_02466764.jpg,https://americanarchive.org/catalog/cpb-aacip-a9ddf0d5c9f,00:41:06.764
cpb-aacip-a9ddf0d5c9f_03741003_02517751_02517748.jpg,https://americanarchive.org/catalog/cpb-aacip-a9ddf0d5c9f,00:41:57.748
cpb-aacip-a9ddf0d5c9f_03741003_02552252_02552249.jpg,https://americanarchive.org/catalog/cpb-aacip-a9ddf0d5c9f,00:42:32.249
cpb-aacip-a9ddf0d5c9f_03741003_02634134_02634131.jpg,https://americanarchive.org/catalog/cpb-aacip-a9ddf0d5c9f,00:43:54.131
cpb-aacip-a9ddf0d5c9f_03741003_02677377_02677374.jpg,https://americanarchive.org/catalog/cpb-aacip-a9ddf0d5c9f,00:44:37.374
cpb-aacip-a9ddf0d5c9f_03741003_02709009_02709006.jpg,https://americanarchive.org/catalog/cpb-aacip-a9ddf0d5c9f,00:45:09.006
cpb-aacip-a9ddf0d5c9f_03741003_02756256_02756253.jpg,https://americanarchive.org/catalog/cpb-aacip-a9ddf0d5c9f,00:45:56.253
cpb-aacip-a9ddf0d5c9f_03741003_02785752_02785749.jpg,https://americanarchive.org/catalog/cpb-aacip-a9ddf0d5c9f,00:46:25.749
cpb-aacip-a9ddf0d5c9f_03741003_02816149_02816146.jpg,https://americanarchive.org/catalog/cpb-aacip-a9ddf0d5c9f,00:46:56.146
cpb-aacip-a9ddf0d5c9f_03741003_02857891_02857888.jpg,https://americanarchive.org/catalog/cpb-aacip-a9ddf0d5c9f,00:47:37.888
cpb-aacip-a9ddf0d5c9f_03741003_02914147_02914144.jpg,https://americanarchive.org/catalog/cpb-aacip-a9ddf0d5c9f,00:48:34.144
cpb-aacip-a9ddf0d5c9f_03741003_02950250_02950247.jpg,https://americanarchive.org/catalog/cpb-aacip-a9ddf0d5c9f,00:49:10.247
cpb-aacip-a9ddf0d5c9f_03741003_03013280_03013276.jpg,https://americanarchive.org/catalog/cpb-aacip-a9ddf0d5c9f,00:50:13.276
cpb-aacip-a9ddf0d5c9f_03741003_03072406_03072402.jpg,https://americanarchive.org/catalog/cpb-aacip-a9ddf0d5c9f,00:51:12.402
cpb-aacip-a9ddf0d5c9f_03741003_03107774_03107771.jpg,https://americanarchive.org/catalog/cpb-aacip-a9ddf0d5c9f,00:51:47.771
cpb-aacip-a9ddf0d5c9f_03741003_03151518_03151515.jpg,https://americanarchive.org/catalog/cpb-aacip-a9ddf0d5c9f,00:52:31.515
cpb-aacip-a9ddf0d5c9f_03741003_03213881_03213877.jpg,https://americanarchive.org/catalog/cpb-aacip-a9ddf0d5c9f,00:53:33.877
cpb-aacip-a9ddf0d5c9f_03741003_03264264_03264261.jpg,https://americanarchive.org/catalog/cpb-aacip-a9ddf0d5c9f,00:54:24.261
cpb-aacip-a9ddf0d5c9f_03741003_03295762_03295759.jpg,https://americanarchive.org/catalog/cpb-aacip-a9ddf0d5c9f,00:54:55.759
cpb-aacip-a9ddf0d5c9f_03741003_03338906_03338902.jpg,https://americanarchive.org/catalog/cpb-aacip-a9ddf0d5c9f,00:55:38.902
cpb-aacip-a9ddf0d5c9f_03741003_03370904_03370900.jpg,https://americanarchive.org/catalog/cpb-aacip-a9ddf0d5c9f,00:56:10.900
cpb-aacip-a9ddf0d5c9f_03741003_03413647_03413643.jpg,https://americanarchive.org/catalog/cpb-aacip-a9ddf0d5c9f,00:56:53.643
cpb-aacip-a9ddf0d5c9f_03741003_03451251_03451247.jpg,https://americanarchive.org/catalog/cpb-aacip-a9ddf0d5c9f,00:57:31.247
cpb-aacip-a9ddf0d5c9f_03741003_03492025_03492021.jpg,https://americanarchive.org/catalog/cpb-aacip-a9ddf0d5c9f,00:58:12.021
cpb-aacip-a9ddf0d5c9f_03741003_03539640_03539636.jpg,https://americanarchive.org/catalog/cpb-aacip-a9ddf0d5c9f,00:58:59.636
cpb-aacip-a9ddf0d5c9f_03741003_03579513_03579509.jpg,https://americanarchive.org/catalog/cpb-aacip-a9ddf0d5c9f,00:59:39.509
cpb-aacip-a9ddf0d5c9f_03741003_03627895_03627890.jpg,https://americanarchive.org/catalog/cpb-aacip-a9ddf0d5c9f,01:00:27.890
cpb-aacip-a9ddf0d5c9f_03741003_03654154_03654150.jpg,https://americanarchive.org/catalog/cpb-aacip-a9ddf0d5c9f,01:00:54.150
cpb-aacip-a9ddf0d5c9f_03741003_03690023_03690019.jpg,https://americanarchive.org/catalog/cpb-aacip-a9ddf0d5c9f,01:01:30.019
cpb-aacip-a9ddf0d5c9f_03741003_03732132_03732128.jpg,https://americanarchive.org/catalog/cpb-aacip-a9ddf0d5c9f,01:02:12.128
cpb-aacip-ae82122f8ea_03932862_00159626_00159625.jpg,https://americanarchive.org/catalog/cpb-aacip-ae82122f8ea,00:02:39.625
cpb-aacip-ae82122f8ea_03932862_00253887_00253886.jpg,https://americanarchive.org/catalog/cpb-aacip-ae82122f8ea,00:04:13.886
cpb-aacip-ae82122f8ea_03932862_00424658_00424656.jpg,https://americanarchive.org/catalog/cpb-aacip-ae82122f8ea,00:07:04.656
cpb-aacip-ae82122f8ea_03932862_00629396_00629394.jpg,https://americanarchive.org/catalog/cpb-aacip-ae82122f8ea,00:10:29.394
cpb-aacip-ae82122f8ea_03932862_00806006_00806004.jpg,https://americanarchive.org/catalog/cpb-aacip-ae82122f8ea,00:13:26.004
cpb-aacip-ae82122f8ea_03932862_01604404_01604402.jpg,https://americanarchive.org/catalog/cpb-aacip-ae82122f8ea,00:26:44.402
cpb-aacip-ae82122f8ea_03932862_01826894_01826891.jpg,https://americanarchive.org/catalog/cpb-aacip-ae82122f8ea,00:30:26.891
cpb-aacip-ae82122f8ea_03932862_01905506_01905502.jpg,https://americanarchive.org/catalog/cpb-aacip-ae82122f8ea,00:31:45.502
cpb-aacip-ae82122f8ea_03932862_02004771_02004768.jpg,https://americanarchive.org/catalog/cpb-aacip-ae82122f8ea,00:33:24.768
cpb-aacip-ae82122f8ea_03932862_02080147_02080143.jpg,https://americanarchive.org/catalog/cpb-aacip-ae82122f8ea,00:34:40.143
cpb-aacip-ae82122f8ea_03932862_02289656_02289653.jpg,https://americanarchive.org/catalog/cpb-aacip-ae82122f8ea,00:38:09.653
cpb-aacip-ae82122f8ea_03932862_02763030_02763026.jpg,https://americanarchive.org/catalog/cpb-aacip-ae82122f8ea,00:46:03.026
cpb-aacip-ae82122f8ea_03932862_03150884_03150880.jpg,https://americanarchive.org/catalog/cpb-aacip-ae82122f8ea,00:52:30.880
cpb-aacip-ae82122f8ea_03932862_03521522_03521517.jpg,https://americanarchive.org/catalog/cpb-aacip-ae82122f8ea,00:58:41.517
cpb-aacip-ae82122f8ea_03932862_03610644_03610639.jpg,https://americanarchive.org/catalog/cpb-aacip-ae82122f8ea,01:00:10.639
cpb-aacip-ae82122f8ea_03932862_03696763_03696759.jpg,https://americanarchive.org/catalog/cpb-aacip-ae82122f8ea,01:01:36.759
cpb-aacip-ae82122f8ea_03932862_03812012_03812007.jpg,https://americanarchive.org/catalog/cpb-aacip-ae82122f8ea,01:03:32.007
cpb-aacip-afc3842bf64_01931129_00148382_00148381.jpg,https://americanarchive.org/catalog/cpb-aacip-afc3842bf64,00:02:28.381
cpb-aacip-afc3842bf64_01931129_00350884_00350883.jpg,https://americanarchive.org/catalog/cpb-aacip-afc3842bf64,00:05:50.883
cpb-aacip-afc3842bf64_01931129_00366400_00366399.jpg,https://americanarchive.org/catalog/cpb-aacip-afc3842bf64,00:06:06.399
cpb-aacip-afc3842bf64_01931129_00640774_00640773.jpg,https://americanarchive.org/catalog/cpb-aacip-afc3842bf64,00:10:40.773
cpb-aacip-afc3842bf64_01931129_00672272_00672271.jpg,https://americanarchive.org/catalog/cpb-aacip-afc3842bf64,00:11:12.271
cpb-aacip-afc3842bf64_01931129_00885652_00885651.jpg,https://americanarchive.org/catalog/cpb-aacip-afc3842bf64,00:14:45.651
cpb-aacip-afc3842bf64_01931129_01122656_01122654.jpg,https://americanarchive.org/catalog/cpb-aacip-afc3842bf64,00:18:42.654
cpb-aacip-afc3842bf64_01931129_01243277_01243275.jpg,https://americanarchive.org/catalog/cpb-aacip-afc3842bf64,00:20:43.275
cpb-aacip-afc3842bf64_01931129_01259893_01259891.jpg,https://americanarchive.org/catalog/cpb-aacip-afc3842bf64,00:20:59.891
cpb-aacip-afc3842bf64_01931129_01442643_01442641.jpg,https://americanarchive.org/catalog/cpb-aacip-afc3842bf64,00:24:02.641
cpb-aacip-afc3842bf64_01931129_01466133_01466131.jpg,https://americanarchive.org/catalog/cpb-aacip-afc3842bf64,00:24:26.131
cpb-aacip-afc3842bf64_01931129_01669636_01669634.jpg,https://americanarchive.org/catalog/cpb-aacip-afc3842bf64,00:27:49.634
cpb-aacip-d8531135c03_01680712_00107908_00107907.jpg,https://americanarchive.org/catalog/cpb-aacip-d8531135c03,00:01:47.907
cpb-aacip-d8531135c03_01680712_00387020_00387019.jpg,https://americanarchive.org/catalog/cpb-aacip-d8531135c03,00:06:27.019
cpb-aacip-d8531135c03_01680712_00494895_00494894.jpg,https://americanarchive.org/catalog/cpb-aacip-d8531135c03,00:08:14.894
cpb-aacip-d8531135c03_01680712_00542776_00542775.jpg,https://americanarchive.org/catalog/cpb-aacip-d8531135c03,00:09:02.775
cpb-aacip-d8531135c03_01680712_00657024_00657023.jpg,https://americanarchive.org/catalog/cpb-aacip-d8531135c03,00:10:57.023
cpb-aacip-d8531135c03_01680712_00682382_00682381.jpg,https://americanarchive.org/catalog/cpb-aacip-d8531135c03,00:11:22.381
cpb-aacip-e5ad2f810c4_05329924_00149650_00149649.jpg,https://americanarchive.org/catalog/cpb-aacip-e5ad2f810c4,00:02:29.649
cpb-aacip-e5ad2f810c4_05329924_00196396_00196396.jpg,https://americanarchive.org/catalog/cpb-aacip-e5ad2f810c4,00:03:16.396
cpb-aacip-e5ad2f810c4_05329924_00213780_00213780.jpg,https://americanarchive.org/catalog/cpb-aacip-e5ad2f810c4,00:03:33.780
cpb-aacip-e5ad2f810c4_05329924_00306507_00306506.jpg,https://americanarchive.org/catalog/cpb-aacip-e5ad2f810c4,00:05:06.506
cpb-aacip-e5ad2f810c4_05329924_00659026_00659025.jpg,https://americanarchive.org/catalog/cpb-aacip-e5ad2f810c4,00:10:59.025
cpb-aacip-e5ad2f810c4_05329924_00673006_00673005.jpg,https://americanarchive.org/catalog/cpb-aacip-e5ad2f810c4,00:11:13.005
cpb-aacip-e5ad2f810c4_05329924_00688021_00688020.jpg,https://americanarchive.org/catalog/cpb-aacip-e5ad2f810c4,00:11:28.020
cpb-aacip-e5ad2f810c4_05329924_01093260_01093258.jpg,https://americanarchive.org/catalog/cpb-aacip-e5ad2f810c4,00:18:13.258
cpb-aacip-e5ad2f810c4_05329924_01126026_01126024.jpg,https://americanarchive.org/catalog/cpb-aacip-e5ad2f810c4,00:18:46.024
cpb-aacip-e5ad2f810c4_05329924_01201268_01201266.jpg,https://americanarchive.org/catalog/cpb-aacip-e5ad2f810c4,00:20:01.266
cpb-aacip-e5ad2f810c4_05329924_01229029_01229027.jpg,https://americanarchive.org/catalog/cpb-aacip-e5ad2f810c4,00:20:29.027
cpb-aacip-e5ad2f810c4_05329924_01252386_01252384.jpg,https://americanarchive.org/catalog/cpb-aacip-e5ad2f810c4,00:20:52.384
cpb-aacip-e5ad2f810c4_05329924_01735002_01734999.jpg,https://americanarchive.org/catalog/cpb-aacip-e5ad2f810c4,00:28:54.999
cpb-aacip-e5ad2f810c4_05329924_01745012_01745009.jpg,https://americanarchive.org/catalog/cpb-aacip-e5ad2f810c4,00:29:05.009
cpb-aacip-e5ad2f810c4_05329924_01784151_01784149.jpg,https://americanarchive.org/catalog/cpb-aacip-e5ad2f810c4,00:29:44.149
cpb-aacip-e5ad2f810c4_05329924_02287521_02287518.jpg,https://americanarchive.org/catalog/cpb-aacip-e5ad2f810c4,00:38:07.518
cpb-aacip-e5ad2f810c4_05329924_02292526_02292523.jpg,https://americanarchive.org/catalog/cpb-aacip-e5ad2f810c4,00:38:12.523
cpb-aacip-e5ad2f810c4_05329924_02372005_02372002.jpg,https://americanarchive.org/catalog/cpb-aacip-e5ad2f810c4,00:39:32.002
cpb-aacip-e5ad2f810c4_05329924_02535269_02535266.jpg,https://americanarchive.org/catalog/cpb-aacip-e5ad2f810c4,00:42:15.266
cpb-aacip-e5ad2f810c4_05329924_02550384_02550381.jpg,https://americanarchive.org/catalog/cpb-aacip-e5ad2f810c4,00:42:30.381
cpb-aacip-e5ad2f810c4_05329924_02570637_02570634.jpg,https://americanarchive.org/catalog/cpb-aacip-e5ad2f810c4,00:42:50.634
cpb-aacip-e5ad2f810c4_05329924_03027761_03027758.jpg,https://americanarchive.org/catalog/cpb-aacip-e5ad2f810c4,00:50:27.758
cpb-aacip-e5ad2f810c4_05329924_03037004_03037000.jpg,https://americanarchive.org/catalog/cpb-aacip-e5ad2f810c4,00:50:37.000
cpb-aacip-e5ad2f810c4_05329924_03083517_03083513.jpg,https://americanarchive.org/catalog/cpb-aacip-e5ad2f810c4,00:51:23.513
cpb-aacip-e5ad2f810c4_05329924_03514014_03514010.jpg,https://americanarchive.org/catalog/cpb-aacip-e5ad2f810c4,00:58:34.010
cpb-aacip-e5ad2f810c4_05329924_03642142_03642138.jpg,https://americanarchive.org/catalog/cpb-aacip-e5ad2f810c4,01:00:42.138
cpb-aacip-e5ad2f810c4_05329924_03703504_03703499.jpg,https://americanarchive.org/catalog/cpb-aacip-e5ad2f810c4,01:01:43.499
cpb-aacip-e5ad2f810c4_05329924_03806406_03806402.jpg,https://americanarchive.org/catalog/cpb-aacip-e5ad2f810c4,01:03:26.402
cpb-aacip-e5ad2f810c4_05329924_03818018_03818014.jpg,https://americanarchive.org/catalog/cpb-aacip-e5ad2f810c4,01:03:38.014
cpb-aacip-e5ad2f810c4_05329924_03918652_03918648.jpg,https://americanarchive.org/catalog/cpb-aacip-e5ad2f810c4,01:05:18.648
cpb-aacip-e5ad2f810c4_05329924_04285886_04285881.jpg,https://americanarchive.org/catalog/cpb-aacip-e5ad2f810c4,01:11:25.881
cpb-aacip-e5ad2f810c4_05329924_04393393_04393389.jpg,https://americanarchive.org/catalog/cpb-aacip-e5ad2f810c4,01:13:13.389
cpb-aacip-e5ad2f810c4_05329924_04427027_04427022.jpg,https://americanarchive.org/catalog/cpb-aacip-e5ad2f810c4,01:13:47.022
cpb-aacip-e5ad2f810c4_05329924_04922656_04922651.jpg,https://americanarchive.org/catalog/cpb-aacip-e5ad2f810c4,01:22:02.651
cpb-aacip-e5ad2f810c4_05329924_05079646_05079641.jpg,https://americanarchive.org/catalog/cpb-aacip-e5ad2f810c4,01:24:39.641
cpb-aacip-e5ad2f810c4_05329924_05160027_05160021.jpg,https://americanarchive.org/catalog/cpb-aacip-e5ad2f810c4,01:26:00.021
cpb-aacip-f726aa4a830_03502799_00640007_00640006.jpg,https://americanarchive.org/catalog/cpb-aacip-f726aa4a830,00:10:40.006
cpb-aacip-f726aa4a830_03502799_03182382_03182379.jpg,https://americanarchive.org/catalog/cpb-aacip-f726aa4a830,00:53:02.379
cpb-aacip-f726aa4a830_03502799_03239406_03239402.jpg,https://americanarchive.org/catalog/cpb-aacip-f726aa4a830,00:53:59.402
